84905682,000126797,ALCOM ELECTRONICOS DE MEXICO,SWITCH ASM-STRG,ARC110DA
84229027,077472228,INTERNATIONAL AUTOMOTIVE COMPONENTS,BRACKET-I/P COM,ARC110DA
84229028,077472228,CITIC DICASTAL CO LTD PRODUCTION FA,WHEEL-22X9.0J A,ARC110DA
84229288,077472228,CITIC DICASTAL CO LTD PRODUCTION FA,WHEEL 20X9 0 J,ARC110DA
84229313,077472228,CITIC DICASTAL CO LTD PRODUCTION FA,WHEEL-FRT & RR,ARC110DA
84229314,077472228,CITIC DICASTAL CO LTD PRODUCTION FA,WHEEL,ARC110DA
84229324,077472228,CITIC DICASTAL CO LTD PRODUCTION FA,WHEEL,ARC110DA
84229325,077472228,CITIC DICASTAL CO LTD PRODUCTION FA,WHEEL-FRT & RR,ARC110DA
84229326,077472228,CITIC DICASTAL CO LTD PRODUCTION FA,WHEEL-FRT & RR,ARC110DA
84229327,077472228,CITIC DICASTAL CO LTD PRODUCTION FA,WHEEL,ARC110DA
84364849,077472228,HOSIDEN AMERICA CORP,MICROPHONE ASM-,ARC110DA
84364850,077472228,NORTHERN STAMPING CO,CROSSMEMBER ASM,ARC110DA
84442676,077472228,NORTHERN STAMPING CO,CROSSMEMBER ASM,ARC110DA
84442677,077472228,NORTHERN STAMPING CO,CROSSMEMBER ASM,ARC110DA
84442678,077472228,NORTHERN STAMPING CO,CROSSMEMBER ASM,ARC110DA
84442679,077472228,PLANT 14,TANK ASM-RAD SU,ARC110DA
84442680,077472228,NEXTEER AUTOMOTIVE CORP-PLT 40,SHAFT ASM-INTER,ARC110DA
84442681,077472228,NEXTEER AUTOMOTIVE CORP-PLT 40,SHAFT ASM-UPR I,ARC110DA
84843824,077472228,NEXTEER AUTOMOTIVE CORP-PLT 40,SHAFT ASM-UPR I,ARC110DA
84843825,077472228,DENSO INTERNATIONAL AMERICA,COMPRESSOR ASM-,ARC110DA
84925829,077472228,DENSO INTERNATIONAL AMERICA,COMPRESSOR ASM-,ARC110DA
84925830,077472228,DENSO INTERNATIONAL AMERICA,COMPRESSOR ASM-,ARC110DA
84925835,077472228,BOSE CORP,SPEAKER ASM-RDO,ARC110DA
84925836,077472228,VENTRAMEX SA DE C V,TOOL KIT-.,ARC110DA
84925837,077472228,CONTINENTAL AUTOMOTIVE NOGALES SA,MODULE ASM-ACSR,ARC110DA
84925838,077472228,CONTINENTAL AUTOMOTIVE NOGALES SA,MODULE PKG-ASST,ARC110DA
85546944,077472228,BUEHLER MOTOR DE MEXICO S DE RL DE,PUMP ASM-AUX WA,ARC110DA
85546945,077472228,BUEHLER MOTOR DE MEXICO S DE RL DE,PUMP ASM-AUX WA,ARC110DA
85546946,077472228,GATES DE MEXICO SA DE CV,BELT-ACSRY DRV,ARC110DA
85546947,077472228,AURIA OLD FORT LLC,CARPET ASM-R/FL,ARC110DA
85547996,078738786,AURIA OLD FORT LLC,CARPET ASM-R/FL,ARC110DA
85547846,078746685,AURIA OLD FORT LLC,CARPET ASM-R/FL,ARC110DA
12721347,079777903,AURIA OLD FORT LLC,CARPET ASM-R/FL,ARC110DA
12721346,079777903,AURIA OLD FORT LLC,CARPET ASM-R/FL,ARC110DA
40009107,079777903,LEAR CORP,COVER-3RD ROW S,ARC110DA
84278338,079777903,LEAR CORP,COVER-3RD ROW S,ARC110DA
85691990,079833491,LEAR CORP,COVER-3RD ROW S,ARC110DA
86379596,079833491,LEAR CORP,COVER-3RD ROW S,ARC110DA
86379597,079833491,LEAR CORP,COVER-3RD ROW S,ARC110DA
13545869,080587458,LEAR CORP,COVER-3RD ROW S,ARC110DA
13547758,080587458,LEAR CORP,COVER-3RD ROW S,ARC110DA
13545326,080587458,LEAR CORP,COVER-3RD ROW S,ARC110DA
13546098,080587458,LEAR CORP,COVER-3RD ROW S,ARC110DA
13566311,080587458,LEAR CORP,COVER-3RD ROW S,ARC110DA
13568204,080587458,LEAR CORP,COVER-3RD ROW S,ARC110DA
13572129,080587458,LEAR CORP,COVER-3RD ROW S,ARC110DA
55496995,117466627,LEAR CORP,COVER-3RD ROW S,ARC110DA
84941398,117466627,LEAR CORP,COVER-3RD ROW S,ARC110DA
84941399,117466627,LEAR CORP,COVER-3RD ROW S,ARC110DA
84941400,117466627,LEAR CORP,COVER-3RD ROW S,ARC110DA
86326585,117680485,LEAR CORP,COVER-3RD ROW S,ARC110DA
86462011,117680485,LEAR CORP,COVER-3RD ROW S,ARC110DA
86462014,117680485,LEAR CORP,COVER-3RD ROW S,ARC110DA
86462015,117680485,LEAR CORP,COVER-3RD ROW S,ARC110DA
84266860,077472228,LEAR CORP,COVER-3RD ROW S,ARC110DA
84266994,077472228,LEAR CORP,COVER-3RD ROW S,ARC110DA
86462017,117680485,LEAR CORP,COVER-3RD ROW S,ARC110DA
86488925,117680485,LEAR CORP,COVER-3RD ROW S,ARC110DA
86488926,117680485,LEAR CORP,COVER-R/SEAT TR,ARC110DA
23390381,119458036,LEAR CORP,COVER-R/SEAT TR,ARC110DA
84273180,119458036,LEAR CORP,COVER-R/SEAT TR,ARC110DA
84269941,141148051,LEAR CORP,COVER ASM-R/SEA,ARC110DA
84269942,141148051,LEAR CORP,COVER ASM-R/SEA,ARC110DA
84269943,141148051,LEAR CORP,COVER ASM-R/SEA,ARC110DA
84269944,141148051,LEAR CORP,COVER ASM-R/SEA,ARC110DA
86332159,141148051,LEAR CORP,COVER ASM-R/SEA,ARC110DA
84186652,802733253,LEAR CORP,COVER ASM-R/SEA,ARC110DA
85628196,802733253,LEAR CORP,COVER ASM-R/SEA,ARC110DA
85639762,802733253,FLEX-N-GATE MEXICO S DE RL DE CV,STOP-BAT TRAY,ARC110DA
85639763,802733253,MEXAURIA S DE RL DE CV,MAT ASM-R/FLR,ARC110DA
11546340,808532071,MEXAURIA S DE RL DE CV,MAT ASM-R/FLR,ARC110DA
11604234,808532071,SHANGHAI BAOLONG AUTOMOTIVE CORP,STEM=T/VLV,ARC110DA
11609759,808532071,PHINIA TECHNOLOGIES HOLDINGS MEXICO,CANISTER ASM-EV,ARC110DA
12637349,809576882,PHINIA TECHNOLOGIES HOLDINGS MEXICO,CANISTER ASM-AU,ARC110DA
12669858,809576882,PHINIA TECHNOLOGIES HOLDINGS MEXICO,CANISTER A,ARC110DA
84926432,829173934,INTEVA PRODUCTS LLC,PLATE ASM,ARC110DA
84956255,928149256,INTEVA PRODUCTS LLC,PANEL ASM,ARC110DA
84956259,928149256,INTEVA PRODUCTS LLC,PANEL ASM,ARC110DA
84533152,966350811,INTEVA PRODUCTS LLC,PAD ASM-I/P CTR,ARC110DA
84980918,966350811,INTEVA PRODUCTS LLC,PAD ASM-I/P CTR,ARC110DA
09132667,050516009,INTEVA PRODUCTS LLC,PAD ASM-I/P CTR,ARC110L
85607595,067392746,INTEVA PRODUCTS LLC,PAD ASM-I/P CTR,ARC110L
85607597,067392746,INTEVA PRODUCTS LLC,PAD ASM-I/P CTR,ARC110L
85607596,067392746,INTEVA PRODUCTS LLC,PAD ASM-I/P CTR,ARC110L
85607598,067392746,INTEVA PRODUCTS LLC,PAD ASM-I/P CTR,ARC110L
84512048,084585152,INTEVA PRODUCTS LLC,COVER-IGN LK CY,ARC110L
84669595,084585152,INTEVA PRODUCTS LLC,COVER-IGN LK CY,ARC110L
85563532,084585152,INTEVA PRODUCTS LLC,COVER-IGN LK CY,ARC110L
84819520,101180995,INTEVA PRODUCTS LLC,COVER-IGN LK CY,ARC110L
12711948,117871973,INTEVA PRODUCTS LLC,COVER-IGN LK CY,ARC110L
40009480,117871973,INTEVA PRODUCTS LLC,COVER-IGN LK CY,ARC110L
24070739,117871973,INTEVA PRODUCTS LLC,PANEL ASM-I/P L,ARC110L
84830622,118212929,INTEVA PRODUCTS LLC,PANEL ASM,ARC110L
85003751,118212929,INTEVA PRODUCTS LLC,PAD ASM-I/P TR,ARC110L
85003753,118212929,INTEVA PRODUCTS LLC,PAD ASM-I/P TR,ARC110L
85002878,131002078,INTEVA PRODUCTS LLC,PANEL ASM-I/P L,ARC110L
13581570,783350853,INTEVA PRODUCTS LLC,PAD ASM-I/P TR,ARC110L
13581571,783350853,INTEVA PRODUCTS LLC,PAD ASM-I/P TR,ARC110L
11610524,808532071,INTEVA PRODUCTS LLC,PAD ASM-I/P TR,ARC110L
11507067,808532071,INTEVA PRODUCTS LLC,PAD ASM-I/P TR,ARC110L
11546583,808532071,INTEVA PRODUCTS LLC,PAD ASM-I/P TR,ARC110L
11546868,808532071,INTEVA PRODUCTS LLC,PAD ASM-I/P TR,ARC110L
11548298,808532071,INTEVA PRODUCTS LLC,PAD ASM-I/P TR,ARC110L
11548581,808532071,INTEVA PRODUCTS LLC,PAD ASM-I/P TR,ARC110L
11548583,808532071,INTEVA PRODUCTS LLC,PAD ASM-I/P TR,ARC110L
11548585,808532071,INTEVA PRODUCTS LLC,PAD ASM-I/P TR,ARC110L
11548588,808532071,INTEVA PRODUCTS LLC,PAD ASM-I/P TR,ARC110L
11548590,808532071,INTEVA PRODUCTS LLC,PAD ASM-I/P TR,ARC110L
11603682,808532071,INTEVA PRODUCTS LLC,PAD ASM-I/P TR,ARC110L
11604425,808532071,INTEVA PRODUCTS LLC,PANEL ASM-I/P L,ARC110L
11609952,808532071,INTEVA PRODUCTS LLC,PANEL ASM-I/P L,ARC110L
11610665,808532071,INTEVA PRODUCTS LLC,PANEL ASM-I/P L,ARC110L
84921048,869000067,INTEVA PRODUCTS LLC,PANEL ASM-I/P L,ARC110L
84921049,869000067,INTEVA PRODUCTS LLC,PANEL ASM-I/P L,ARC110L
86780899,869000067,INTEVA PRODUCTS LLC,PANEL ASM-I/P L,ARC110L
86780900,869000067,INTEVA PRODUCTS LLC,PANEL ASM-I/P L,ARC110L
12706610,961973638,INTEVA PRODUCTS LLC,PAD ASM-I/P TR,ARC110L
12730245,961973638,INTEVA PRODUCTS LLC,PAD ASM-I/P TR,ARC110L
12740722,961973638,INTEVA PRODUCTS LLC,PAD ASM-I/P TR,ARC110L
12690554,961973638,INTEVA PRODUCTS LLC,PAD ASM-I/P TR,ARC110L
12690817,961973638,INTEVA PRODUCTS LLC,PLATE ASM-I/P R,ARC110L
24050511,961973638,INTEVA PRODUCTS LLC,PLATE ASM-I/P R,ARC110L
24293211,961973638,INTEVA PRODUCTS LLC,PLATE ASM-I/P R,ARC110L
55496412,961973638,INTEVA PRODUCTS LLC,PLATE ASM-I/P R,ARC110L
84688688,961973638,INTEVA PRODUCTS LLC,PAD ASM-I/P TR,ARC110L
84645646,812828987,INTEVA PRODUCTS LLC,PAD ASM-I/P TR,ARC210EA
86282398,951568408,INTEVA PRODUCTS LLC,PANEL ASM-I/P U,ARC210EA
86282399,951568408,INTEVA PRODUCTS LLC,PANEL ASM-I/P U,ARC210EA
86282400,951568408,INTEVA PRODUCTS LLC,PANEL ASM-I/P U,ARC210EA
86439494,951568408,INTEVA PRODUCTS LLC,PANEL ASM-I/P U,ARC210EA
85875236,620896436,INTEVA PRODUCTS LLC,PANEL ASM-I/P U,ARC210EA
85875237,620896436,INTEVA PRODUCTS LLC,PAD ASM-I/P TR,ARC210EA
85875238,620896436,INTEVA PRODUCTS LLC,PAD ASM-I/P TR,ARC210EA
85875239,620896436,INTEVA PRODUCTS LLC,PAD ASM-I/P TR,ARC210EA
85875244,620896436,INTEVA PRODUCTS LLC,PAD ASM-I/P TR,ARC210EA
85875245,620896436,INTEVA PRODUCTS LLC,PAD ASM-I/P TR,ARC210EA
85875247,620896436,INTEVA PRODUCTS LLC,PANEL ASM-I/P U,ARC210EA
85875248,620896436,INTEVA PRODUCTS LLC,PANEL ASM-I/P U,ARC210EA
85875250,620896436,INTEVA PRODUCTS LLC,PLATE ASM-I/P R,ARC210EA
85875252,620896436,INTEVA PRODUCTS LLC,PLATE ASM-I/P R,ARC210EA
85875253,620896436,INTEVA PRODUCTS LLC,PLATE ASM-I/P R,ARC210EA
85875255,620896436,INTEVA PRODUCTS LLC,PLATE ASM-I/P R,ARC210EA
85875256,620896436,INTEVA PRODUCTS LLC,PLATE ASM-I/P R,ARC210EA
86357180,620896436,INTEVA PRODUCTS LLC,PLATE ASM-I/P R,ARC210EA
86409760,620896436,INTEVA PRODUCTS LLC,PLATE ASM-I/P R,ARC210EA
86427275,620896436,INTEVA PRODUCTS LLC,PLATE ASM-I/P R,ARC210EA
86434691,620896436,INTEVA PRODUCTS LLC,PLATE ASM-I/P R,ARC210EA
86434692,620896436,INTEVA PRODUCTS LLC,PLATE ASM-I/P R,ARC210EA
85693712,000202667,INTEVA PRODUCTS LLC,PANEL ASM-I/P L,ARC210EA
84534437,000236455,INTEVA PRODUCTS LLC,PLATE ASM-I/P C,ARC210EA
84668355,000236455,INTEVA PRODUCTS LLC,PLATE ASM-I/P C,ARC210EA
23407367,812548816,SHANGHAI TIANMA MICROELECTRONICS CO,CONTROL ASM-HTR,ARC210EA
85745658,812816935,INTEVA PRODUCTS LLC,COVER ASM,ARC210EA
85745660,812816935,INTEVA PRODUCTS LLC,PLATE ASM-I/P R,ARC210EA
85745661,812816935,INTEVA PRODUCTS LLC,HOOD ASM-I/P IN,ARC210EA
85745662,812816935,INTEVA PRODUCTS LLC,HOOD ASM-I/P IN,ARC210EA
85745663,812816935,INTEVA PRODUCTS LLC,COVER ASM,ARC210EA
85745664,812816935,INTEVA PRODUCTS LLC,COVER ASM,ARC210EA
85745665,812816935,INTEVA PRODUCTS LLC,COVER ASM,ARC210EA
85745666,812816935,INTEVA PRODUCTS LLC,COVER ASM,ARC210EA
85745667,812816935,INTEVA PRODUCTS LLC,COVER ASM,ARC210EA
85745668,812816935,INTEVA PRODUCTS LLC,COVER ASM,ARC210EA
85745669,812816935,INTEVA PRODUCTS LLC,COVER ASM-I/P S,ARC210EA
85749914,812816935,INTEVA PRODUCTS LLC,COVER ASM-I/P S,ARC210EA
85749915,812816935,INTEVA PRODUCTS LLC,COVER ASM-I/P S,ARC210EA
85749917,812816935,INTEVA PRODUCTS LLC,PLATE ASM-I/P R,ARC210EA
85750970,812816935,INTEVA PRODUCTS LLC,HOOD ASM-I/P IN,ARC210EA
85750971,812816935,INTEVA PRODUCTS LLC,HOOD ASM-I/P IN,ARC210EA
85822484,812816935,INTEVA PRODUCTS LLC,HOOD ASM-I/P IN,ARC210EA
86418271,812816935,INTEVA PRODUCTS LLC,HOOD ASM-I/P IN,ARC210EA
13546301,813179439,INTEVA PRODUCTS LLC,COVER ASM-I/P O,ARC210EA
13560199,813179439,INTEVA PRODUCTS LLC,COVER ASM-I/P F,ARC210EA
13560204,813179439,INTEVA PRODUCTS LLC,COVER ASM-I/P S,ARC210EA
13560207,813179439,INTEVA PRODUCTS LLC,COVER ASM-I/P S,ARC210EA
13560220,813179439,QUANTA COMPUTER INC,MODULE ASM-ACTI,ARC210EA
13560904,813179439,QUANTA COMPUTER INC,MODULE ASM-ACTI,ARC210EA
85038860,813179439,QUANTA COMPUTER INC,MODULE ASM-ACTI,ARC210EA
86304241,813179439,QUANTA COMPUTER INC,MODULE ASM-ACTI,ARC210EA
13563311,816143630,QUANTA COMPUTER INC,MODULE ASM-ACTI,ARC210EA
14515726,816143630,QUANTA COMPUTER INC,MODULE ASM-ACTI,ARC210EA
85826767,816143630,SHANGHAI TIANMA MICRO-ELECTRONICS C,CONTROL ASM-HTR,ARC210EA
84925981,816165849,BH EVS CO LTD,MODULE ASM-WIRE,ARC210EA
84926030,816165849,BH EVS CO LTD,MODULE ASM-WIRE,ARC210EA
84926031,816165849,BH EVS CO LTD,MODULE ASM-WIRE,ARC210EA
84959172,816165849,BH EVS CO LTD,MODULE ASM-WIRE,ARC210EA
84959173,816165849,APTIV PLC,RECEPTACLE ASM-,ARC210EA
85026983,816165849,APTIV PLC,RECEPTACLE ASM-,ARC210EA
85093968,816165849,NIDEC MOBILITY AMERICA CORP,CONVERTER ASM-M,ARC210EA
85093969,816165849,NIDEC MOBILITY AMERICA CORP,SWITCH ASM-DIMR,ARC210EA
85093970,816165849,NIDEC MOBILITY AMERICA CORP,SWITCH ASM-ON/O,ARC210EA
85093971,816165849,NIDEC MOBILITY AMERICA CORP,MODULE ASM-TRLR,ARC210EA
85093973,816165849,LEAR OPERATIONS CORP,CAP-F/SEAT CTR,ARC210EA
85093974,816165849,LEAR OPERATIONS CORP,CAP-F/SEAT CTR,ARC210EA
85093975,816165849,GP STRATEGIES CORP,BAG-DIGITAL RDO,ARC210EA
85093976,816165849,GP STRATEGIES CORP,BAG-DIGITAL RDO,ARC210EA
85517011,816165849,GP STRATEGIES CORP,MANUAL,ARC210EA
85517012,816165849,GP STRATEGIES CORP,MANUAL,ARC210EA
85655883,816165849,GP STRATEGIES CORP,MANUAL,ARC210EA
85783010,816165849,GP STRATEGIES CORP,BAG-DIGITAL RDO,ARC210EA
86305685,816165849,GP STRATEGIES CORP,MANUAL-ESSENTIA,ARC210EA
86305686,816165849,GP STRATEGIES CORP,MANUAL-ESSENTIA,ARC210EA
86356800,816165849,GP STRATEGIES CORP,MANUAL-ESSENTIA,ARC210EA
86356803,816165849,GP STRATEGIES CORP,SUPPLEMENT-OWNE,ARC210EA
86356804,816165849,GP STRATEGIES CORP,SUPPLEMENT-OWNE,ARC210EA
86356806,816165849,SOUND SOLUTIONS HOLDING BV,SPEAKER ASM-REG,ARC210EA
86356807,816165849,SOUND SOLUTIONS HOLDING BV,SPEAKER ASM-REG,ARC210EA
86356808,816165849,SCHRADER ELECTRONICS LTD,SENSOR ASM-TIRE,ARC210EA
86356809,816165849,SCHRADER ELECTRONICS LTD,SENSOR ASM-TIRE,ARC210EA
86356810,816165849,GENERAL MOTORS DE MEX S DE RL DE CV,TRANS 6SCJ,ARC210EA
86357072,816165849,GENERAL MOTORS DE MEX S DE RL DE CV,TRANS 6SKJ,ARC210EA
86357073,816165849,GENERAL MOTORS DE MEX S DE RL DE CV,TRANS 6UCJ,ARC210EA
86357074,816165849,GENERAL MOTORS DE MEX S DE RL DE CV,TRANS 6UKJ,ARC210EA
86357075,816165849,SUPER AUTO FORGE LTD,LINK ASM-RR SUS,ARC210EA
86357076,816165849,SUPER AUTO FORGE LTD,LINK ASM-RR SUS,ARC210EA
86357078,816165849,SUPER AUTO FORGE LTD,LINK ASM-RR SUS,ARC210EA
86357079,816165849,BWI NORTH AMERICA INC,SPRING ASM-FRT,ARC210EA
86357080,816165849,BWI NORTH AMERICA INC,SPRING ASM-FRT,ARC210EA
86357081,816165849,BWI NORTH AMERICA INC,SPRING ASM-RR A,ARC210EA
86357082,816165849,BWI NORTH AMERICA INC,SPRING ASM-RR A,ARC210EA
86357084,816165849,BWI NORTH AMERICA INC,MODULE ASM-AUTO,ARC210EA
86357085,816165849,BWI NORTH AMERICA INC,SPRING ASM-RR C,ARC210EA
86357086,816165849,BWI NORTH AMERICA INC,SPRING ASM-RR C,ARC210EA
86357092,816165849,BWI NORTH AMERICA INC,SPRING ASM-RR C,ARC210EA
86357093,816165849,BWI NORTH AMERICA INC,SPRING ASM-RR C,ARC210EA
86357094,816165849,BWI NORTH AMERICA INC,SPRING ASM-RR C,ARC210EA
86373180,816165849,BWI NORTH AMERICA INC,SPRING ASM-RR C,ARC210EA
86373181,816165849,BWI NORTH AMERICA INC,SPRING ASM-RR C,ARC210EA
86438182,816165849,BWI NORTH AMERICA INC,SPRING ASM-RR C,ARC210EA
86438183,816165849,BWI NORTH AMERICA INC,SPRING ASM-RR C,ARC210EA
86438184,816165849,BWI NORTH AMERICA INC,SPRING ASM-RR C,ARC210EA
86438185,816165849,BWI NORTH AMERICA INC,SPRING ASM-RR C,ARC210EA
86438186,816165849,BWI NORTH AMERICA INC,SPRING ASM-RR C,ARC210EA
86438187,816165849,BWI NORTH AMERICA INC,SPRING ASM-RR C,ARC210EA
86592103,816165849,BWI NORTH AMERICA INC,SPRING ASM-RR C,ARC210EA
86823949,816165849,BWI NORTH AMERICA INC,SPRING ASM-RR C,ARC210EA
86823952,816165849,BWI NORTH AMERICA INC,SPRING ASM-RR C,ARC210EA
85072182,823772843,BWI NORTH AMERICA INC,SPRING ASM-RR C,ARC210EA
85072183,823772843,BWI NORTH AMERICA INC,SPRING ASM-FRT,ARC210EA
85072184,823772843,BWI NORTH AMERICA INC,SPRING ASM-FRT,ARC210EA
85072185,823772843,BWI NORTH AMERICA INC,SPRING ASM-FRT,ARC210EA
85072186,823772843,BWI NORTH AMERICA INC,SPRING ASM-FRT,ARC210EA
85072187,823772843,BWI NORTH AMERICA INC,SPRING ASM-FRT,ARC210EA
85072188,823772843,BWI NORTH AMERICA INC,SPRING ASM-FRT,ARC210EA
84883986,000190694,BWI NORTH AMERICA INC,SPRING ASM-FRT,ARC210LA
85721972,589558878,BWI NORTH AMERICA INC,SPRING ASM-FRT,ARC210LA
86322473,589558878,BWI NORTH AMERICA INC,SPRING ASM-FRT,ARC210LA
86322474,589558878,BWI NORTH AMERICA INC,SPRING ASM-FRT,ARC210LA
86322475,589558878,BWI NORTH AMERICA INC,SPRING ASM-FRT,ARC210LA
85623494,812829680,BWI NORTH AMERICA INC,SPRING ASM-FRT,ARC210LA
85825133,812829680,BWI NORTH AMERICA INC,SPRING ASM-FRT,ARC210LA
85866735,816508899,BWI NORTH AMERICA INC,SPRING ASM-FRT,ARC210LA
85866736,816508899,BWI NORTH AMERICA INC,SPRING ASM-FRT,ARC210LA
86307420,816508899,BWI NORTH AMERICA INC,SPRING ASM-FRT,ARC210LA
86307421,816508899,BWI NORTH AMERICA INC,SPRING ASM-FRT,ARC210LA
40009597,812489474,BWI NORTH AMERICA INC,SPRING ASM-FRT,ARC210LA
40009632,812489474,BWI NORTH AMERICA INC,SPRING ASM-FRT,ARC210LA
13569949,588101217,BWI NORTH AMERICA INC,SPRING ASM-FRT,ARC210LBA
55496936,811757269,BWI NORTH AMERICA INC,SPRING ASM-FRT,ARC210LBA
24045590,812828987,BWI NORTH AMERICA INC,SPRING ASM-FRT,ARC210LBA
84964791,812828987,BWI NORTH AMERICA INC,SPRING ASM-FRT,ARC210LBA
84964792,812828987,BWI NORTH AMERICA INC,SPRING ASM-FRT,ARC210LBA
84965692,812828987,BWI NORTH AMERICA INC,SPRING ASM-FRT,ARC210LBA
85661554,812828987,BWI NORTH AMERICA INC,SPRING ASM-FRT,ARC210LBA
87838588,812828987,BWI NORTH AMERICA INC,SPRING ASM-FRT,ARC210LBA
84645645,812828987,BWI NORTH AMERICA INC,SPRING ASM-FRT,ARC210LBA
84645647,812828987,INTERNATIONAL AUTOMOTIVE COMPNT GRP,BRACKET ASM-F/F,ARC210LBA
84645650,812828987,INTERNATIONAL AUTOMOTIVE COMPNT GRP,BRACKET ASM-F/F,ARC210LBA
84645651,812828987,INTERNATIONAL AUTOMOTIVE COMPNT GRP,BRACKET ASM-F/F,ARC210LBA
84645652,812828987,INTERNATIONAL AUTOMOTIVE COMPNT GRP,BRACKET-F/FLR C,ARC210LBA
84689046,812828987,INTERNATIONAL AUTOMOTIVE COMPNT GRP,BRACKET-F/FLR C,ARC210LBA
86807806,812828987,INTERNATIONAL AUTOMOTIVE COMPNT GRP,BRACKET ASM-F/F,ARC210LBA
87864512,812828987,BWI NORTH AMERICA INC,RESERVOIR ASM-A,ARC210LBA
85852600,951767176,INTERNATIONAL AUTOMOTIVE COMPNT GRP,PLATE ASM-F/FLR,ARC210LBA
85852601,951767176,INTERNATIONAL AUTOMOTIVE COMPNT GRP,PLATE ASM-F/FLR,ARC210LBA
85852602,951767176,INTERNATIONAL AUTOMOTIVE COMPNT GRP,INSULATOR ASM-I,ARC210LBA
85852605,951767176,INTERNATIONAL AUTOMOTIVE COMPNT GRP,INSULATOR ASM-I,ARC210LBA
85852606,951767176,INTERNATIONAL AUTOMOTIVE COMPNT GRP,INSULATOR ASM-I,ARC210LBA
85852607,951767176,INTERNATIONAL AUTOMOTIVE COMPNT GRP,INSULATOR ASM-I,ARC210LBA
85852609,951767176,INTERNATIONAL AUTOMOTIVE COMPNT GRP,INSULATOR ASM-I,ARC210LBA
85852610,951767176,CITIC DICASTAL CO LTD PRODUCTION FA,WHEEL,ARC210LBA
85852612,951767176,CITIC DICASTAL CO LTD PRODUCTION FA,WHEEL,ARC210LBA
85852613,951767176,CITIC DICASTAL CO LTD PRODUCTION FA,WHEEL-SPA,ARC210LBA
85852616,951767176,GRUPO ABC DE MEXICO SA DE CV,COMPARTMENT ASM,ARC210LBA
85852617,951767176,GRUPO ABC DE MEXICO SA DE CV,PANEL ASM-LOAD,ARC210LBA
85852618,951767176,GRUPO ABC DE MEXICO SA DE CV,PANEL ASM-LOAD,ARC210LBA
85852621,951767176,GRUPO ABC DE MEXICO SA DE CV,PANEL ASM-LOAD,ARC210LBA
85852623,951767176,GRUPO ABC DE MEXICO SA DE CV,PANEL ASM-LOAD,ARC210LBA
85852627,951767176,GRUPO ABC DE MEXICO SA DE CV,PANEL ASM-LOAD,ARC210LBA
85852630,951767176,GRUPO ABC DE MEXICO SA DE CV,PANEL ASM-LOAD,ARC210LBA
85852631,951767176,GRUPO ABC DE MEXICO SA DE CV,PANEL ASM-LOAD,ARC210LBA
85852632,951767176,GRUPO ABC DE MEXICO SA DE CV,PANEL ASM-LOAD,ARC210LBA
85852634,951767176,GRUPO ABC DE MEXICO SA DE CV,PANEL ASM-LOAD,ARC210LBA
85852636,951767176,GRUPO ABC DE MEXICO SA DE CV,PANEL ASM-LOAD,ARC210LBA
85852638,951767176,GRUPO ABC DE MEXICO SA DE CV,PANEL ASM-LOAD,ARC210LBA
85852639,951767176,GRUPO ABC DE MEXICO SA DE CV,PANEL ASM-LOAD,ARC210LBA
85852640,951767176,ABC TECHNOLOGIES INC,TRIM ASM-R/CMPT,ARC210LBA
85852642,951767176,ABC TECHNOLOGIES INC,TRIM ASM-R/CMPT,ARC210LBA
85852643,951767176,ABC TECHNOLOGIES INC,TRIM ASM-R/CMPT,ARC210LBA
85852646,951767176,ABC TECHNOLOGIES INC,TRIM ASM-R/CMPT,ARC210LBA
85852647,951767176,LEAR CORPORATION,COVER-R/SEAT TR,ARC210LBA
85852648,951767176,LEAR CORPORATION,COVER-R/SEAT TR,ARC210LBA
85852650,951767176,LEAR CORPORATION,COVER-R/SEAT TR,ARC210LBA
85852654,951767176,LEAR CORPORATION,COVER-R/SEAT TR,ARC210LBA
85852655,951767176,LEAR CORPORATION,COVER-R/SEAT TR,ARC210LBA
85852656,951767176,LEAR CORPORATION,COVER-R/SEAT TR,ARC210LBA
85852657,951767176,LEAR CORPORATION,COVER-R/SEAT TR,ARC210LBA
85852658,951767176,LEAR CORPORATION,COVER-R/SEAT TR,ARC210LBA
85852660,951767176,LEAR CORPORATION,COVER-R/SEAT TR,ARC210LBA
85852669,951767176,LEAR CORPORATION,COVER-R/SEAT TR,ARC210LBA
85852670,951767176,LEAR CORPORATION,COVER-R/SEAT TR,ARC210LBA
85852671,951767176,LEAR CORPORATION,COVER-R/SEAT TR,ARC210LBA
85852672,951767176,LEAR CORPORATION,COVER-R/SEAT TR,ARC210LBA
85852673,951767176,LEAR CORPORATION,COVER-R/SEAT TR,ARC210LBA
85852674,951767176,LEAR CORPORATION,COVER-R/SEAT TR,ARC210LBA
85852675,951767176,LEAR CORPORATION,COVER-R/SEAT TR,ARC210LBA
85852677,951767176,HIRSCHMANN CAR COMMUNICATION,ANTENNA AS,ARC210LBA
12731926,000202240,DY AMERICA INC,SPACER-R/WDO WP,ARC210LBA
13559183,052507980,DY AMERICA INC,MOTOR ASM-R/WDO,ARC210LBA
12699309,080203455,DY AMERICA INC,BLADE ASM-R/WDO,ARC210LBA
12708520,080203455,BRIDGESTONE AMERICAS TIRE,TIRE 275/55R20,ARC210LBA
12728739,080203455,BRIDGESTONE AMERICAS TIRE,TIRE-FRT & RR,ARC210LBA
12728740,080203455,BRIDGESTONE AMERICAS TIRE,TIRE-FRT & RR,ARC210LBA
12729666,080203455,CHENG SHIN RUBBER USA INC,TIRE-SPA,ARC210LBA
12729667,080203455,PILKINGTON NORTH AMERICA INC,BEZEL-R/D I/S H,ARC210LBA
12734901,080203455,PILKINGTON NORTH AMERICA INC,WINDOW ASM-R/CM,ARC210LBA
12742640,080203455,PILKINGTON NORTH AMERICA INC,WINDOW ASM-R/CM,ARC210LBA
84649214,080203455,"COLD HEADING CO, THE",BOLT-HEX FLANGE,ARC210LBA
84830105,080203455,"COLD HEADING CO, THE",BOLT/SCREW-.,ARC210LBA
84940705,080203455,PENN AUTOMOTIVE INC,NUT-WELD/CLINCH,ARC210LBA
85608634,080203455,VICO PRODUCTS CO,STUD-DOUBLE END,ARC210LBA
85608635,080203455,VICO PRODUCTS CO,BOLT/SCREW,ARC210LBA
85644343,080203455,VICO PRODUCTS CO,BOLT/SCREW-.,ARC210LBA
85693351,080203455,COOPER STANDARD AUTOMOTIVE INC,SEALING STRIP A,ARC210LBA
86317268,080203455,COOPER STANDARD AUTOMOTIVE INC,SEALING STRIP A,ARC210LBA
86587328,080203455,COOPER STANDARD AUTOMOTIVE INC,SEALING STRIP A,ARC210LBA
86587329,080203455,COOPER STANDARD AUTOMOTIVE INC,SEALING STRIP A,ARC210LBA
86312505,081232109,COOPER STANDARD AUTOMOTIVE INC,SEALING STRIP A,ARC210LBA
86312506,081232109,COOPER STANDARD AUTOMOTIVE INC,SEALING STRIP A,ARC210LBA
86312507,081232109,WASHERS INC,NUT-U SPRING,ARC210LBA
12747613,116833270,WASHERS INC,WASHER-.,ARC210LBA
12815382,116833270,WASHERS INC,NUT-.,ARC210LBA
12815838,116833270,RELYANS MAX INC,BOLT/SCREW,ARC210LBA
12816389,116833270,RELYANS MAX INC,BOLT/SCREW-.,ARC210LBA
13553577,116833270,RELYANS MAX INC,BOLT/SCREW-.,ARC210LBA
13560984,116833270,RELYANS MAX INC,RETAINER,ARC210LBA
13570851,116833270,RELYANS MAX INC,BOLT/SCREW,ARC210LBA
12740716,116833270,GM METAL FAB-FLINT,REINFORCEMENT-F,ARC210LBA
12740832,116833270,GM METAL FAB-FLINT,REINFORCEMENT-F,ARC210LBA
12816391,116833270,GM METAL FAB-FLINT,PLATE-RR S/D  H,ARC210LBA
85699614,137355322,GM METAL FAB-FLINT,REINFORCEMENT-R,ARC210LBA
86335304,137355322,GM METAL FAB-FLINT,REINFORCEMENT-R,ARC210LBA
86335305,137355322,GM METAL FAB-FLINT,REINFORCEMENT-R,ARC210LBA
86335306,137355322,GM METAL FAB-FLINT,REINFORCEMENT-R,ARC210LBA
86335307,137355322,GM METAL FAB-FLINT,REINFORCEMENT-R,ARC210LBA
86335308,137355322,GM METAL FAB-FLINT,REINFORCEMENT-H,ARC210LBA
86335310,137355322,GM METAL FAB-FLINT,REINFORCEMENT-F,ARC210LBA
86335312,137355322,GM METAL FAB-FLINT,REINFORCEMENT-R,ARC210LBA
86335313,137355322,GM METAL FAB-FLINT,REINFORCEMENT-R,ARC210LBA
86335314,137355322,GM METAL FAB-FLINT,REINFORCEMENT-R,ARC210LBA
86335315,137355322,GM METAL FAB-FLINT,REINFORCEMENT-R,ARC210LBA
86335316,137355322,GM METAL FAB-FLINT,REINFORCEMENT-R,ARC210LBA
86335317,137355322,GM METAL FAB-FLINT,REINFORCEMENT-R,ARC210LBA
86335318,137355322,GM METAL FAB-FLINT,REINFORCEMENT-F,ARC210LBA
86335319,137355322,GM METAL FAB-FLINT,REINFORCEMENT-F,ARC210LBA
86335320,137355322,GM METAL FAB-FLINT,REINFORCEMENT-F,ARC210LBA
86335321,137355322,GM METAL FAB-FLINT,REINFORCEMENT-H,ARC210LBA
86335322,137355322,GM METAL FAB-FLINT,REINFORCEM,ARC210LBA
86335323,137355322,NEXTEER AUTOMOTIVE CORPORATION,GEAR ASM-ELEC B,ARC210LBA
86335325,137355322,NEXTEER AUTOMOTIVE CORPORATION,GEAR ASM-ELEC B,ARC210LBA
86335326,137355322,NEXTEER AUTOMOTIVE CORPORATION,SHAFT ASM-FRT W,ARC210LBA
86335327,137355322,NEXTEER AUTOMOTIVE CORPORATION,GEAR ASM-ELEC B,ARC210LBA
86335328,137355322,NEXTEER AUTOMOTIVE CORPORATION,GEAR ASM-ELEC B,ARC210LBA
86335329,137355322,ZF ACTIVE SAFETY AND ELECTRONICS US,CAMERA ASM-FV,ARC210LBA
86335330,137355322,ZF ACTIVE SAFETY AND ELECTRONICS US,CAMERA ASM-FV,ARC210LBA
86335331,137355322,WHITLAM GROUP INC,LABEL-PRICE & F,ARC210LBA
86335332,137355322,WHITLAM GROUP INC,OVERLAY-VIN PRO,ARC210LBA
86335333,137355322,WHITLAM GROUP INC,LABEL-FUEL RECO,ARC210LBA
86335334,137355322,WHITLAM GROUP INC,MATERIAL-THERMA,ARC210LBA
86335335,137355322,WHITLAM GROUP INC,LABEL-FUEL RECO,ARC210LBA
86335337,137355322,WHITLAM GROUP INC,LABEL-O/S RR VI,ARC210LBA
86335338,137355322,GRAND RAPIDS LABEL COMPANY,LABEL-VIN,ARC210LBA
86335340,137355322,GRAND RAPIDS LABEL COMPANY,LABEL-VEH EMIS,ARC210LBA
86335342,137355322,GRAND RAPIDS LABEL COMPANY,TIRE CERT LABEL,ARC210LBA
86335344,137355322,GRAND RAPIDS LABEL COMPANY,TAG-I/P AIRBAG,ARC210LBA
86335345,137355322,GRAND RAPIDS LABEL COMPANY,LABEL-I/P WRG H,ARC210LBA
86335351,137355322,GRAND RAPIDS LABEL COMPANY,LABEL-CHEM EXPO,ARC210LBA
86335367,137355322,HOOSIER GASKET CORP,GASKET,ARC210LBA
86335368,137355322,ALL STATE FASTENER CORP,BOLT ASM-HX HD,ARC210LBA
86335369,137355322,ALL STATE FASTENER CORP,FDR=STUD,ARC210LBA
86335370,137355322,ALL STATE FASTENER CORP,NUT - TYPE A WA,ARC210LBA
86335371,137355322,ALL STATE FASTENER CORP,NUT - TYPE A WA,ARC210LBA
86335372,137355322,HENNIGES AUTOMOTIVE IOWA INC,WEATHERSTRIP AS,ARC210LBA
86335373,137355322,HENNIGES AUTOMOTIVE IOWA INC,WEATHERSTRIP AS,ARC210LBA
86335375,137355322,HENNIGES AUTOMOTIVE IOWA INC,WEATHERSTRIP AS,ARC210LBA
86335377,137355322,HENNIGES AUTOMOTIVE IOWA INC,WEATHERSTRIP AS,ARC210LBA
86335378,137355322,HENNIGES AUTOMOTIVE IOWA INC,WEATHERSTRIP AS,ARC210LBA
86335379,137355322,HENNIGES AUTOMOTIVE IOWA INC,WEATHERSTRIP AS,ARC210LBA
86335380,137355322,HENNIGES AUTOMOTIVE IOWA INC,WEATHERSTRIP AS,ARC210LBA
86335381,137355322,HENNIGES AUTOMOTIVE IOWA INC,WEATHERSTRIP AS,ARC210LBA
86335382,137355322,GM COMPONENT HOLDINGS LLC-LKPT PTC,RADIATOR ASM-EN,ARC210LBA
86335383,137355322,GM COMPONENT HOLDINGS LLC-LKPT PTC,RADIATOR ASM-EN,ARC210LBA
86335384,137355322,GM COMPONENT HOLDINGS LLC-LKPT PTC,RADIATOR ASM-EN,ARC210LBA
86335385,137355322,GM COMPONENT HOLDINGS LLC-LKPT PTC,RADIATOR ASM-EN,ARC210LBA
86335386,137355322,GM COMPONENT HOLDINGS LLC-LKPT PTC,CONDENSER ASM-A,ARC210LBA
86335387,137355322,GM COMPONENT HOLDINGS LLC-LKPT PTC,CONDENSER ASM-A,ARC210LBA
86335388,137355322,GM COMPONENT HOLDINGS LLC-LKPT PTC,CONDENSER ASM-A,ARC210LBA
86335390,137355322,GM COMPONENT HOLDINGS LLC-LKPT PTC,COOLER ASM-TRAN,ARC210LBA
86335391,137355322,GM COMPONENT HOLDINGS LLC-LKPT PTC,COOLER ASM-TRAN,ARC210LBA
86335392,137355322,GM COMPONENT HOLDINGS LLC-LKPT PTC,CONDENSER ASM-A,ARC210LBA
86335394,137355322,GM COMPONENT HOLDINGS LLC-LKPT PTC,RADIATOR ASM-EN,ARC210LBA
86335395,137355322,APTIV SERVICES US LLC,RECEPTACLE ASM-,ARC210LBA
86335397,137355322,APTIV SERVICES US LLC,RECEPTACLE ASM-,ARC210LBA
86335398,137355322,APTIV SERVICES US LLC,RECEPTACLE ASM-,ARC210LBA
86335399,137355322,APTIV SERVICES US LLC,RECEPTACLE ASM-,ARC210LBA
86335400,137355322,JMA LOGISTICS LLC,NUT ASM-HX AND,ARC210LBA
86335402,137355322,MARTINREA INDUSTRIES INC,REINFORCEMENT A,ARC210LBA
86335403,137355322,MARTINREA INDUSTRIES INC,REINFORCEMENT A,ARC210LBA
86335405,137355322,MARTINREA INDUSTRIES INC,REINFORCEMENT A,ARC210LBA
86335406,137355322,MARTINREA INDUSTRIES INC,REINFORCEMENT A,ARC210LBA
86335409,137355322,DAJACO INDUSTRIES INC,SHIELD-RR BRK,ARC210LBA
86335410,137355322,DAJACO INDUSTRIES INC,SHIELD-RR BRK,ARC210LBA
86335411,137355322,DAJACO INDUSTRIES INC,BRACKET ASM-FRT,ARC210LBA
86335413,137355322,BOPP-BUSCH MANUFACTURING CO INC,BRACKET-NOX SEN,ARC210LBA
86335414,137355322,BOPP-BUSCH MANUFACTURING CO INC,SHIELD-FRT BRK,ARC210LBA
86335416,137355322,BOPP-BUSCH MANUFACTURING CO INC,BRACKET-TRANS F,ARC210LBA
86335417,137355322,BOPP-BUSCH MANUFACTURING CO INC,BRACKET-HTR OTL,ARC210LBA
86335420,137355322,BOPP-BUSCH MANUFACTURING CO INC,SHIELD-FRT BRK,ARC210LBA
86335423,137355322,BOPP-BUSCH MANUFACTURING CO INC,SHIELD-FRT BRK,ARC210LBA
86335426,137355322,BOPP-BUSCH MANUFACTURING CO INC,SHIELD-FRT BRK,ARC210LBA
86335428,137355322,BOPP-BUSCH MANUFACTURING CO INC,BRACKET-CHRG AI,ARC210LBA
86335429,137355322,BOPP-BUSCH MANUFACTURING CO INC,BRACKET-CHRG AI,ARC210LBA
86335430,137355322,BOPP-BUSCH MANUFACTURING CO INC,BRACKET-HTR WAT,ARC210LBA
86335432,137355322,BOPP-BUSCH MANUFACTURING CO INC,BRACKET-RAD INL,ARC210LBA
86335436,137355322,BOPP-BUSCH MANUFACTURING CO INC,BRACKET-FUEL FE,ARC210LBA
86335439,137355322,PRODUCTION SPRING LLC,NUT-STAMP,ARC210LBA
86335444,137355322,MAYSER USA INC,COVER-L/GATE IN,ARC210LBA
86335445,137355322,MAYSER USA INC,COVER-L/GATE IN,ARC210LBA
86335446,137355322,MAYSER USA INC,COVER-L/GATE IN,ARC210LBA
86335451,137355322,MAYSER USA INC,COVER-L/GATE IN,ARC210LBA
86335452,137355322,SINJIN TEXAS INC,DOOR-F/TNK FIL,ARC210LBA
86335453,137355322,SINJIN TEXAS INC,DOOR-F/TNK FIL,ARC210LBA
86335457,137355322,SINJIN TEXAS INC,DOOR-F/TNK FIL,ARC210LBA
86335458,137355322,SINJIN TEXAS INC,DOOR-F/TNK FIL,ARC210LBA
86335459,137355322,SINJIN TEXAS INC,HOUSING ASM-F/T,ARC210LBA
86335460,137355322,SINJIN TEXAS INC,HOUSING ASM-F/T,ARC210LBA
86367495,137355322,SINJIN TEXAS INC,HOUSING ASM-F/T,ARC210LBA
86396980,137355322,SINJIN TEXAS INC,HOUSING ASM-F/T,ARC210LBA
86397019,137355322,SINJIN TEXAS INC,HOUSING ASM-F/T,ARC210LBA
86397062,137355322,SINJIN TEXAS INC,HOUSING ASM-F/T,ARC210LBA
86397070,137355322,SINJIN TEXAS INC,HOUSING ASM-F/T,ARC210LBA
86397071,137355322,SINJIN TEXAS INC,HOUSING ASM-F/T,ARC210LBA
86397073,137355322,CAMCAR LLC,BOLT/SCREW,ARC210LBA
86397074,137355322,CAMCAR LLC,BOLT/SCREW,ARC210LBA
86397078,137355322,CAMCAR LLC,SCREW ASM-HEX H,ARC210LBA
86397079,137355322,CAMCAR LLC,BOLT/SCREW,ARC210LBA
86397092,137355322,CAMCAR LLC,BOLT/SCREW,ARC210LBA
86397095,137355322,CAMCAR LLC,BOLT/SCREW,ARC210LBA
86397130,137355322,NIFCO AMERICA CORP,PLUG-RKR INR PN,ARC210LBA
86397131,137355322,RESRG AUTOMOTIVE COATINGS LLC,APPLIQUE ASM-RR,ARC210LBA
85090511,609623566,RESRG AUTOMOTIVE COATINGS LLC,APPLIQUE ASM-RR,ARC210LBA
85735621,609623566,RESRG AUTOMOTIVE COATINGS LLC,APPLIQUE ASM-RR,ARC210LBA
85850751,609623566,RESRG AUTOMOTIVE COATINGS LLC,APPLIQUE ASM-RR,ARC210LBA
86380118,609623566,RESRG AUTOMOTIVE COATINGS LLC,APPLIQUE ASM-RR,ARC210LBA
86380119,609623566,RESRG AUTOMOTIVE COATINGS LLC,APPLIQUE ASM-RR,ARC210LBA
86380120,609623566,RESRG AUTOMOTIVE COATINGS LLC,APPLIQUE ASM-RR,ARC210LBA
86380121,609623566,RESRG AUTOMOTIVE COATINGS LLC,APPLIQUE ASM-RR,ARC210LBA
86380122,609623566,RESRG AUTOMOTIVE COATINGS LLC,APPLIQUE ASM-RR,ARC210LBA
86380123,609623566,RESRG AUTOMOTIVE COATINGS LLC,APPLIQUE ASM-RR,ARC210LBA
86380124,609623566,RESRG AUTOMOTIVE COATINGS LLC,APPLIQUE ASM-RR,ARC210LBA
86380125,609623566,RESRG AUTOMOTIVE COATINGS LLC,APPLIQUE ASM-RR,ARC210LBA
86380126,609623566,RESRG AUTOMOTIVE COATINGS LLC,APPLIQUE ASM-RR,ARC210LBA
86380127,609623566,RESRG AUTOMOTIVE COATINGS LLC,APPLIQUE ASM-RR,ARC210LBA
86380128,609623566,RESRG AUTOMOTIVE COATINGS LLC,APPLIQUE ASM-RR,ARC210LBA
86380129,609623566,RESRG AUTOMOTIVE COATINGS LLC,APPLIQUE ASM-RR,ARC210LBA
86380130,609623566,RESRG AUTOMOTIVE COATINGS LLC,APPLIQUE ASM-RR,ARC210LBA
86380131,609623566,RESRG AUTOMOTIVE COATINGS LLC,APPLIQUE ASM-RR,ARC210LBA
86380132,609623566,RESRG AUTOMOTIVE COATINGS LLC,APPLIQUE ASM-RR,ARC210LBA
86380133,609623566,RESRG AUTOMOTIVE COATINGS LLC,APPLIQUE ASM-RR,ARC210LBA
86380134,609623566,RESRG AUTOMOTIVE COATINGS LLC,APPLIQUE ASM-RR,ARC210LBA
86380135,609623566,RESRG AUTOMOTIVE COATINGS LLC,APPLIQUE ASM-RR,ARC210LBA
86380136,609623566,RESRG AUTOMOTIVE COATINGS LLC,APPLIQUE ASM-RR,ARC210LBA
86380137,609623566,RESRG AUTOMOTIVE COATINGS LLC,APPLIQUE ASM-RR,ARC210LBA
86380138,609623566,RESRG AUTOMOTIVE COATINGS LLC,APPLIQUE ASM-RR,ARC210LBA
86380139,609623566,RESRG AUTOMOTIVE COATINGS LLC,APPLIQUE ASM-RR,ARC210LBA
86380140,609623566,RESRG AUTOMOTIVE COATINGS LLC,APPLIQUE ASM-RR,ARC210LBA
86380141,609623566,RESRG AUTOMOTIVE COATINGS LLC,APPLIQUE ASM-RR,ARC210LBA
86380142,609623566,RESRG AUTOMOTIVE COATINGS LLC,APPLIQUE ASM-RR,ARC210LBA
86380143,609623566,RESRG AUTOMOTIVE COATINGS LLC,APPLIQUE ASM-RR,ARC210LBA
86380144,609623566,RESRG AUTOMOTIVE COATINGS LLC,APPLIQUE ASM-RR,ARC210LBA
86380145,609623566,RESRG AUTOMOTIVE COATINGS LLC,APPLIQUE ASM-RR,ARC210LBA
86406847,609623566,RESRG AUTOMOTIVE COATINGS LLC,APPLIQUE ASM-RR,ARC210LBA
86406848,609623566,RESRG AUTOMOTIVE COATINGS LLC,APPLIQUE ASM-RR,ARC210LBA
86406849,609623566,RESRG AUTOMOTIVE COATINGS LLC,APPLIQUE ASM-RR,ARC210LBA
86406850,609623566,RESRG AUTOMOTIVE COATINGS LLC,APPLIQUE ASM-RR,ARC210LBA
86406851,609623566,RESRG AUTOMOTIVE COATINGS LLC,APPLIQUE ASM-RR,ARC210LBA
86406852,609623566,RESRG AUTOMOTIVE COATINGS LLC,APPLIQUE ASM-RR,ARC210LBA
86406853,609623566,RESRG AUTOMOTIVE COATINGS LLC,APPLIQUE ASM-RR,ARC210LBA
86406854,609623566,RESRG AUTOMOTIVE COATINGS LLC,APPLIQUE ASM-RR,ARC210LBA
86406855,609623566,RESRG AUTOMOTIVE COATINGS LLC,APPLIQUE ASM-RR,ARC210LBA
86406856,609623566,RESRG AUTOMOTIVE COATINGS LLC,APPLIQUE ASM-RR,ARC210LBA
86406857,609623566,RESRG AUTOMOTIVE COATINGS LLC,APPLIQUE ASM-RR,ARC210LBA
86406858,609623566,RESRG AUTOMOTIVE COATINGS LLC,APPLIQUE ASM-RR,ARC210LBA
86406859,609623566,RESRG AUTOMOTIVE COATINGS LLC,APPLIQUE ASM-RR,ARC210LBA
86406860,609623566,RESRG AUTOMOTIVE COATINGS LLC,APPLIQUE ASM-RR,ARC210LBA
86406861,609623566,RESRG AUTOMOTIVE COATINGS LLC,APPLIQUE ASM-RR,ARC210LBA
86406862,609623566,RESRG AUTOMOTIVE COATINGS LLC,APPLIQUE ASM-RR,ARC210LBA
86406863,609623566,RESRG AUTOMOTIVE COATINGS LLC,APPLIQUE ASM-RR,ARC210LBA
86406864,609623566,RESRG AUTOMOTIVE COATINGS LLC,APPLIQUE ASM-RR,ARC210LBA
86406865,609623566,RESRG AUTOMOTIVE COATINGS LLC,APPLIQUE ASM-RR,ARC210LBA
86406866,609623566,RESRG AUTOMOTIVE COATINGS LLC,APPLIQUE ASM-RR,ARC210LBA
86406867,609623566,RESRG AUTOMOTIVE COATINGS LLC,APPLIQUE ASM-RR,ARC210LBA
86406868,609623566,RESRG AUTOMOTIVE COATINGS LLC,APPLIQUE ASM-RR,ARC210LBA
86406869,609623566,RESRG AUTOMOTIVE COATINGS LLC,APPLIQUE ASM-RR,ARC210LBA
86406870,609623566,RESRG AUTOMOTIVE COATINGS LLC,APPLIQUE ASM-RR,ARC210LBA
86406871,609623566,RESRG AUTOMOTIVE COATINGS LLC,APPLIQUE ASM-RR,ARC210LBA
86406872,609623566,RESRG AUTOMOTIVE COATINGS LLC,APPLIQUE ASM-RR,ARC210LBA
86406873,609623566,RESRG AUTOMOTIVE COATINGS LLC,APPLIQUE ASM-RR,ARC210LBA
86406874,609623566,RESRG AUTOMOTIVE COATINGS LLC,APPLIQUE ASM-RR,ARC210LBA
86406876,609623566,RESRG AUTOMOTIVE COATINGS LLC,APPLIQUE ASM-RR,ARC210LBA
86406877,609623566,RESRG AUTOMOTIVE COATINGS LLC,APPLIQUE ASM-RR,ARC210LBA
86406879,609623566,RESRG AUTOMOTIVE COATINGS LLC,APPLIQUE ASM-RR,ARC210LBA
86406880,609623566,RESRG AUTOMOTIVE COATINGS LLC,APPLIQUE ASM-RR,ARC210LBA
23505783,621632046,RESRG AUTOMOTIVE COATINGS LLC,APPLIQUE ASM-RR,ARC210LBA
23505784,621632046,RESRG AUTOMOTIVE COATINGS LLC,APPLIQUE ASM-RR,ARC210LBA
23505785,621632046,RESRG AUTOMOTIVE COATINGS LLC,APPLIQUE ASM-RR,ARC210LBA
23505786,621632046,RESRG AUTOMOTIVE COATINGS LLC,APPLIQUE ASM-RR,ARC210LBA
23505787,621632046,RESRG AUTOMOTIVE COATINGS LLC,APPLIQUE ASM-RR,ARC210LBA
23505788,621632046,RESRG AUTOMOTIVE COATINGS LLC,APPLIQUE ASM-RR,ARC210LBA
84138217,625121871,RESRG AUTOMOTIVE COATINGS LLC,APPLIQUE ASM-RR,ARC210LBA
84138218,625121871,RESRG AUTOMOTIVE COATINGS LLC,APPLIQUE ASM-RR,ARC210LBA
84138741,625121871,RESRG AUTOMOTIVE COATINGS LLC,APPLIQUE ASM-RR,ARC210LBA
84138742,625121871,RESRG AUTOMOTIVE COATINGS LLC,APPLIQUE ASM-RR,ARC210LBA
13547215,787118579,RESRG AUTOMOTIVE COATINGS LLC,APPLIQUE ASM-RR,ARC210LBA
85838748,801031522,RESRG AUTOMOTIVE COATINGS LLC,APPLIQUE ASM-RR,ARC210LBA
86599747,801031522,RESRG AUTOMOTIVE COATINGS LLC,APPLIQUE ASM-RR,ARC210LBA
92264562,840618722,RESRG AUTOMOTIVE COATINGS LLC,APPLIQUE ASM-RR,ARC210LBA
13571272,000202652,RESRG AUTOMOTIVE COATINGS LLC,APPLIQUE ASM-RR,ARC210LBA
13571275,000202652,RESRG AUTOMOTIVE COATINGS LLC,APPLIQUE ASM-RR,ARC210LBA
13571277,000202652,RESRG AUTOMOTIVE COATINGS LLC,APPLIQUE ASM-RR,ARC210LBA
13573421,000202652,RESRG AUTOMOTIVE COATINGS LLC,APPLIQUE ASM-RR,ARC210LBA
13573424,000202652,RESRG AUTOMOTIVE COATINGS LLC,APPLIQUE ASM-RR,ARC210LBA
84773164,000782742,RESRG AUTOMOTIVE COATINGS LLC,APPLIQUE ASM-RR,ARC210LBA
84773165,000782742,RESRG AUTOMOTIVE COATINGS LLC,APPLIQUE ASM-RR,ARC210LBA
84773166,000782742,RESRG AUTOMOTIVE COATINGS LLC,APPLIQUE ASM-RR,ARC210LBA
84773168,000782742,RESRG AUTOMOTIVE COATINGS LLC,APPLIQUE ASM-RR,ARC210LBA
84773170,000782742,RESRG AUTOMOTIVE COATINGS LLC,APPLIQUE ASM-RR,ARC210LBA
84773171,000782742,RESRG AUTOMOTIVE COATINGS LLC,APPLIQUE ASM-RR,ARC210LBA
84773172,000782742,RESRG AUTOMOTIVE COATINGS LLC,APPLIQUE ASM-RR,ARC210LBA
84773174,000782742,RESRG AUTOMOTIVE COATINGS LLC,APPLIQUE ASM-RR,ARC210LBA
84839653,000782742,RESRG AUTOMOTIVE COATINGS LLC,APPLIQUE ASM-RR,ARC210LBA
84839654,000782742,RESRG AUTOMOTIVE COATINGS LLC,APPLIQUE ASM-RR,ARC210LBA
84839655,000782742,RESRG AUTOMOTIVE COATINGS LLC,APPLIQUE ASM-RR,ARC210LBA
84839657,000782742,RESRG AUTOMOTIVE COATINGS LLC,APPLIQUE ASM-RR,ARC210LBA
84839659,000782742,RESRG AUTOMOTIVE COATINGS LLC,APPLIQUE ASM-RR,ARC210LBA
84839660,000782742,RESRG AUTOMOTIVE COATINGS LLC,APPLIQUE ASM-RR,ARC210LBA
84839661,000782742,RESRG AUTOMOTIVE COATINGS LLC,APPLIQUE ASM-RR,ARC210LBA
84839663,000782742,RESRG AUTOMOTIVE COATINGS LLC,APPLIQUE ASM-RR,ARC210LBA
23394012,812435311,RESRG AUTOMOTIVE COATINGS LLC,APPLIQUE ASM-RR,ARC210LBA
84632822,812435311,RESRG AUTOMOTIVE COATINGS LLC,APPLIQUE ASM-RR,ARC210LBA
84645616,812435311,RESRG AUTOMOTIVE COATINGS LLC,APPLIQUE ASM-RR,ARC210LBA
15035747,812536662,RESRG AUTOMOTIVE COATINGS LLC,APPLIQUE ASM-RR,ARC210LBA
15077362,812536662,RESRG AUTOMOTIVE COATINGS LLC,APPLIQUE ASM-RR,ARC210LBA
55490609,812619245,RESRG AUTOMOTIVE COATINGS LLC,APPLIQUE ASM-RR,ARC210LBA
55500388,812619245,RESRG AUTOMOTIVE COATINGS LLC,APPLIQUE ASM-RR,ARC210LBA
84833840,812800966,RESRG AUTOMOTIVE COATINGS LLC,APPLIQUE ASM-RR,ARC210LBA
84833841,812800966,RESRG AUTOMOTIVE COATINGS LLC,APPLIQUE ASM-RR,ARC210LBA
84833843,812800966,RESRG AUTOMOTIVE COATINGS LLC,APPLIQUE ASM-RR,ARC210LBA
86308387,812800966,RESRG AUTOMOTIVE COATINGS LLC,APPLIQUE ASM-RR,ARC210LBA
86308390,812800966,RESRG AUTOMOTIVE COATINGS LLC,APPLIQUE ASM-RR,ARC210LBA
87824021,812800966,RESRG AUTOMOTIVE COATINGS LLC,APPLIQUE ASM-RR,ARC210LBA
87864520,812800966,RESRG AUTOMOTIVE COATINGS LLC,APPLIQUE ASM-RR,ARC210LBA
84764051,812879120,RESRG AUTOMOTIVE COATINGS LLC,APPLIQUE ASM-RR,ARC210LBA
84943778,812879120,RESRG AUTOMOTIVE COATINGS LLC,APPLIQUE ASM-RR,ARC210LBA
85082162,812879120,RESRG AUTOMOTIVE COATINGS LLC,APPLIQUE ASM-RR,ARC210LBA
85059507,812885674,RESRG AUTOMOTIVE COATINGS LLC,APPLIQUE ASM-RR,ARC210LBA
85059508,812885674,RESRG AUTOMOTIVE COATINGS LLC,APPLIQUE ASM-RR,ARC210LBA
85059510,812885674,RESRG AUTOMOTIVE COATINGS LLC,APPLIQUE ASM-RR,ARC210LBA
85059511,812885674,RESRG AUTOMOTIVE COATINGS LLC,APPLIQUE ASM-RR,ARC210LBA
85059512,812885674,RESRG AUTOMOTIVE COATINGS LLC,APPLIQUE ASM-RR,ARC210LBA
85059513,812885674,RESRG AUTOMOTIVE COATINGS LLC,APPLIQUE ASM-RR,ARC210LBA
85059514,812885674,RESRG AUTOMOTIVE COATINGS LLC,APPLIQUE ASM-RR,ARC210LBA
85059516,812885674,RESRG AUTOMOTIVE COATINGS LLC,APPLIQUE ASM-RR,ARC210LBA
85059517,812885674,RESRG AUTOMOTIVE COATINGS LLC,APPLIQUE ASM-RR,ARC210LBA
85059518,812885674,RESRG AUTOMOTIVE COATINGS LLC,APPLIQUE ASM-RR,ARC210LBA
85059521,812885674,RESRG AUTOMOTIVE COATINGS LLC,APPLIQUE ASM-RR,ARC210LBA
85059522,812885674,RESRG AUTOMOTIVE COATINGS LLC,APPLIQUE ASM-RR,ARC210LBA
85059523,812885674,RESRG AUTOMOTIVE COATINGS LLC,APPLIQUE ASM-RR,ARC210LBA
85071247,812885674,RESRG AUTOMOTIVE COATINGS LLC,APPLIQUE ASM-RR,ARC210LBA
86341341,812885674,RESRG AUTOMOTIVE COATINGS LLC,APPLIQUE ASM-RR,ARC210LBA
86341342,812885674,RESRG AUTOMOTIVE COATINGS LLC,APPLIQUE ASM-RR,ARC210LBA
86383051,812885674,RESRG AUTOMOTIVE COATINGS LLC,APPLIQUE ASM-RR,ARC210LBA
86383052,812885674,RESRG AUTOMOTIVE COATINGS LLC,APPLIQUE ASM-RR,ARC210LBA
86383053,812885674,RESRG AUTOMOTIVE COATINGS LLC,APPLIQUE ASM-RR,ARC210LBA
86383054,812885674,RESRG AUTOMOTIVE COATINGS LLC,APPLIQUE ASM-RR,ARC210LBA
86383055,812885674,RESRG AUTOMOTIVE COATINGS LLC,APPLIQUE ASM-RR,ARC210LBA
86383056,812885674,RESRG AUTOMOTIVE COATINGS LLC,APPLIQUE ASM-RR,ARC210LBA
86383057,812885674,RESRG AUTOMOTIVE COATINGS LLC,APPLIQUE ASM-RR,ARC210LBA
86383058,812885674,RESRG AUTOMOTIVE COATINGS LLC,APPLIQUE ASM-RR,ARC210LBA
86797125,812885674,RESRG AUTOMOTIVE COATINGS LLC,APPLIQUE ASM-RR,ARC210LBA
85774589,812928414,RESRG AUTOMOTIVE COATINGS LLC,APPLIQUE ASM-RR,ARC210LBA
84265940,813016276,RESRG AUTOMOTIVE COATINGS LLC,APPLIQUE ASM-RR,ARC210LBA
84546302,813016276,RESRG AUTOMOTIVE COATINGS LLC,APPLIQUE ASM-RR,ARC210LBA
84546304,813016276,RESRG AUTOMOTIVE COATINGS LLC,APPLIQUE ASM-RR,ARC210LBA
40009585,813193786,RESRG AUTOMOTIVE COATINGS LLC,APPLIQUE ASM-RR,ARC210LBA
55496996,813193786,RESRG AUTOMOTIVE COATINGS LLC,APPLIQUE ASM-RR,ARC210LBA
84324904,814180139,RESRG AUTOMOTIVE COATINGS LLC,APPLIQUE ASM-RR,ARC210LBA
84324905,814180139,RESRG AUTOMOTIVE COATINGS LLC,APPLIQUE ASM-RR,ARC210LBA
84526453,814180139,RESRG AUTOMOTIVE COATINGS LLC,APPLIQUE ASM-RR,ARC210LBA
84594002,814180139,RESRG AUTOMOTIVE COATINGS LLC,APPLIQUE ASM-RR,ARC210LBA
85736217,815105697,RESRG AUTOMOTIVE COATINGS LLC,APPLIQUE ASM-RR,ARC210LBA
84861476,816473789,RESRG AUTOMOTIVE COATINGS LLC,APPLIQUE ASM-RR,ARC210LBA
84861477,816473789,RESRG AUTOMOTIVE COATINGS LLC,APPLIQUE ASM-RR,ARC210LBA
86347490,816508899,RESRG AUTOMOTIVE COATINGS LLC,APPLIQUE ASM-RR,ARC210LBA
86347491,816508899,RESRG AUTOMOTIVE COATINGS LLC,APPLIQUE ASM-RR,ARC210LBA
84976948,951589520,RESRG AUTOMOTIVE COATINGS LLC,APPLIQUE ASM-RR,ARC210LBA
84976949,951589520,RESRG AUTOMOTIVE COATINGS LLC,APPLIQUE ASM-RR,ARC210LBA
84976951,951589520,RESRG AUTOMOTIVE COATINGS LLC,APPLIQUE ASM-RR,ARC210LBA
85041252,951589520,RESRG AUTOMOTIVE COATINGS LLC,APPLIQUE ASM-RR,ARC210LBA
85115869,951589520,RESRG AUTOMOTIVE COATINGS LLC,APPLIQUE ASM-RR,ARC210LBA
85115870,951589520,RESRG AUTOMOTIVE COATINGS LLC,APPLIQUE ASM-RR,ARC210LBA
85115871,951589520,RESRG AUTOMOTIVE COATINGS LLC,APPLIQUE ASM-RR,ARC210LBA
85115872,951589520,RESRG AUTOMOTIVE COATINGS LLC,APPLIQUE ASM-RR,ARC210LBA
85115877,951589520,RESRG AUTOMOTIVE COATINGS LLC,APPLIQUE ASM-RR,ARC210LBA
85115878,951589520,RESRG AUTOMOTIVE COATINGS LLC,APPLIQUE ASM-RR,ARC210LBA
86308121,951628749,RESRG AUTOMOTIVE COATINGS LLC,APPLIQUE ASM-RR,ARC210LBA
86415311,951628749,RESRG AUTOMOTIVE COATINGS LLC,APPLIQUE ASM-RR,ARC210LBA
85817572,951769944,RESRG AUTOMOTIVE COATINGS LLC,APPLIQUE ASM-RR,ARC210LBA
85817574,951769944,RESRG AUTOMOTIVE COATINGS LLC,APPLIQUE ASM-RR,ARC210LBA
85817579,951769944,RESRG AUTOMOTIVE COATINGS LLC,APPLIQUE ASM-RR,ARC210LBA
86423976,951769944,RESRG AUTOMOTIVE COATINGS LLC,APPLIQUE ASM-RR,ARC210LBA
86423977,951769944,RESRG AUTOMOTIVE COATINGS LLC,APPLIQUE ASM-RR,ARC210LBA
13563696,000236455,RESRG AUTOMOTIVE COATINGS LLC,APPLIQUE ASM-RR,ARC210LBA
85073616,000236455,RESRG AUTOMOTIVE COATINGS LLC,APPLIQUE ASM-RR,ARC210LBA
85090453,588159637,RESRG AUTOMOTIVE COATINGS LLC,APPLIQUE ASM-RR,ARC210LBA
85090457,588159637,RESRG AUTOMOTIVE COATINGS LLC,APPLIQUE ASM-RR,ARC210LBA
86320540,588159637,RESRG AUTOMOTIVE COATINGS LLC,APPLIQUE ASM-RR,ARC210LBA
86320544,588159637,RESRG AUTOMOTIVE COATINGS LLC,APPLIQUE ASM-RR,ARC210LBA
86320545,588159637,RESRG AUTOMOTIVE COATINGS LLC,APPLIQUE ASM-RR,ARC210LBA
84752326,812296430,RESRG AUTOMOTIVE COATINGS LLC,APPLIQUE ASM-RR,ARC210LBA
84927262,812296430,RESRG AUTOMOTIVE COATINGS LLC,APPLIQUE ASM-RR,ARC210LBA
86803987,812298885,RESRG AUTOMOTIVE COATINGS LLC,APPLIQUE ASM-RR,ARC210LBA
55509156,812312411,RESRG AUTOMOTIVE COATINGS LLC,APPLIQUE ASM-RR,ARC210LBA
22936953,812537363,RESRG AUTOMOTIVE COATINGS LLC,APPLIQUE ASM-RR,ARC210LBA
84435770,812537363,RESRG AUTOMOTIVE COATINGS LLC,APPLIQUE ASM-RR,ARC210LBA
85064886,812537363,RESRG AUTOMOTIVE COATINGS LLC,APPLIQUE ASM-RR,ARC210LBA
86791263,812537363,RESRG AUTOMOTIVE COATINGS LLC,APPLIQUE ASM-RR,ARC210LBA
86791264,812537363,RESRG AUTOMOTIVE COATINGS LLC,APPLIQUE ASM-RR,ARC210LBA
84534701,812548816,GM POWERTRAIN-ROMULUS ENGINE,TRANS 6CMJ,ARC210LBA
84830621,812548816,GM POWERTRAIN-ROMULUS ENGINE,TRANS 6CNJ,ARC210LBA
84844923,812757799,GM POWERTRAIN-ROMULUS ENGINE,TRANS 6OKJ,ARC210LBA
84844925,812757799,CLARIOS LLC,BATTERY ASM-.,ARC210LBA
23380316,812765504,CLARIOS LLC,BATTERY ASM-.,ARC210LBA
23393996,812765504,CLARIOS LLC,BATTERY ASM-.,ARC210LBA
23393999,812765504,IROQUOIS INDUSTRIES INC,ARM ASM-RR SUSP,ARC210LBA
84152079,812765504,IROQUOIS INDUSTRIES INC,ARM ASM-RR SUSP,ARC210LBA
84511724,812765504,IROQUOIS INDUSTRIES INC,ARM ASM-RR SUSP,ARC210LBA
84520281,812765504,IROQUOIS INDUSTRIES INC,ARM ASM-RR SUSP,ARC210LBA
84796623,812765504,MOTOR CITY STAMPING INC,PLATE-RR S/D  H,ARC210LBA
84989372,812765504,MOTOR CITY STAMPING INC,BRACKET AS,ARC210LBA
84989373,812765504,MOTOR CITY STAMPING INC,BRACKET,ARC210LBA
84989374,812765504,MOTOR CITY STAMPING INC,CLAMP-FRT STAB,ARC210LBA
84989375,812765504,MOTOR CITY STAMPING INC,BRACKET-BODY SI,ARC210LBA
85114778,812814329,MOTOR CITY STAMPING INC,BRACKET-BODY SI,ARC210LBA
85828814,812814329,MOTOR CITY STAMPING INC,BRACKET ASM-BOD,ARC210LBA
85836954,812814329,MOTOR CITY STAMPING INC,BRACKET ASM-BOD,ARC210LBA
85873499,812814329,MOTOR CITY STAMPING INC,BRACKET ASM-BOD,ARC210LBA
84956401,812814590,MOTOR CITY STAMPING INC,BRACKET ASM-BOD,ARC210LBA
84956403,812814590,MOTOR CITY STAMPING INC,REINFORCEMENT-F,ARC210LBA
84956404,812814590,MOTOR CITY STAMPING INC,REINFORCEMENT-F,ARC210LBA
84956405,812814590,MOTOR CITY STAMPING INC,REINFORCEMENT A,ARC210LBA
40009411,812822457,MOTOR CITY STAMPING INC,REINFORCEMENT A,ARC210LBA
24001092,812831226,MOTOR CITY STAMPING INC,REINFORCEMENT A,ARC210LBA
24001099,812831226,MOTOR CITY STAMPING INC,REINFORCEMENT A,ARC210LBA
24001114,812831226,MOTOR CITY STAMPING INC,REINFORCEMENT A,ARC210LBA
24001331,812831226,MOTOR CITY STAMPING INC,REINFORCEMENT A,ARC210LBA
40009475,812831226,MOTOR CITY STAMPING INC,BRACKET-BODY SI,ARC210LBA
40009563,812831226,MOTOR CITY STAMPING INC,BRACKET-BODY SI,ARC210LBA
84118720,812839493,MOTOR CITY STAMPING INC,BRACKET-REGULAT,ARC210LBA
84291405,812839493,MOTOR CITY STAMPING INC,CLAMP-FRT STAB,ARC210LBA
84567924,812839493,MOTOR CITY STAMPING INC,REINFORCEMENT A,ARC210LBA
84655838,812839493,MOTOR CITY STAMPING INC,REINFORCEMENT A,ARC210LBA
84655839,812839493,MOTOR CITY STAMPING INC,REINFORCEMENT A,ARC210LBA
84737720,812839493,MOTOR CITY STAMPING INC,REINFORCEMENT A,ARC210LBA
84369072,812895704,MOTOR CITY STAMPING INC,BRACKET ASM-F/F,ARC210LBA
85540977,812912530,MOTOR CITY STAMPING INC,BRACKET ASM-F/F,ARC210LBA
15038811,812967438,MOTOR CITY STAMPING INC,BRACKET ASM-F/F,ARC210LBA
85046323,813018728,MOTOR CITY STAMPING INC,BRACKET ASM-F/F,ARC210LBA
13554426,813179439,MOTOR CITY STAMPING INC,BRACKET-FRT TIE,ARC210LBA
13560241,813179439,MOTOR CITY STAMPING INC,BRACKET-FRT TIE,ARC210LBA
23509123,815047527,MOTOR CITY STAMPING INC,BRACKET ASM-F/F,ARC210LBA
23509124,815047527,MOTOR CITY STAMPING INC,BRACKET ASM-F/F,ARC210LBA
13545896,815336284,MOTOR CITY STAMPING INC,BRACKET ASM-L/G,ARC210LBA
13558569,815336284,MOTOR CITY STAMPING INC,BRACKET ASM-L/G,ARC210LBA
86561515,816474175,MOTOR CITY STAMPING INC,BRACKET ASM-L/G,ARC210LBA
84655478,816638795,MOTOR CITY STAMPING INC,BRACKET ASM-L/G,ARC210LBA
85598243,951568959,MOTOR CITY STAMPING INC,REINFORCEMENT A,ARC210LBA
13563013,951591860,MOTOR CITY STAMPING INC,BRACKET ASM-EMI,ARC210LBA
85721635,951591860,MOTOR CITY STAMPING INC,BRACKET ASM-HDL,ARC210LBA
86564543,000104992,MOTOR CITY STAMPING INC,BRACKET ASM-HDL,ARC210VA
85515959,042658435,MOTOR CITY STAMPING INC,BRACKET AS,ARC210VA
85039851,062616218,APTIV SERVICES US LLC,CAMERA-DRVR MON,ARC210VA
85039854,062616218,DOLBY LABORATORIES LICENSING CORP,LICENSE FEE-OBJ,ARC210VA
85845747,062616218,GRAND TRAVERSE PLASTICS CORP,TUBE ASM-OIL FI,ARC210VA
85845748,062616218,GRAND TRAVERSE PLASTICS CORP,INSULATOR ASM-V,ARC210VA
85845749,062616218,GRAND TRAVERSE PLASTICS CORP,INSULATOR ASM-V,ARC210VA
13561800,081232109,GRAND TRAVERSE PLASTICS CORP,INSULATOR ASM-V,ARC210VA
13563307,081232109,GRAND TRAVERSE PLASTICS CORP,INSULATOR ASM-V,ARC210VA
13567175,081232109,GRAND TRAVERSE PLASTICS CORP,TUBE ASM-OIL FI,ARC210VA
13567176,081232109,GRAND TRAVERSE PLASTICS CORP,COVER-TRANS,ARC210VA
13568562,081232109,GRAND TRAVERSE PLASTICS CORP,COVER-TRANS,ARC210VA
13568563,081232109,GRAND TRAVERSE PLASTICS CORP,COVER,ARC210VA
13568564,081232109,GRAND TRAVERSE PLASTICS CORP,COVER ASM-INT M,ARC210VA
13568565,081232109,GRAND TRAVERSE PLASTICS CORP,TUBE ASM-OIL FI,ARC210VA
14514904,081232109,GRAND TRAVERSE PLASTICS CORP,BRACKET ASM-UPR,ARC210VA
14514907,081232109,"GOODYEAR TIRE & RUBBER CO, THE",TIRE-FRT & RR,ARC210VA
14514912,081232109,ILLINOIS TOOL WORKS INC,NUT-OPEN ENDED,ARC210VA
85058753,081232109,ILLINOIS TOOL WORKS INC,CLIP-R/AXL VENT,ARC210VA
85559061,081232109,ILLINOIS TOOL WORKS INC,PIPE=CLIP,ARC210VA
85746823,081232109,ILLINOIS TOOL WORKS INC,WASHER-FLR FRT,ARC210VA
85746824,081232109,ILLINOIS TOOL WORKS INC,RETAINER-EVAP E,ARC210VA
85746825,081232109,ILLINOIS TOOL WORKS INC,PLUG ASM-DA HOL,ARC210VA
85746826,081232109,ILLINOIS TOOL WORKS INC,PLUG-O/S RR VIE,ARC210VA
85838854,081232109,ILLINOIS TOOL WORKS INC,PLUG-F/FLR PNL,ARC210VA
85052880,137355322,CHALLENGE MFG COMPANY LLC,BRACKET-HTR INL,ARC210VA
85052881,137355322,CHALLENGE MFG COMPANY LLC,EXTENSION-DA PN,ARC210VA
85052882,137355322,CHALLENGE MFG COMPANY LLC,EXTENSION-DA PN,ARC210VA
85607784,137355322,CHALLENGE MFG COMPANY LLC,EXTENSION-DA PN,ARC210VA
85607810,137355322,CHALLENGE MFG COMPANY LLC,EXTENSION-DA PN,ARC210VA
85607811,137355322,CHALLENGE MFG COMPANY LLC,BRACKET ASM-DA,ARC210VA
85851589,609623566,CHALLENGE MFG COMPANY LLC,BRACKET-DA PNL,ARC210VA
85851597,609623566,CHALLENGE MFG COMPANY LLC,BRACKET-DA PNL,ARC210VA
86372208,609623566,CHALLENGE MFG COMPANY LLC,PLATE ASM-F/SEA,ARC210VA
86372209,609623566,CHALLENGE MFG COMPANY LLC,RAIL-U/B INTER,ARC210VA
86372211,609623566,CHALLENGE MFG COMPANY LLC,BOW-RF PNL LGTD,ARC210VA
86372212,609623566,CHALLENGE MFG COMPANY LLC,BOW-RF PNL LGTD,ARC210VA
86372213,609623566,CHALLENGE MFG COMPANY LLC,BRACKET ASM-SEN,ARC210VA
86372214,609623566,CHALLENGE MFG COMPANY LLC,BRACKET ASM-FRT,ARC210VA
86372215,609623566,CHALLENGE MFG COMPANY LLC,SHIELD-EXH FRT,ARC210VA
86372216,609623566,CHALLENGE MFG COMPANY LLC,SHIELD-EXH FRT,ARC210VA
86372217,609623566,CHALLENGE MFG COMPANY LLC,BOW-RF PNL #5,ARC210VA
86372218,609623566,CHALLENGE MFG COMPANY LLC,RAIL ASM-U/B IN,ARC210VA
86372219,609623566,CHALLENGE MFG COMPANY LLC,EXTENSION ASM-R,ARC210VA
86372220,609623566,CHALLENGE MFG COMPANY LLC,EXTENSION ASM-R,ARC210VA
86372223,609623566,CHALLENGE MFG COMPANY LLC,SHIELD-U/B SPH,ARC210VA
86372224,609623566,BOSE CORP,SPEAKER ASM-RDO,ARC210VA
86372225,609623566,BOSE CORP,SPEAKER ASM-RDO,ARC210VA
86372226,609623566,BOSE CORP,SPEAKER ASM-RDO,ARC210VA
86372227,609623566,BOSE CORP,SPEAKER ASM-RDO,ARC210VA
86372228,609623566,BOSE CORP,AMPLIFIER ASM-R,ARC210VA
86372230,609623566,BOSE CORP,AMPLIFIER ASM-R,ARC210VA
86405378,609623566,BOSE CORP,SPEAKER ASM-RDO,ARC210VA
86405379,609623566,BOSE CORP,SPEAKER ASM-RDO,ARC210VA
86405380,609623566,BOSE CORP,SPEAKER ASM-RDO,ARC210VA
86405381,609623566,GESIPA FASTENERS USA INC,POP RIVET,ARC210VA
86405382,609623566,AIRBOSS FLEXIBLE PRODUCTS CO,HNGR=INSULTR,ARC210VA
86405384,609623566,AIRBOSS FLEXIBLE PRODUCTS CO,INSULATOR-EXH S,ARC210VA
86405385,609623566,AIRBOSS FLEXIBLE PRODUCTS CO,INSULATOR-FRT S,ARC210VA
86405386,609623566,AIRBOSS FLEXIBLE PRODUCTS CO,INSULATOR-FRT S,ARC210VA
86405387,609623566,AIRBOSS FLEXIBLE PRODUCTS CO,INSULATOR-RR ST,ARC210VA
86405388,609623566,AIRBOSS FLEXIBLE PRODUCTS CO,INSULATOR-RR ST,ARC210VA
86405389,609623566,AIRBOSS FLEXIBLE PRODUCTS CO,HANGER ASM-EXH,ARC210VA
86405390,609623566,AIRBOSS FLEXIBLE PRODUCTS CO,HANGER ASM-EXH,ARC210VA
86405391,609623566,AIRBOSS FLEXIBLE PRODUCTS CO,HANGER ASM-EXH,ARC210VA
86405392,609623566,AIRBOSS FLEXIBLE PRODUCTS CO,HANGER ASM-EXH,ARC210VA
86405393,609623566,AIRBOSS FLEXIBLE PRODUCTS CO,INSULATOR-EXH F,ARC210VA
86405394,609623566,COOPER-STANDARD AUTOMOTIVE INC,RETAINER,ARC210VA
86405395,609623566,NORTH AMERICAN LIGHTING INC,HEADLAMP ASM-FR,ARC210VA
86405396,609623566,NORTH AMERICAN LIGHTING INC,HEADLAMP ASM-FR,ARC210VA
86405397,609623566,NORTH AMERICAN LIGHTING INC,HEADLAMP ASM-FR,ARC210VA
86405398,609623566,NORTH AMERICAN LIGHTING INC,HEADLAMP ASM-FR,ARC210VA
85046845,812833912,GNS CANTON LLC,BAR ASM-FRT S/D,ARC210VA
85092860,812833912,GNS CANTON LLC,BAR ASM-FRT S/D,ARC210VA
85092861,812833912,GNS CANTON LLC,BAR ASM-RR S/D,ARC210VA
86411706,812833912,GNS CANTON LLC,BAR ASM-RR S/D,ARC210VA
86411707,812833912,GNS CANTON LLC,BAR ASM-RR S/D,ARC210VA
86803245,812888593,GNS CANTON LLC,BAR ASM-RR S/D,ARC210VA
86803246,812888593,P&R FASTENERS INC,NUT,ARC210VA
84289334,812905909,P&R FASTENERS INC,NUT,ARC210VA
86282799,814330007,ALPINE ELECTRONICS OF AMERICA INC,AMPLIFIER ASM-R,ARC210VA
86282800,814330007,ALPINE ELECTRONICS OF AMERICA INC,CONTROL ASM-AM/,ARC210VA
86421729,814330007,ALPINE ELECTRONICS OF AMERICA INC,CLUSTER ASM-INS,ARC210VA
86421730,814330007,ALPINE ELECTRONICS OF AMERICA INC,CONTROL ASM-HTR,ARC210VA
86555781,814330007,ALPINE ELECTRONICS OF AMERICA INC,SWITCH ASM-INFO,ARC210VA
86555782,814330007,ALPINE ELECTRONICS OF AMERICA INC,SWITCH ASM-INFO,ARC210VA
86555785,814330007,STANLEY ENGINEERED FASTENING LLC,NUT-STAMP,ARC210VA
86555786,814330007,STANLEY ENGINEERED FASTENING LLC,NUT-F/SEAT,ARC210VA
86555789,814330007,HENNIGES AUTOMOTIVE SEALING SYSTEMS,WEATHERSTRIP AS,ARC210VA
86555790,814330007,HENNIGES AUTOMOTIVE SEALING SYSTEMS,WEATHERSTRIP AS,ARC210VA
13550912,814592697,HENNIGES AUTOMOTIVE SEALING SYSTEMS,WEATHERSTRIP AS,ARC210VA
85736214,815105697,HENNIGES AUTOMOTIVE SEALING SYSTEMS,WEATHERSTRIP AS,ARC210VA
85736215,815105697,HENNIGES AUTOMOTIVE SEALING SYSTEMS,WEATHERSTRIP AS,ARC210VA
85736216,815105697,HENNIGES AUTOMOTIVE SEALING SYSTEMS,WEATHERSTRIP AS,ARC210VA
86326723,815105697,HENNIGES AUTOMOTIVE SEALING SYSTEMS,WEATHERSTRIP AS,ARC210VA
85148035,000258301,HENNIGES AUTOMOTIVE SEALING SYSTEMS,WEATHERSTRIP AS,ARC410DA
85148036,000258301,VERITIV OPERATING COMPANY,L/PRTS=CNTR,ARC410DA
85148037,000258301,VERITIV OPERATING COMPANY,L/PRTS=CNTR,ARC410DA
84703735,000271932,TERMAX COMPANY,CLIP,ARC410DA
84263711,000271932,TERMAX COMPANY,NUT-PUSH IN,ARC410DA
84263712,000271932,TERMAX COMPANY,NUT-WING,ARC410DA
85070329,000271932,TERMAX COMPANY,RETAINER-.,ARC410DA
85070330,000271932,ARAYMOND NORTH AMERICA INC,NUT,ARC410DA
85093759,000271932,ARAYMOND NORTH AMERICA INC,NUT-MET TYPE DL,ARC410DA
24245110,006414353,ARAYMOND NORTH AMERICA INC,NUT-U/SPRING,ARC410DA
23188756,030993351,ARAYMOND NORTH AMERICA INC,NUT-U/SPRING,ARC410DA
15061946,051366094,ARAYMOND NORTH AMERICA INC,NUT - HEX,ARC410DA
11588323,052203171,ARAYMOND NORTH AMERICA INC,RETAINER,ARC410DA
11516836,052203171,ARAYMOND NORTH AMERICA INC,NUT-U/SPRING,ARC410DA
11603508,052959525,STANLEY ENGINEERED FASTENING LLC,STUD,ARC410DA
15017725,052959525,STANLEY ENGINEERED FASTENING LLC,RETAINER NUT PU,ARC410DA
11515638,058961707,STANLEY ENGINEERED FASTENING LLC,STUD ASM-WS RND,ARC410DA
11548587,058961707,STANLEY ENGINEERED FASTENING LLC,NUT,ARC410DA
11609656,58961707,STANLEY ENGINEERED FASTENING LLC,STUD ASM-WELD W,ARC410DA
11610693,058961707,STANLEY ENGINEERED FASTENING LLC,STUD,ARC410DA
11611007,058961707,STANLEY ENGINEERED FASTENING LLC,STUD,ARC410DA
11515842,058961707,AUTOELECTRIC OF AMERICA INC,HARNESS AS,ARC410DA
11548579,058961707,AUTOELECTRIC OF AMERICA INC,HARNESS ASM-CHA,ARC410DA
13538714,077496289,AUTOELECTRIC OF AMERICA INC,HARNESS ASM-CHA,ARC410DA
84338710,080646147,AUTOELECTRIC OF AMERICA INC,HARNESS ASM-CHA,ARC410DA
84338714,080646147,AUTOELECTRIC OF AMERICA INC,HARNESS ASM-CHA,ARC410DA
86388620,175597137,NOVARES US ENGINE COMPONENTS INC,GROMMET-RR BPR,ARC410DA
86390476,175597137,MICHELIN NORTH AMERICA INC,TIRE-FRT & RR,ARC410DA
85693478,607304180,PHILLIPS & TEMRO INDUSTRIES INC,HEATER ASM,ARC410DA
12670253,878516160,L&W INC,BRACKET-EGR PIP,ARC410DA
12696688,878516160,STABILUS INC,STRUT ASM-L/GAT,ARC410DA
12702904,878516160,STABILUS INC,STRUT ASM-L/GAT,ARC410DA
85713051,000167981,STABILUS INC,STRUT ASM-L/GAT,ARC510D
85821392,000167981,STABILUS INC,STRUT ASM-L/GAT,ARC510D
13551855,000198002,GM POWERTRAIN-FLINT,ENGINEDSL M6M,ARC510D
13551859,000198002,GM POWERTRAIN-FLINT,ENGINE ASM-DSL,ARC510D
86793767,000198002,SOUTHTEC LLC,REINFORCEMENT-F,ARC510D
13553639,000217372,SOUTHTEC LLC,REINFORCEMENT-F,ARC510D
84056018,000217372,SOUTHTEC LLC,REINFORCEMENT A,ARC510D
84266278,078488161,SOUTHTEC LLC,REINFORCEMENT-R,ARC510D
84324910,078488161,SOUTHTEC LLC,REINFORCEMENT-R,ARC510D
85578505,078488161,SOUTHTEC LLC,REINFORCEMENT-R,ARC510D
85585738,078488161,SOUTHTEC LLC,REINFORCEMENT-R,ARC510D
85585739,078488161,SOUTHTEC LLC,REINFORCEMENT-R,ARC510D
85733664,078488161,SOUTHTEC LLC,REINFORCEMENT-R,ARC510D
86496287,090136750,SOUTHTEC LLC,PANEL ASM-QTR I,ARC510D
85576561,090136750,SOUTHTEC LLC,PANEL ASM-QTR I,ARC510D
86311861,090136750,SOUTHTEC LLC,REINFORCEMENT A,ARC510D
13551255,090136750,SOUTHTEC LLC,REINFORCEMENT A,ARC510D
86823426,090136750,SOUTHTEC LLC,RETAINER-RR S/D,ARC510D
86823427,090136750,SOUTHTEC LLC,RETAINER-RR S/D,ARC510D
86823428,090136750,SOUTHTEC LLC,BRACE-FRT S/D O,ARC510D
86823429,090136750,SOUTHTEC LLC,BRACE-FRT S/D O,ARC510D
85054809,119456839,SOUTHTEC LLC,BRACE-RR S/D OT,ARC510D
85781526,130030141,SOUTHTEC LLC,BRACE-RR S/D OT,ARC510D
85781527,130030141,SOUTHTEC LLC,BRACE-RR S/D OT,ARC510D
85781528,130030141,SOUTHTEC LLC,BRACE-RR S/D OT,ARC510D
13569459,133272877,SOUTHTEC LLC,GUTTER-BODY SI,ARC510D
13574153,133272877,SOUTHTEC LLC,GUTTER-BODY SI,ARC510D
14515338,133272877,SOUTHTEC LLC,POCKET-BODY SI,ARC510D
86292751,133272877,SOUTHTEC LLC,POCKET-BODY SI,ARC510D
86335856,133272877,SOUTHTEC LLC,FILLER ASM-BODY,ARC510D
86336042,133272877,SOUTHTEC LLC,FILLER ASM-BODY,ARC510D
86336043,133272877,SOUTHTEC LLC,FILLER ASM-BODY,ARC510D
86336044,133272877,SOUTHTEC LLC,FILLER ASM-BODY,ARC510D
86336047,133272877,SOUTHTEC LLC,REINFORCEMENT-F,ARC510D
86420362,133272877,SOUTHTEC LLC,REINFORCEMENT-F,ARC510D
86420364,133272877,SOUTHTEC LLC,REINFORCEMENT A,ARC510D
86420366,133272877,SOUTHTEC LLC,REINFORCEMENT A,ARC510D
86420372,133272877,SOUTHTEC LLC,REINFORCEMENT A,ARC510D
86436534,133272877,SOUTHTEC LLC,REINFORCEMENT A,ARC510D
86436540,133272877,SOUTHTEC LLC,REINFORCEMENT-F,ARC510D
86436547,133272877,SOUTHTEC LLC,REINFORCEMENT-F,ARC510D
86436580,133272877,SOUTHTEC LLC,REINFORCEMENT-R,ARC510D
13552742,826223968,SOUTHTEC LLC,REINFORCEMENT-R,ARC510D
85602106,826223968,SOUTHTEC LLC,REINFORCEMENT-R,ARC510D
85602107,826223968,SOUTHTEC LLC,REINFORCEMENT-R,ARC510D
85602122,826223968,SOUTHTEC LLC,PANEL ASM-QTR I,ARC510D
85602123,826223968,SOUTHTEC LLC,PANEL ASM-QTR I,ARC510D
85602124,826223968,SOUTHTEC LLC,REINFORCEMENT A,ARC510D
85602125,826223968,SOUTHTEC LLC,REINFORCEM,ARC510D
85602126,826223968,SOUTHTEC LLC,REINFORCEM,ARC510D
85724179,826223968,SOUTHTEC LLC,REINFORCEM,ARC510D
13569877,826223968,SOUTHTEC LLC,REINFORCEM,ARC510D
23506106,121304518,ADDEV MATERIALS CONVERTING INC,PROTECTOR ASM-F,ARC510D
23506187,121304518,GM PERFORMANCE BUILD CENTER,ENGINE M9C,ARC510D
23506190,121304518,GM PERFORMANCE BUILD CENTER,ENGINE ASM,ARC510D
85142643,121304518,HARMAN BECKER AUTOMOTIVE SYSTEMS IN,SPEAKER ASM-RDO,ARC510D
86348716,121304518,HARMAN BECKER AUTOMOTIVE SYSTEMS IN,SPEAKER ASM-RDO,ARC510D
86348717,121304518,HARMAN BECKER AUTOMOTIVE SYSTEMS IN,SPEAKER ASM-RDO,ARC510D
86348727,121304518,HARMAN BECKER AUTOMOTIVE SYSTEMS IN,SPEAKER ASM-RDO,ARC510D
24072470,812246809,HARMAN BECKER AUTOMOTIVE SYSTEMS IN,SPEAKER ASM-RDO,ARC510D
84085854,812246809,HARMAN BECKER AUTOMOTIVE SYSTEMS IN,SPEAKER ASM-RDO,ARC510D
24288515,812246809,HARMAN BECKER AUTOMOTIVE SYSTEMS IN,SPEAKER ASM-RDO,ARC510D
84923388,812802230,HARMAN BECKER AUTOMOTIVE SYSTEMS IN,SPEAKER ASM-RDO,ARC510D
84923389,812802230,HARMAN BECKER AUTOMOTIVE SYSTEMS IN,SPEAKER ASM-RDO,ARC510D
84923390,812802230,HARMAN BECKER AUTOMOTIVE SYSTEMS IN,SPEAKER ASM-RDO,ARC510D
84923391,812802230,HARMAN BECKER AUTOMOTIVE SYSTEMS IN,SPEAKER ASM-RDO,ARC510D
86280831,812802230,HARMAN BECKER AUTOMOTIVE SYSTEMS IN,SPEAKER AS,ARC510D
86280832,812802230,HARMAN BECKER AUTOMOTIVE SYSTEMS IN,SPEAKER AS,ARC510D
86793380,812802230,HARMAN BECKER AUTOMOTIVE SYSTEMS IN,SPEAKER ASM-RDO,ARC510D
86793381,812802230,HARMAN BECKER AUTOMOTIVE SYSTEMS IN,AMPLIFIER ASM-R,ARC510D
85001499,812802230,HARMAN BECKER AUTOMOTIVE SYSTEMS IN,AMPLIFIER ASM-R,ARC510D
11605276,119239785,HARMAN BECKER AUTOMOTIVE SYSTEMS IN,AMPLIFIER ASM-R,ARC610DA
11546396,119239785,HARMAN BECKER AUTOMOTIVE SYSTEMS IN,AMPLIFIER ASM-R,ARC610DA
11549425,119239785,HARMAN BECKER AUTOMOTIVE SYSTEMS IN,AMPLIFIER ASM-R,ARC610DA
11588835,119239785,HARMAN BECKER AUTOMOTIVE SYSTEMS IN,AMPLIFIER ASM-R,ARC610DA
11602731,119239785,HARMAN BECKER AUTOMOTIVE SYSTEMS IN,AMPLIFIER ASM-R,ARC610DA
15032594,119239785,HARMAN BECKER AUTOMOTIVE SYSTEMS IN,AMPLIFIER ASM-R,ARC610DA
11602587,119239785,IROQUOIS INDUSTRIES INC,BRACKET,ARC610DA
85819332,000138784,WOODBRIDGE CHATTANOOGA FORMED PLAST,FILLER-R/FLR PN,ARC610DA
85791407,000243147,SODECIA SAFETY & MOBILITY AUBURN,LOOP ASM-CARGO,ARC610DA
85791408,000243147,DIEOMATIC INC,REINFORCEMENT-F,ARC610DA
85791409,000243147,DIEOMATIC INC,REINFORCEMENT-F,ARC610DA
85791411,000243147,LAWRENCE PLASTICS INC,FUNNEL KIT,ARC610DA
85836475,000243147,LAWRENCE PLASTICS INC,BRACKET ASM-FV,ARC610DA
85836476,000243147,LAWRENCE PLASTICS INC,PROTECTOR,ARC610DA
85836477,000243147,LAWRENCE PLASTICS INC,BRACKET-ECM,ARC610DA
86290716,000243147,LAWRENCE PLASTICS INC,BRACKET,ARC610DA
86290717,000243147,LAWRENCE PLASTICS INC,BRACKET,ARC610DA
86290718,000243147,LAWRENCE PLASTICS INC,BRACKET,ARC610DA
86455733,000243147,LAWRENCE PLASTICS INC,BRACKET,ARC610DA
86455734,000243147,LAWRENCE PLASTICS INC,COVER-AIRBAG SE,ARC610DA
86455735,000243147,LAWRENCE PLASTICS INC,BRACKET-NIGHT V,ARC610DA
86595957,000243147,LAWRENCE PLASTICS INC,BRACKET ASM-RDO,ARC610DA
86595958,000243147,LAWRENCE PLASTICS INC,BRACKET ASM-ECM,ARC610DA
86595959,000243147,LAWRENCE PLASTICS INC,BRACKET ASM-COM,ARC610DA
86595963,000243147,LAWRENCE PLASTICS INC,BRACKET-M/FUNC,ARC610DA
86595966,000243147,LAWRENCE PLASTICS INC,BRACKET ASM-ACT,ARC610DA
23469339,000243147,LAWRENCE PLASTICS INC,BRACKET ASM-UHF,ARC610DA
84209169,000243147,LAWRENCE PLASTICS INC,BRACKET ASM-FV,ARC610DA
86373425,000243147,LAWRENCE PLASTICS INC,BRACKET ASM-BCM,ARC610DA
85819309,000272310,LAWRENCE PLASTICS INC,PROTECTOR-M/FUN,ARC610DA
85819311,000272310,LAWRENCE PLASTICS INC,BRACKET ASM-FV,ARC610DA
86374049,000272310,LAWRENCE PLASTICS INC,BRACKET ASM-OCC,ARC610DA
86374051,000272310,PARKER AMERICAS INC,DEADENER-FRT S/,ARC610DA
86460645,000782793,CHALLENGE MFG COMPANY,RAIL ASM-U/B RR,ARC610DA
84676183,000782793,CHALLENGE MFG COMPANY,RAIL ASM-U/B RR,ARC610DA
85750870,000782793,CHALLENGE MFG COMPANY,RAIL ASM-U/B RR,ARC610DA
86389893,000782793,CHALLENGE MFG COMPANY,RAIL ASM-U/B RR,ARC610DA
11601786,005320304,CHALLENGE MFG COMPANY,SILL ASM-U/B #4,ARC610DA
11570092,005320304,CHALLENGE MFG COMPANY,OUTRIGGER ASM-U,ARC610DA
13556336,018414292,CHALLENGE MFG COMPANY,OUTRIGGER ASM-U,ARC610DA
13556338,018414292,CHALLENGE MFG COMPANY,SILL ASM-U/B RR,ARC610DA
11561855,019883003,CHALLENGE MFG COMPANY,BOW ASM-RF PNL,ARC610DA
84873860,020837233,CHALLENGE MFG COMPANY,BOW ASM-RF PNL,ARC610DA
11605278,021836754,CHALLENGE MFG COMPANY,PANEL ASM-RF FR,ARC610DA
84339419,042439265,CHALLENGE MFG COMPANY,SILL ASM-U/B RR,ARC610DA
55503484,067350017,CHALLENGE MFG COMPANY,SILL ASM-U/B RR,ARC610DA
84578451,078587549,CHALLENGE MFG COMPANY,BAR ASM-R/CMPT,ARC610DA
13588034,080210967,CHALLENGE MFG COMPANY,BAR ASM-R/CMPT,ARC610DA
11548791,081259198,CHALLENGE MFG COMPANY,SILL ASM,ARC610DA
11601744,081259198,CHALLENGE MFG COMPANY,OUTRIGGER,ARC610DA
11603681,081259198,CHALLENGE MFG COMPANY,OUTRIGGER,ARC610DA
03875313,117470668,MINTH TAWAS MANUFACTURING INC,VENT ASM-F/FDR,ARC610DA
85072721,117696538,MINTH TAWAS MANUFACTURING INC,VENT ASM-F/FDR,ARC610DA
85072722,117696538,MINTH TAWAS MANUFACTURING INC,VENT ASM-F/FDR,ARC610DA
85075315,117696538,MINTH TAWAS MANUFACTURING INC,VENT ASM-F/FDR,ARC610DA
85075316,117696538,MINTH TAWAS MANUFACTURING INC,VENT ASM-F/FDR,ARC610DA
85075317,117696538,MINTH TAWAS MANUFACTURING INC,VENT ASM-F/FDR,ARC610DA
85075318,117696538,MINTH TAWAS MANUFACTURING INC,VENT ASM-F/FDR,ARC610DA
85075319,117696538,MINTH TAWAS MANUFACTURING INC,VENT ASM-F/FDR,ARC610DA
85820687,117696538,MINTH TAWAS MANUFACTURING INC,VENT ASM-F/FDR,ARC610DA
85837508,117696538,MINTH TAWAS MANUFACTURING INC,VENT ASM-F/FDR,ARC610DA
87838555,117696538,MINTH TAWAS MANUFACTURING INC,VENT ASM-F/FDR,ARC610DA
09596070,118257772,MINTH TAWAS MANUFACTURING INC,VENT ASM-F/FDR,ARC610DA
13572693,118979870,MINTH TAWAS MANUFACTURING INC,VENT ASM-F/FDR,ARC610DA
13572694,118979870,MINTH TAWAS MANUFACTURING INC,VENT ASM-F/FDR,ARC610DA
13572695,118979870,MINTH TAWAS MANUFACTURING INC,VENT ASM-F/FDR,ARC610DA
13572698,118979870,MINTH TAWAS MANUFACTURING INC,VENT ASM-F/FDR,ARC610DA
13572699,118979870,GLOVIS ALABAMA LLC,FIXED BUMPER-HO,ARC610DA
13572700,118979870,GM METAL FAB - LGS,PANEL-FRT S/D I,ARC610DA
13572702,118979870,ROBERT BOSCH LLC,SENSOR ASM,ARC610DA
13572704,118979870,ROBERT BOSCH LLC,SENSOR ASM,ARC610DA
13572705,118979870,ROBERT BOSCH LLC,INJECTOR A,ARC610DA
13573373,118979870,ROBERT BOSCH LLC,BLADE ASM-WSW,ARC610DA
13573378,118979870,ROBERT BOSCH LLC,SENSOR ASM,ARC610DA
13573379,118979870,HWASEUNG AUTOMOTIVE USA LLC,PIPE ASM-TRANS,ARC610DA
13573383,118979870,DENSO INTERNATIONAL AMERICA INC,STARTER ASM-.,ARC610DA
13573388,118979870,GENTEX CORPORATION,MIRROR ASM-I/S,ARC610DA
14514633,118979870,GENTEX CORPORATION,MIRROR ASM-I/S,ARC610DA
14514639,118979870,ABC TECHNOLOGIES DLHB INC,CLIP-SUN RF HSG,ARC610DA
14514649,118979870,ABC TECHNOLOGIES DLHB INC,TUBE ASM-INT AI,ARC610DA
14516075,118979870,ABC TECHNOLOGIES DLHB INC,TUBE ASM-PCV FO,ARC610DA
14516076,118979870,ABC TECHNOLOGIES DLHB INC,TUBE ASM-PCV FR,ARC610DA
14516077,118979870,ABC TECHNOLOGIES DLHB INC,TUBE ASM-PCV FR,ARC610DA
14516080,118979870,ABC TECHNOLOGIES DLHB INC,TUBE ASM-PCV FO,ARC610DA
14516081,118979870,ABC TECHNOLOGIES DLHB INC,TUBE ASM-PCV FO,ARC610DA
14516082,118979870,ABC TECHNOLOGIES DLHB INC,TUBE ASM-EVAP E,ARC610DA
14516084,118979870,ABC TECHNOLOGIES DLHB INC,TUBE ASM-EVAP E,ARC610DA
14516086,118979870,ABC TECHNOLOGIES DLHB INC,HOSE ASM-SUN RF,ARC610DA
14516087,118979870,ABC TECHNOLOGIES DLHB INC,HOSE ASM-R/WDO,ARC610DA
84674408,122564896,ABC TECHNOLOGIES DLHB INC,HOSE ASM-SUN RF,ARC610DA
85692868,122564896,ABC TECHNOLOGIES DLHB INC,HOSE ASM-R/WDO,ARC610DA
85692870,122564896,ABC TECHNOLOGIES DLHB INC,HOSE ASM-R/WDO,ARC610DA
86281728,122564896,ABC TECHNOLOGIES DLHB INC,HOSE ASM-R/WDO,ARC610DA
86281729,122564896,ABC TECHNOLOGIES DLHB INC,HOSE ASM-SUN RF,ARC610DA
84272998,134583202,ABC TECHNOLOGIES DLHB INC,HOSE ASM-SUN RF,ARC610DA
86291097,147197677,ABC TECHNOLOGIES DLHB INC,HOSE ASM-SUN RF,ARC610DA
86291098,147197677,ABC TECHNOLOGIES DLHB INC,HOSE ASM-SUN RF,ARC610DA
86421461,147197677,ILLINOIS TOOL WORKS INC,VALVE ASM-BODY,ARC610DA
86421462,147197677,LACKS EXTERIOR SYSTEMS LLC,MOLDING ASM-HOO,ARC610DA
85126630,168000433,LACKS EXTERIOR SYSTEMS LLC,MOLDING AS,ARC610DA
85126631,168000433,LACKS EXTERIOR SYSTEMS LLC,MOLDING ASM-HOO,ARC610DA
86540876,180132420,COASTAL AUTOMOTIVE LLC,ABSORBER-RR RF,ARC610DA
86329025,180132420,COASTAL AUTOMOTIVE LLC,ABSORBER-RR HDR,ARC610DA
86425765,180132420,EDSCHA AUTOMOTIVE MICHIGAN INC,ACTUATOR ASM-L/,ARC610DA
24072682,182824722,EDSCHA AUTOMOTIVE MICHIGAN INC,STRUT ASM-L/GAT,ARC610DA
85732681,184861805,DENSO MANUFACTURING TENNESSEE INC,ANTENNA ASM-LOW,ARC610DA
85547954,184861805,DENSO MANUFACTURING TENNESSEE INC,ANTENNA ASM-LOW,ARC610DA
85547955,184861805,DENSO MANUFACTURING TENNESSEE INC,ANTENNA ASM-LOW,ARC610DA
86443412,184861805,DENSO MANUFACTURING TENNESSEE INC,ANTENNA ASM-LOW,ARC610DA
86443413,184861805,DENSO MANUFACTURING TENNESSEE INC,MODULE ASM-EXTR,ARC610DA
86443414,184861805,DENSO MANUFACTURING TENNESSEE INC,MODULE ASM-BODY,ARC610DA
86443415,184861805,DENSO MANUFACTURING TENNESSEE INC,MODULE ASM-BODY,ARC610DA
20064875,184861805,KERR INDUSTRIES OF TEXAS INC,PARTS PKG-MISC,ARC610DA
09595174,557463135,KERR INDUSTRIES OF TEXAS INC,PARTS PKG-MISC,ARC610DA
11549288,557463135,KERR INDUSTRIES OF TEXAS INC,PARTS PKG-MISC,ARC610DA
11609716,557463135,KERR INDUSTRIES OF TEXAS INC,PARTS PKG-MISC,ARC610DA
11612295,557463135,KERR INDUSTRIES OF TEXAS INC,PARTS PKG-MISC,ARC610DA
23135908,620897061,KERR INDUSTRIES OF TEXAS INC,PARTS PKG-MISC,ARC610DA
84209354,620897061,KERR INDUSTRIES OF TEXAS INC,PARTS PKG-MISC,ARC610DA
85589818,620897061,MID WEST FABRICATING CO,HOOK-FRT TOW,ARC610DA
86783144,620897061,MID WEST FABRICATING CO,HOOK-FRT TOW,ARC610DA
11562514,621472831,SHANNON PRECISION FASTENER LLC,BOLT ASM-HX HD,ARC610DA
11609271,623860249,SHANNON PRECISION FASTENER LLC,BOLT/SCREW,ARC610DA
25872391,784440104,SHANNON PRECISION FASTENER LLC,BOLT ASM-HX HD,ARC610DA
11602092,835469453,SHANNON PRECISION FASTENER LLC,BOLT/SCREW,ARC610DA
15261447,933877334,SHANNON PRECISION FASTENER LLC,BOLT/SCREW,ARC610DA
85867777,933877334,SHANNON PRECISION FASTENER LLC,BOLT/SCREW,ARC610DA
85629475,941896052,SHANNON PRECISION FASTENER LLC,BOLT-HEX FLANGE,ARC610DA
84299566,968663109,SHANNON PRECISION FASTENER LLC,BOLT/SCREW,ARC610DA
84787836,968663109,SHANNON PRECISION FASTENER LLC,BOLT/SCREW,ARC610DA
84805444,968663109,SHANNON PRECISION FASTENER LLC,BOLT/SCREW,ARC610DA
84626747,000782768,SHANNON PRECISION FASTENER LLC,BOLT/SCREW,ARC610IDY
11104191,315960245,SHANNON PRECISION FASTENER LLC,BOLT/SCREW,ARC610IDY
11549262,315960245,SHANNON PRECISION FASTENER LLC,BOLT - HVY HX F,ARC610IDY
11570142,315960245,SHANNON PRECISION FASTENER LLC,BOLT ASM-HX HD,ARC610IDY
11570273,315960245,SHANNON PRECISION FASTENER LLC,BOLT/SCREW,ARC610IDY
84672504,315960245,SHANNON PRECISION FASTENER LLC,BOLT ASM-W/CONI,ARC610IDY
13548316,344662142,SHANNON PRECISION FASTENER LLC,BOLT ASM-HEX HD,ARC610IDY
85785532,353189309,SHANNON PRECISION FASTENER LLC,BOLT ASM-HEX HE,ARC610IDY
40009254,495177238,SHANNON PRECISION FASTENER LLC,BOLT-HVY HX ACO,ARC610IDY
86328296,567298132,SHANNON PRECISION FASTENER LLC,BOLT/SCREW,ARC610IDY
40009740,764361046,SHANNON PRECISION FASTENER LLC,BOLT ASM - HX H,ARC610IDY
40009741,764361046,SHANNON PRECISION FASTENER LLC,BOLT - HVY HX F,ARC610IDY
40009742,764361046,SHANNON PRECISION FASTENER LLC,BOLT - HVY HX F,ARC610IDY
55503171,291158210,SHANNON PRECISION FASTENER LLC,STUD-DOUBLE END,ARC610IDY
13566324,312678445,SHANNON PRECISION FASTENER LLC,BOLT/SCREW-.,ARC610IDY
20814889,313687353,SHANNON PRECISION FASTENER LLC,BOLT/SCREW-.,ARC610IDY
39031259,315012963,SHANNON PRECISION FASTENER LLC,BOLT/SCREW-.,ARC610IDY
90214255,315034272,SHANNON PRECISION FASTENER LLC,BOLT/SCREW-.,ARC610IDY
86586530,331043633,SHANNON PRECISION FASTENER LLC,BOLT/SCREW-.,ARC610IDY
40009037,343599246,SHANNON PRECISION FASTENER LLC,BOLT/SCREW-.,ARC610IDY
86787614,364721126,SHANNON PRECISION FASTENER LLC,BOLT/SCREW,ARC610IDY
13568340,367109928,SHANNON PRECISION FASTENER LLC,BOLT/SCREW,ARC610IDY
85842689,368135153,ANGSTROM ELECTRIC LLC,CABLE ASM-GEN B,ARC610IDY
85091270,421251063,ANGSTROM ELECTRIC LLC,CABLE ASM,ARC610IDY
84817040,421279673,ANGSTROM ELECTRIC LLC,HARNESS ASM-P/S,ARC610IDY
86416458,421302711,ANGSTROM ELECTRIC LLC,CABLE ASM-STRTR,ARC610IDY
87857479,421302711,ANGSTROM ELECTRIC LLC,CABLE ASM-STRTR,ARC610IDY
24045331,421331725,ANGSTROM ELECTRIC LLC,CABLE ASM-STRTR,ARC610IDY
40009370,429147374,ANGSTROM ELECTRIC LLC,STRAP-BAT POS &,ARC610IDY
13569122,432578912,ANGSTROM ELECTRIC LLC,HARNESS ASM-P/S,ARC610IDY
23356910,466538168,ANGSTROM ELECTRIC LLC,HARNESS ASM-P/S,ARC610IDY
85603804,467868592,ANGSTROM ELECTRIC LLC,CABLE ASM-STRTR,ARC610IDY
40009522,495123853,ANGSTROM ELECTRIC LLC,CABLE ASM-STRTR,ARC610IDY
40009523,495123853,ANGSTROM ELECTRIC LLC,CABLE ASM-GEN B,ARC610IDY
84416147,544321108,ANGSTROM ELECTRIC LLC,CABLE ASM-GEN B,ARC610IDY
84416151,544321108,ANGSTROM ELECTRIC LLC,STRAP-BAT POS &,ARC610IDY
40009059,544407017,ANGSTROM ELECTRIC LLC,CABLE ASM-GEN B,ARC610IDY
84908991,544586013,ANGSTROM ELECTRIC LLC,HARNESS ASM-P/S,ARC610IDY
85084999,544586013,INTERNATIONAL AUTOMOTIVE COMPONENTS,PIN-F/FLR CNSL,ARC610IDY
85085000,544586013,INTERNATIONAL AUTOMOTIVE COMPONENTS,PANEL ASM-F/FLR,ARC610IDY
85525330,544586013,INTERNATIONAL AUTOMOTIVE COMPONENTS,PANEL ASM-F/FLR,ARC610IDY
85525331,544586013,INTERNATIONAL AUTOMOTIVE COMPONENTS,CAP-FRT S/D A/R,ARC610IDY
87860609,544586013,INTERNATIONAL AUTOMOTIVE COMPONENTS,CAP-FRT S/D A/R,ARC610IDY
87860610,544586013,INTERNATIONAL AUTOMOTIVE COMPONENTS,CAP-RR S/D A/RS,ARC610IDY
87860611,544586013,INTERNATIONAL AUTOMOTIVE COMPONENTS,CAP-RR S/D A/RS,ARC610IDY
87860612,544586013,INTERNATIONAL AUTOMOTIVE COMPONENTS,PANEL ASM-F/FLR,ARC610IDY
87860615,544586013,INTERNATIONAL AUTOMOTIVE COMPONENTS,PANEL ASM-F/FLR,ARC610IDY
84316898,544908429,INTERNATIONAL AUTOMOTIVE COMPONENTS,PANEL ASM-F/FLR,ARC610IDY
84316901,544908429,INTERNATIONAL AUTOMOTIVE COMPONENTS,PANEL ASM-F/FLR,ARC610IDY
84550931,544908429,INTERNATIONAL AUTOMOTIVE COMPONENTS,BOLSTER ASM-I/P,ARC610IDY
85612770,544908429,INTERNATIONAL AUTOMOTIVE COMPONENTS,BOLSTER ASM-I/P,ARC610IDY
85612771,544908429,INTERNATIONAL AUTOMOTIVE COMPONENTS,BOLSTER ASM-I/P,ARC610IDY
13570649,544908429,INTERNATIONAL AUTOMOTIVE COMPONENTS,BOLSTER ASM-I/P,ARC610IDY
13570650,544908429,INTERNATIONAL AUTOMOTIVE COMPONENTS,PANEL ASM-I/P L,ARC610IDY
84164380,544908429,INTERNATIONAL AUTOMOTIVE COMPONENTS,PANEL ASM-I/P L,ARC610IDY
84258411,544908429,INTERNATIONAL AUTOMOTIVE COMPONENTS,CLIP-F/FLR CNSL,ARC610IDY
85612783,544908429,INTERNATIONAL AUTOMOTIVE COMPONENTS,PIN-F/FLR CNSL,ARC610IDY
85545562,544925969,INTERNATIONAL AUTOMOTIVE COMPONENTS,SPRING-F/FLR CN,ARC610IDY
86564085,544925969,INTERNATIONAL AUTOMOTIVE COMPONENTS,SPRING-F/FLR CN,ARC610IDY
86564086,544925969,INTERNATIONAL AUTOMOTIVE COMPONENTS,PANEL ASM-HDLNG,ARC610IDY
84674408,545238347,INTERNATIONAL AUTOMOTIVE COMPONENTS,PANEL ASM-HDLNG,ARC610IDY
86277742,545249849,INTERNATIONAL AUTOMOTIVE COMPONENTS,PANEL ASM-HDLNG,ARC610IDY
86277743,545249849,INTERNATIONAL AUTOMOTIVE COMPONENTS,PANEL ASM-HDLNG,ARC610IDY
22894407,545249849,INTERNATIONAL AUTOMOTIVE COMPONENTS,PANEL ASM-HDLNG,ARC610IDY
84646683,545249849,INTERNATIONAL AUTOMOTIVE COMPONENTS,PANEL ASM-HDLNG,ARC610IDY
84646684,545249849,INTERNATIONAL AUTOMOTIVE COMPONENTS,TRAY-F/FLR CNSL,ARC610IDY
85612773,545249849,INTERNATIONAL AUTOMOTIVE COMPONENTS,SPRING-F/FLR CN,ARC610IDY
86277744,545249849,INTERNATIONAL AUTOMOTIVE COMPONENTS,SPRING-F/FLR CN,ARC610IDY
86277745,545249849,INTERNATIONAL AUTOMOTIVE COMPONENTS,HOLDER ASM-F/FL,ARC610IDY
23287648,545264020,INTERNATIONAL AUTOMOTIVE COMPONENTS,HOLDER ASM-F/FL,ARC610IDY
37183487,545264020,INTERNATIONAL AUTOMOTIVE COMPONENTS,CARRIER ASM-F/F,ARC610IDY
84962031,545264020,INTERNATIONAL AUTOMOTIVE COMPONENTS,CAP,ARC610IDY
85002880,545264020,INTERNATIONAL AUTOMOTIVE COMPONENTS,CAP,ARC610IDY
86435402,545264020,INTERNATIONAL AUTOMOTIVE COMPONENTS,CAP,ARC610IDY
86579555,545264020,INTERNATIONAL AUTOMOTIVE COMPONENTS,CAP,ARC610IDY
86330879,545288177,INTERNATIONAL AUTOMOTIVE COMPONENTS,CARRIER ASM-I/P,ARC610IDY
86423119,545288177,INTERNATIONAL AUTOMOTIVE COMPONENTS,COMPARTMENT ASM,ARC610IDY
84895135,545294258,INTERNATIONAL AUTOMOTIVE COMPONENTS,COMPARTMENT ASM,ARC610IDY
84926021,545294258,INTERNATIONAL AUTOMOTIVE COMPONENTS,COMPARTMENT ASM,ARC610IDY
85608903,545294258,INTERNATIONAL AUTOMOTIVE COMPONENTS,COMPARTMENT ASM,ARC610IDY
86300231,545294258,INTERNATIONAL AUTOMOTIVE COMPONENTS,CARRIER ASM-F/F,ARC610IDY
85011771,554469633,INTERNATIONAL AUTOMOTIVE COMPONENTS,CARRIER ASM-F/F,ARC610IDY
85011772,554469633,INTERNATIONAL AUTOMOTIVE COMPONENTS,CARRIER ASM-F/F,ARC610IDY
86356442,555343750,INTERNATIONAL AUTOMOTIVE COMPONENTS,CARRIER ASM-F/F,ARC610IDY
86291465,555343750,INTERNATIONAL AUTOMOTIVE COMPONENTS,CARRIER ASM-F/F,ARC610IDY
86460882,555343750,INTERNATIONAL AUTOMOTIVE COMPONENTS,CARRIER ASM-F/F,ARC610IDY
86460867,555343750,INTERNATIONAL AUTOMOTIVE COMPONENTS,COMPARTMENT ASM,ARC610IDY
13556239,565513831,INTERNATIONAL AUTOMOTIVE COMPONENTS,COMPARTMENT ASM,ARC610IDY
55514990,644777716,INTERNATIONAL AUTOMOTIVE COMPONENTS,COMPARTMENT ASM,ARC610IDY
84664540,654558089,INTERNATIONAL AUTOMOTIVE COMPONENTS,COMPARTMENT ASM,ARC610IDY
87848416,654558089,INTERNATIONAL AUTOMOTIVE COMPONENTS,COVER ASM,ARC610IDY
85618156,654561240,INTERNATIONAL AUTOMOTIVE COMPONENTS,COVER ASM,ARC610IDY
86336023,654593565,INTERNATIONAL AUTOMOTIVE COMPONENTS,SPRING-F/FLR CN,ARC610IDY
23400376,654593565,INTERNATIONAL AUTOMOTIVE COMPONENTS,SPRING-F/FLR CN,ARC610IDY
23440294,654593565,INTERNATIONAL AUTOMOTIVE COMPONENTS,PANEL,ARC610IDY
84267885,654593565,INTERNATIONAL AUTOMOTIVE COMPONENTS,PANEL,ARC610IDY
84267886,654593565,INTERNATIONAL AUTOMOTIVE COMPONENTS,PANEL,ARC610IDY
84267895,654593565,INTERNATIONAL AUTOMOTIVE COMPONENTS,PANEL,ARC610IDY
84267898,654593565,INTERNATIONAL AUTOMOTIVE COMPONENTS,PANEL,ARC610IDY
84267899,654593565,INTERNATIONAL AUTOMOTIVE COMPONENTS,PANEL,ARC610IDY
84267906,654593565,INTERNATIONAL AUTOMOTIVE COMPONENTS,PANEL,ARC610IDY
84267920,654593565,INTERNATIONAL AUTOMOTIVE COMPONENTS,PANEL,ARC610IDY
84470959,654593565,INTERNATIONAL AUTOMOTIVE COMPONENTS,PANEL,ARC610IDY
84707393,654593565,INTERNATIONAL AUTOMOTIVE COMPONENTS,PANEL,ARC610IDY
84718843,654593565,INTERNATIONAL AUTOMOTIVE COMPONENTS,PANEL,ARC610IDY
84740919,654593565,INTERNATIONAL AUTOMOTIVE COMPONENTS,PANEL,ARC610IDY
84750158,654593565,INTERNATIONAL AUTOMOTIVE COMPONENTS,PANEL,ARC610IDY
84813213,654593565,INTERNATIONAL AUTOMOTIVE COMPONENTS,PANEL,ARC610IDY
84913746,654593565,INTERNATIONAL AUTOMOTIVE COMPONENTS,PANEL,ARC610IDY
12685913,682169565,INTERNATIONAL AUTOMOTIVE COMPONENTS,PANEL,ARC610IDY
55490583,682169565,INTERNATIONAL AUTOMOTIVE COMPONENTS,PANEL,ARC610IDY
13567781,687786459,INTERNATIONAL AUTOMOTIVE COMPONENTS,PANEL,ARC610IDY
13530679,687914069,INTERNATIONAL AUTOMOTIVE COMPONENTS,COVER ASM-I/P S,ARC610IDY
13558435,687914069,INTERNATIONAL AUTOMOTIVE COMPONENTS,COVER ASM-I/P S,ARC610IDY
12745199,687998547,INTERNATIONAL AUTOMOTIVE COMPONENTS,PANEL-HDLNG TR,ARC610IDY
84342483,688197008,INTERNATIONAL AUTOMOTIVE COMPONENTS,PANEL-HDLNG TR,ARC610IDY
84663715,688197008,INTERNATIONAL AUTOMOTIVE COMPONENTS,PANEL-HDLNG TR,ARC610IDY
84663716,688197008,INTERNATIONAL AUTOMOTIVE COMPONENTS,PANEL-HDLNG TR,ARC610IDY
84452971,688328004,INTERNATIONAL AUTOMOTIVE COMPONENTS,CARRIER ASM-F/F,ARC610IDY
95226685,688328004,INTERNATIONAL AUTOMOTIVE COMPONENTS,CONSOLE ASM-F/F,ARC610IDY
84557549,688379886,INTERNATIONAL AUTOMOTIVE COMPONENTS,PANEL ASM-F/FLR,ARC610IDY
85779882,688379886,INTERNATIONAL AUTOMOTIVE COMPONENTS,PANEL ASM-F/FLR,ARC610IDY
85779883,688379886,INTERNATIONAL AUTOMOTIVE COMPONENTS,PANEL ASM-F/FLR,ARC610IDY
86275816,688379886,INTERNATIONAL AUTOMOTIVE COMPONENTS,TRIM ASM-FRT S/,ARC610IDY
11588685,689286011,INTERNATIONAL AUTOMOTIVE COMPONENTS,TRIM ASM-FRT S/,ARC610IDY
11562514,689286011,INTERNATIONAL AUTOMOTIVE COMPONENTS,TRIM ASM-RR S/D,ARC610IDY
11588722,689286011,INTERNATIONAL AUTOMOTIVE COMPONENTS,TRIM ASM-RR S/D,ARC610IDY
11588724,689286011,INTERNATIONAL AUTOMOTIVE COMPONENTS,TRIM ASM-RR S/D,ARC610IDY
11588725,689286011,INTERNATIONAL AUTOMOTIVE COMPONENTS,TRIM ASM-RR S/D,ARC610IDY
11602919,689286011,INTERNATIONAL AUTOMOTIVE COMPONENTS,TRIM ASM-FRT S/,ARC610IDY
85831308,689605484,INTERNATIONAL AUTOMOTIVE COMPONENTS,TRIM ASM-FRT S/,ARC610IDY
85852508,694893901,INTERNATIONAL AUTOMOTIVE COMPONENTS,TRIM ASM-RR S/D,ARC610IDY
85716277,000241018,INTERNATIONAL AUTOMOTIVE COMPONENTS,TRIM ASM-RR S/D,ARC610LY
85716278,000241018,INTERNATIONAL AUTOMOTIVE COMPONENTS,TRIM ASM-RR S/D,ARC610LY
84495980,005050406,INTERNATIONAL AUTOMOTIVE COMPONENTS,TRIM ASM-RR S/D,ARC610LY
11612112,005340591,INTERNATIONAL AUTOMOTIVE COMPONENTS,TRIM ASM-RR S/D,ARC610LY
11546890,005346754,INTERNATIONAL AUTOMOTIVE COMPONENTS,TRIM ASM-RR S/D,ARC610LY
11562587,005346754,INTERNATIONAL AUTOMOTIVE COMPONENTS,TRIM ASM-RR S/D,ARC610LY
11603949,005346754,INTERNATIONAL AUTOMOTIVE COMPONENTS,TRIM ASM-RR S/D,ARC610LY
11603192,005349444,INTERNATIONAL AUTOMOTIVE COMPONENTS,TRIM ASM-FRT S/,ARC610LY
11603614,005349444,INTERNATIONAL AUTOMOTIVE COMPONENTS,TRIM ASM-FRT S/,ARC610LY
11604366,005349444,INTERNATIONAL AUTOMOTIVE COMPONENTS,TRIM ASM-RR S/D,ARC610LY
11603444,005354907,INTERNATIONAL AUTOMOTIVE COMPONENTS,TRIM ASM-RR S/D,ARC610LY
11609652,005354907,INTERNATIONAL AUTOMOTIVE COMPONENTS,TRIM ASM-RR S/D,ARC610LY
11588723,005354907,INTERNATIONAL AUTOMOTIVE COMPONENTS,TRIM ASM-RR S/D,ARC610LY
11603685,005354907,INTERNATIONAL AUTOMOTIVE COMPONENTS,TRIM ASM-FRT S/,ARC610LY
42853571,005509385,INTERNATIONAL AUTOMOTIVE COMPONENTS,TRIM ASM-FRT S/,ARC610LY
85664881,005509385,INTERNATIONAL AUTOMOTIVE COMPONENTS,TRIM ASM-RR S/D,ARC610LY
84017677,005509385,INTERNATIONAL AUTOMOTIVE COMPONENTS,TRIM ASM-RR S/D,ARC610LY
25939284,005509385,INTERNATIONAL AUTOMOTIVE COMPONENTS,TRIM ASM-RR S/D,ARC610LY
23393219,005509385,INTERNATIONAL AUTOMOTIVE COMPONENTS,TRIM ASM-RR S/D,ARC610LY
85575831,005509385,INTERNATIONAL AUTOMOTIVE COMPONENTS,TRIM ASM-RR S/D,ARC610LY
85649777,005509385,INTERNATIONAL AUTOMOTIVE COMPONENTS,TRIM ASM-RR S/D,ARC610LY
11588317,006553036,INTERNATIONAL AUTOMOTIVE COMPONENTS,TRIM ASM-RR S/D,ARC610LY
11519508,006553036,INTERNATIONAL AUTOMOTIVE COMPONENTS,TRIM ASM-RR S/D,ARC610LY
11609283,006553036,INTERNATIONAL AUTOMOTIVE COMPONENTS,TRIM ASM-FRT S/,ARC610LY
11609284,006553036,INTERNATIONAL AUTOMOTIVE COMPONENTS,TRIM ASM-FRT S/,ARC610LY
84969436,022687246,INTERNATIONAL AUTOMOTIVE COMPONENTS,TRIM ASM-RR S/D,ARC610LY
84705366,022687246,INTERNATIONAL AUTOMOTIVE COMPONENTS,TRIM ASM-RR S/D,ARC610LY
84705367,022687246,INTERNATIONAL AUTOMOTIVE COMPONENTS,TRIM ASM-RR S/D,ARC610LY
84969437,022687246,INTERNATIONAL AUTOMOTIVE COMPONENTS,TRIM ASM-RR S/D,ARC610LY
11546843,059897736,INTERNATIONAL AUTOMOTIVE COMPONENTS,TRIM ASM-FRT S/,ARC610LY
11562464,059897736,INTERNATIONAL AUTOMOTIVE COMPONENTS,TRIM ASM-FRT S/,ARC610LY
11570364,059897736,INTERNATIONAL AUTOMOTIVE COMPONENTS,TRIM ASM-RR S/D,ARC610LY
11611072,059897736,INTERNATIONAL AUTOMOTIVE COMPONENTS,TRIM ASM-RR S/D,ARC610LY
11611803,059897736,INTERNATIONAL AUTOMOTIVE COMPONENTS,TRIM ASM-RR S/D,ARC610LY
11549126,059897736,INTERNATIONAL AUTOMOTIVE COMPONENTS,TRIM ASM-RR S/D,ARC610LY
11569839,059897736,INTERNATIONAL AUTOMOTIVE COMPONENTS,TRIM ASM-RR S/D,ARC610LY
11609282,087709226,INTERNATIONAL AUTOMOTIVE COMPONENTS,TRIM ASM-RR S/D,ARC610LY
11611049,087709226,INTERNATIONAL AUTOMOTIVE COMPONENTS,TRIM ASM-RR S/D,ARC610LY
11611313,087709226,INTERNATIONAL AUTOMOTIVE COMPONENTS,TRIM ASM-RR S/D,ARC610LY
11603030,108171489,INTERNATIONAL AUTOMOTIVE COMPONENTS,TRIM ASM-FRT S/,ARC610LY
11549199,143630924,INTERNATIONAL AUTOMOTIVE COMPONENTS,TRIM ASM-FRT S/,ARC610LY
11549370,143630924,INTERNATIONAL AUTOMOTIVE COMPONENTS,TRIM ASM-RR S/D,ARC610LY
11605272,143630924,INTERNATIONAL AUTOMOTIVE COMPONENTS,TRIM ASM-RR S/D,ARC610LY
11610136,143630924,INTERNATIONAL AUTOMOTIVE COMPONENTS,TRIM ASM-RR S/D,ARC610LY
11549315,623860249,INTERNATIONAL AUTOMOTIVE COMPONENTS,TRIM ASM-RR S/D,ARC610LY
11546968,623860249,INTERNATIONAL AUTOMOTIVE COMPONENTS,TRIM ASM-FRT S/,ARC610LY
10271003,623860249,INTERNATIONAL AUTOMOTIVE COMPONENTS,TRIM ASM-FRT S/,ARC610LY
11547412,623860249,INTERNATIONAL AUTOMOTIVE COMPONENTS,TRIM ASM-RR S/D,ARC610LY
11548191,623860249,INTERNATIONAL AUTOMOTIVE COMPONENTS,TRIM ASM-RR S/D,ARC610LY
11549359,623860249,INTERNATIONAL AUTOMOTIVE COMPONENTS,TRIM ASM-RR S/D,ARC610LY
11571162,623860249,INTERNATIONAL AUTOMOTIVE COMPONENTS,TRIM ASM-RR S/D,ARC610LY
11588468,623860249,INTERNATIONAL AUTOMOTIVE COMPONENTS,TRIM ASM-RR S/D,ARC610LY
11588716,623860249,INTERNATIONAL AUTOMOTIVE COMPONENTS,TRIM ASM-RR S/D,ARC610LY
11588739,623860249,INTERNATIONAL AUTOMOTIVE COMPONENTS,TRIM ASM-RR S/D,ARC610LY
11602000,623860249,INTERNATIONAL AUTOMOTIVE COMPONENTS,TRIM ASM-RR S/D,ARC610LY
11602855,623860249,INTERNATIONAL AUTOMOTIVE COMPONENTS,TRIM ASM-FRT S/,ARC610LY
15733192,623860249,INTERNATIONAL AUTOMOTIVE COMPONENTS,TRIM ASM-FRT S/,ARC610LY
86558868,796778889,INTERNATIONAL AUTOMOTIVE COMPONENTS,TRIM ASM-RR S/D,ARC610LY
15788083,796778889,INTERNATIONAL AUTOMOTIVE COMPONENTS,TRIM ASM-RR S/D,ARC610LY
25652432,796778889,INTERNATIONAL AUTOMOTIVE COMPONENTS,TRIM ASM-RR S/D,ARC610LY
25883487,796778889,INTERNATIONAL AUTOMOTIVE COMPONENTS,TRIM ASM-RR S/D,ARC610LY
84585712,796778889,INTERNATIONAL AUTOMOTIVE COMPONENTS,TRIM ASM-FRT S/,ARC610LY
15184051,800221918,INTERNATIONAL AUTOMOTIVE COMPONENTS,TRIM ASM-FRT S/,ARC610LY
15259076,800221918,INTERNATIONAL AUTOMOTIVE COMPONENTS,TRIM ASM-RR S/D,ARC610LY
20848733,800221918,INTERNATIONAL AUTOMOTIVE COMPONENTS,TRIM ASM-RR S/D,ARC610LY
23318742,800221918,INTERNATIONAL AUTOMOTIVE COMPONENTS,TRIM ASM-RR S/D,ARC610LY
23379115,800221918,INTERNATIONAL AUTOMOTIVE COMPONENTS,TRIM ASM-RR S/D,ARC610LY
11569789,835469453,INTERNATIONAL AUTOMOTIVE COMPONENTS,TRIM ASM-RR S/D,ARC610LY
11519383,835469453,INTERNATIONAL AUTOMOTIVE COMPONENTS,TRIM ASM-RR S/D,ARC610LY
11546459,835469453,INTERNATIONAL AUTOMOTIVE COMPONENTS,TRIM ASM-RR S/D,ARC610LY
11570298,835469453,INTERNATIONAL AUTOMOTIVE COMPONENTS,TRIM ASM-RR S/D,ARC610LY
11588715,835469453,INTERNATIONAL AUTOMOTIVE COMPONENTS,TRIM ASM-FRT S/,ARC610LY
11519374,835469453,INTERNATIONAL AUTOMOTIVE COMPONENTS,TRIM ASM-FRT S/,ARC610LY
11519382,835469453,INTERNATIONAL AUTOMOTIVE COMPONENTS,TRIM ASM-RR S/D,ARC610LY
11519387,835469453,INTERNATIONAL AUTOMOTIVE COMPONENTS,TRIM ASM-RR S/D,ARC610LY
11519388,835469453,INTERNATIONAL AUTOMOTIVE COMPONENTS,TRIM ASM-RR S/D,ARC610LY
11547139,835469453,INTERNATIONAL AUTOMOTIVE COMPONENTS,TRIM ASM-RR S/D,ARC610LY
11547349,835469453,INTERNATIONAL AUTOMOTIVE COMPONENTS,TRIM ASM-FRT S/,ARC610LY
11547366,835469453,INTERNATIONAL AUTOMOTIVE COMPONENTS,TRIM ASM-FRT S/,ARC610LY
11547993,835469453,INTERNATIONAL AUTOMOTIVE COMPONENTS,TRIM ASM-RR S/D,ARC610LY
11561302,835469453,INTERNATIONAL AUTOMOTIVE COMPONENTS,TRIM ASM-RR S/D,ARC610LY
11588719,835469453,INTERNATIONAL AUTOMOTIVE COMPONENTS,TRIM ASM-RR S/D,ARC610LY
11588733,835469453,INTERNATIONAL AUTOMOTIVE COMPONENTS,TRIM ASM-RR S/D,ARC610LY
11588998,835469453,INTERNATIONAL AUTOMOTIVE COMPONENTS,TRIM ASM-FRT S/,ARC610LY
11589164,835469453,INTERNATIONAL AUTOMOTIVE COMPONENTS,TRIM ASM-FRT S/,ARC610LY
11589351,835469453,INTERNATIONAL AUTOMOTIVE COMPONENTS,TRIM ASM-RR S/D,ARC610LY
11602140,835469453,INTERNATIONAL AUTOMOTIVE COMPONENTS,TRIM ASM-RR S/D,ARC610LY
11603317,835469453,INTERNATIONAL AUTOMOTIVE COMPONENTS,TRIM ASM-RR S/D,ARC610LY
11610753,835469453,INTERNATIONAL AUTOMOTIVE COMPONENTS,TRIM ASM-RR S/D,ARC610LY
11611334,835469453,INTERNATIONAL AUTOMOTIVE COMPONENTS,TRIM ASM-FRT S/,ARC610LY
84417101,840208362,INTERNATIONAL AUTOMOTIVE COMPONENTS,TRIM ASM-FRT S/,ARC610LY
23506061,202679841,INTERNATIONAL AUTOMOTIVE COMPONENTS,TRIM ASM-RR S/D,ARC810DA
84603029,202679841,INTERNATIONAL AUTOMOTIVE COMPONENTS,TRIM ASM-RR S/D,ARC810DA
85538108,202888707,INTERNATIONAL AUTOMOTIVE COMPONENTS,TRIM ASM-RR S/D,ARC810DA
85538110,202888707,INTERNATIONAL AUTOMOTIVE COMPONENTS,TRIM ASM-RR S/D,ARC810DA
85538111,202888707,INTERNATIONAL AUTOMOTIVE COMPONENTS,TRIM ASM-FRT S/,ARC810DA
22985886,202888707,INTERNATIONAL AUTOMOTIVE COMPONENTS,TRIM ASM-FRT S/,ARC810DA
84272723,202888707,INTERNATIONAL AUTOMOTIVE COMPONENTS,TRIM ASM-RR S/D,ARC810DA
84272724,202888707,INTERNATIONAL AUTOMOTIVE COMPONENTS,TRIM ASM-RR S/D,ARC810DA
84608863,202888707,INTERNATIONAL AUTOMOTIVE COMPONENTS,TRIM ASM-RR S/D,ARC810DA
84638600,202888707,INTERNATIONAL AUTOMOTIVE COMPONENTS,TRIM ASM-RR S/D,ARC810DA
84638601,202888707,INTERNATIONAL AUTOMOTIVE COMPONENTS,COVER ASM-I/P S,ARC810DA
84832664,202888707,INTERNATIONAL AUTOMOTIVE COMPONENTS,TRIM ASM-FRT S/,ARC810DA
84832665,202888707,INTERNATIONAL AUTOMOTIVE COMPONENTS,TRIM ASM-FRT S/,ARC810DA
85538106,202888707,INTERNATIONAL AUTOMOTIVE COMPONENTS,TRIM ASM-FRT S/,ARC810DA
85538107,202888707,INTERNATIONAL AUTOMOTIVE COMPONENTS,TRIM ASM-FRT S/,ARC810DA
85538109,202888707,INTERNATIONAL AUTOMOTIVE COMPONENTS,TRIM ASM-FRT S/,ARC810DA
85584994,202888707,INTERNATIONAL AUTOMOTIVE COMPONENTS,TRIM ASM-FRT S/,ARC810DA
87854140,203049994,INTERNATIONAL AUTOMOTIVE COMPONENTS,TRIM ASM-RR S/D,ARC810DA
84275185,203049994,INTERNATIONAL AUTOMOTIVE COMPONENTS,TRIM ASM-RR S/D,ARC810DA
84277346,203049994,INTERNATIONAL AUTOMOTIVE COMPONENTS,TRIM ASM-RR S/D,ARC810DA
84367398,203049994,INTERNATIONAL AUTOMOTIVE COMPONENTS,TRIM ASM-RR S/D,ARC810DA
84496064,203049994,INTERNATIONAL AUTOMOTIVE COMPONENTS,TRIM ASM-RR S/D,ARC810DA
84901480,203049994,INTERNATIONAL AUTOMOTIVE COMPONENTS,TRIM ASM-RR S/D,ARC810DA
86436973,204141522,INTERNATIONAL AUTOMOTIVE COMPONENTS,TRIM ASM-RR S/D,ARC810DA
11546467,240773507,INTERNATIONAL AUTOMOTIVE COMPONENTS,TRIM ASM-RR S/D,ARC810DA
11588293,240773507,INTERNATIONAL AUTOMOTIVE COMPONENTS,TRIM ASM-FRT S/,ARC810DA
12695659,240947622,INTERNATIONAL AUTOMOTIVE COMPONENTS,TRIM ASM-FRT S/,ARC810DA
12739915,240947622,INTERNATIONAL AUTOMOTIVE COMPONENTS,TRIM ASM-FRT S/,ARC810DA
85109334,242059041,INTERNATIONAL AUTOMOTIVE COMPONENTS,TRIM ASM-RR S/D,ARC810DA
85109335,242059041,INTERNATIONAL AUTOMOTIVE COMPONENTS,TRIM ASM-RR S/D,ARC810DA
13553213,243299797,INTERNATIONAL AUTOMOTIVE COMPONENTS,TRIM ASM-RR S/D,ARC810DA
13553220,243299797,INTERNATIONAL AUTOMOTIVE COMPONENTS,TRIM ASM-RR S/D,ARC810DA
13555036,243299797,INTERNATIONAL AUTOMOTIVE COMPONENTS,TRIM ASM-RR S/D,ARC810DA
13555038,243299797,INTERNATIONAL AUTOMOTIVE COMPONENTS,TRIM ASM-RR S/D,ARC810DA
13552537,243299797,INTERNATIONAL AUTOMOTIVE COMPONENTS,TRIM ASM-RR S/D,ARC810DA
86273982,243316959,INTERNATIONAL AUTOMOTIVE COMPONENTS,TRIM ASM-RR S/D,ARC810DA
86273983,243316959,INTERNATIONAL AUTOMOTIVE COMPONENTS,TRIM ASM-FRT S/,ARC810DA
84275187,243459851,INTERNATIONAL AUTOMOTIVE COMPONENTS,TRIM ASM-FRT S/,ARC810DA
84874106,243459851,INTERNATIONAL AUTOMOTIVE COMPONENTS,TRIM ASM-FRT S/,ARC810DA
13553172,243459851,INTERNATIONAL AUTOMOTIVE COMPONENTS,TRIM ASM-FRT S/,ARC810DA
42924984,243459851,INTERNATIONAL AUTOMOTIVE COMPONENTS,TRIM ASM-RR S/D,ARC810DA
85825743,243459851,INTERNATIONAL AUTOMOTIVE COMPONENTS,TRIM ASM-RR S/D,ARC810DA
12630933,243615127,INTERNATIONAL AUTOMOTIVE COMPONENTS,TRIM ASM-RR S/D,ARC810DA
12685910,243615127,INTERNATIONAL AUTOMOTIVE COMPONENTS,TRIM ASM-RR S/D,ARC810DA
12743814,243615127,INTERNATIONAL AUTOMOTIVE COMPONENTS,TRIM ASM-RR S/D,ARC810DA
11546571,243799157,INTERNATIONAL AUTOMOTIVE COMPONENTS,TRIM ASM-RR S/D,ARC810DA
11547090,243799157,INTERNATIONAL AUTOMOTIVE COMPONENTS,TRIM ASM-RR S/D,ARC810DA
11546437,243799157,INTERNATIONAL AUTOMOTIVE COMPONENTS,TRIM ASM-RR S/D,ARC810DA
11546449,243799157,INTERNATIONAL AUTOMOTIVE COMPONENTS,TRIM ASM-FRT S/,ARC810DA
11549170,243799157,INTERNATIONAL AUTOMOTIVE COMPONENTS,TRIM ASM-FRT S/,ARC810DA
11549171,243799157,INTERNATIONAL AUTOMOTIVE COMPONENTS,TRIM ASM-FRT S/,ARC810DA
11514596,243799157,INTERNATIONAL AUTOMOTIVE COMPONENTS,TRIM ASM-FRT S/,ARC810DA
11546364,243799157,INTERNATIONAL AUTOMOTIVE COMPONENTS,TRIM ASM-RR S/D,ARC810DA
11546365,243799157,INTERNATIONAL AUTOMOTIVE COMPONENTS,TRIM ASM-RR S/D,ARC810DA
11546367,243799157,INTERNATIONAL AUTOMOTIVE COMPONENTS,TRIM ASM-RR S/D,ARC810DA
11546377,243799157,INTERNATIONAL AUTOMOTIVE COMPONENTS,TRIM ASM-RR S/D,ARC810DA
11546378,243799157,INTERNATIONAL AUTOMOTIVE COMPONENTS,TRIM ASM-RR S/D,ARC810DA
11546389,243799157,INTERNATIONAL AUTOMOTIVE COMPONENTS,TRIM ASM-RR S/D,ARC810DA
11546448,243799157,INTERNATIONAL AUTOMOTIVE COMPONENTS,TRIM ASM-RR S/D,ARC810DA
11546456,243799157,INTERNATIONAL AUTOMOTIVE COMPONENTS,TRIM ASM-RR S/D,ARC810DA
11546703,243799157,INTERNATIONAL AUTOMOTIVE COMPONENTS,TRIM ASM-FRT S/,ARC810DA
11547369,243799157,INTERNATIONAL AUTOMOTIVE COMPONENTS,TRIM ASM-FRT S/,ARC810DA
11548414,243799157,INTERNATIONAL AUTOMOTIVE COMPONENTS,TRIM ASM-FRT S/,ARC810DA
11549168,243799157,INTERNATIONAL AUTOMOTIVE COMPONENTS,TRIM ASM-FRT S/,ARC810DA
11549169,243799157,INTERNATIONAL AUTOMOTIVE COMPONENTS,TRIM ASM-RR S/D,ARC810DA
11549204,243799157,INTERNATIONAL AUTOMOTIVE COMPONENTS,TRIM ASM-RR S/D,ARC810DA
11561645,243799157,INTERNATIONAL AUTOMOTIVE COMPONENTS,TRIM ASM-RR S/D,ARC810DA
11588709,243799157,INTERNATIONAL AUTOMOTIVE COMPONENTS,TRIM ASM-RR S/D,ARC810DA
11602326,243799157,INTERNATIONAL AUTOMOTIVE COMPONENTS,TRIM ASM-RR S/D,ARC810DA
11610091,243799157,INTERNATIONAL AUTOMOTIVE COMPONENTS,TRIM ASM-RR S/D,ARC810DA
11610128,243799157,INTERNATIONAL AUTOMOTIVE COMPONENTS,TRIM ASM-RR S/D,ARC810DA
84482352,246852862,INTERNATIONAL AUTOMOTIVE COMPONENTS,TRIM ASM-RR S/D,ARC810DA
13232779,249188079,INTERNATIONAL AUTOMOTIVE COMPONENTS,TRIM ASM-FRT S/,ARC810DA
11546441,249188079,INTERNATIONAL AUTOMOTIVE COMPONENTS,TRIM ASM-FRT S/,ARC810DA
11546454,249188079,INTERNATIONAL AUTOMOTIVE COMPONENTS,TRIM ASM-RR S/D,ARC810DA
11546460,249188079,INTERNATIONAL AUTOMOTIVE COMPONENTS,TRIM ASM-RR S/D,ARC810DA
11549310,249188079,INTERNATIONAL AUTOMOTIVE COMPONENTS,TRIM ASM-FRT S/,ARC810DA
11549316,249188079,INTERNATIONAL AUTOMOTIVE COMPONENTS,TRIM ASM-FRT S/,ARC810DA
11569919,249188079,INTERNATIONAL AUTOMOTIVE COMPONENTS,TRIM ASM-FRT S/,ARC810DA
11604344,249188079,INTERNATIONAL AUTOMOTIVE COMPONENTS,TRIM ASM-FRT S/,ARC810DA
85626939,254039282,INTERNATIONAL AUTOMOTIVE COMPONENTS,TRIM ASM-RR S/D,ARC810DA
85626940,254039282,INTERNATIONAL AUTOMOTIVE COMPONENTS,TRIM ASM-RR S/D,ARC810DA
85639956,256734286,INTERNATIONAL AUTOMOTIVE COMPONENTS,TRIM ASM-RR S/D,ARC810DA
85724973,256734286,INTERNATIONAL AUTOMOTIVE COMPONENTS,TRIM ASM-RR S/D,ARC810DA
11547582,256873100,INTERNATIONAL AUTOMOTIVE COMPONENTS,TRIM ASM-RR S/D,ARC810DA
11548673,256873100,INTERNATIONAL AUTOMOTIVE COMPONENTS,TRIM ASM-RR S/D,ARC810DA
11611050,256873100,INTERNATIONAL AUTOMOTIVE COMPONENTS,TRIM ASM-RR S/D,ARC810DA
11561629,256873100,INTERNATIONAL AUTOMOTIVE COMPONENTS,TRIM ASM-RR S/D,ARC810DA
13502787,256873100,INTERNATIONAL AUTOMOTIVE COMPONENTS,TRIM ASM-FRT S/,ARC810DA
84776627,000187856,INTERNATIONAL AUTOMOTIVE COMPONENTS,TRIM ASM-FRT S/,ARD310D
85558530,000202596,INTERNATIONAL AUTOMOTIVE COMPONENTS,TRIM ASM-FRT S/,ARD310D
85558531,000202596,INTERNATIONAL AUTOMOTIVE COMPONENTS,TRIM ASM-FRT S/,ARD310D
85558532,000202596,INTERNATIONAL AUTOMOTIVE COMPONENTS,TRIM ASM-FRT S/,ARD310D
86805631,000202596,INTERNATIONAL AUTOMOTIVE COMPONENTS,TRIM ASM-FRT S/,ARD310D
85558534,000202596,INTERNATIONAL AUTOMOTIVE COMPONENTS,TRIM ASM-FRT S/,ARD310D
85558535,000202596,INTERNATIONAL AUTOMOTIVE COMPONENTS,TRIM ASM-FRT S/,ARD310D
85558536,000202596,INTERNATIONAL AUTOMOTIVE COMPONENTS,TRIM ASM-RR S/D,ARD310D
86805632,000202596,INTERNATIONAL AUTOMOTIVE COMPONENTS,TRIM ASM-RR S/D,ARD310D
84910103,000202596,INTERNATIONAL AUTOMOTIVE COMPONENTS,TRIM ASM-RR S/D,ARD310D
85017692,000202596,INTERNATIONAL AUTOMOTIVE COMPONENTS,TRIM ASM-RR S/D,ARD310D
85097678,000202596,INTERNATIONAL AUTOMOTIVE COMPONENTS,TRIM ASM-RR S/D,ARD310D
85667540,000202596,INTERNATIONAL AUTOMOTIVE COMPONENTS,TRIM ASM-RR S/D,ARD310D
85667541,000202596,INTERNATIONAL AUTOMOTIVE COMPONENTS,TRIM ASM-RR S/D,ARD310D
85667542,000202596,INTERNATIONAL AUTOMOTIVE COMPONENTS,TRIM ASM-RR S/D,ARD310D
86306166,000202596,INTERNATIONAL AUTOMOTIVE COMPONENTS,TRIM ASM-RR S/D,ARD310D
86312499,000202596,INTERNATIONAL AUTOMOTIVE COMPONENTS,TRIM ASM-RR S/D,ARD310D
86312500,000202596,INTERNATIONAL AUTOMOTIVE COMPONENTS,TRIM ASM-RR S/D,ARD310D
86312501,000202596,INTERNATIONAL AUTOMOTIVE COMPONENTS,TRIM ASM-RR S/D,ARD310D
86312502,000202596,INTERNATIONAL AUTOMOTIVE COMPONENTS,TRIM ASM-RR S/D,ARD310D
86411766,000202596,INTERNATIONAL AUTOMOTIVE COMPONENTS,TRIM ASM-RR S/D,ARD310D
86805656,000202596,INTERNATIONAL AUTOMOTIVE COMPONENTS,TRIM ASM-RR S/D,ARD310D
86805659,000202596,INTERNATIONAL AUTOMOTIVE COMPONENTS,TRIM ASM-RR S/D,ARD310D
84128186,005346762,INTERNATIONAL AUTOMOTIVE COMPONENTS,TRIM ASM-RR S/D,ARD310D
84128187,005346762,INTERNATIONAL AUTOMOTIVE COMPONENTS,TRIM ASM-RR S/D,ARD310D
84128188,005346762,INTERNATIONAL AUTOMOTIVE COMPONENTS,TRIM ASM-RR S/D,ARD310D
84128189,005346762,INTERNATIONAL AUTOMOTIVE COMPONENTS,TRIM ASM-RR S/D,ARD310D
84996858,005346762,INTERNATIONAL AUTOMOTIVE COMPONENTS,TRIM ASM-RR S/D,ARD310D
84996859,005346762,INTERNATIONAL AUTOMOTIVE COMPONENTS,TRIM ASM-RR S/D,ARD310D
85604320,021093638,INTERNATIONAL AUTOMOTIVE COMPONENTS,TRIM ASM-RR S/D,ARD310D
85666970,021093638,INTERNATIONAL AUTOMOTIVE COMPONENTS,TRIM ASM-RR S/D,ARD310D
23390358,021093638,INTERNATIONAL AUTOMOTIVE COMPONENTS,TRIM ASM-RR S/D,ARD310D
84763235,021093638,INTERNATIONAL AUTOMOTIVE COMPONENTS,TRIM ASM-RR S/D,ARD310D
84763236,021093638,INTERNATIONAL AUTOMOTIVE COMPONENTS,TRIM ASM-RR S/D,ARD310D
85014101,021093638,INTERNATIONAL AUTOMOTIVE COMPONENTS,TRIM ASM-RR S/D,ARD310D
85014102,021093638,INTERNATIONAL AUTOMOTIVE COMPONENTS,TRIM ASM-FRT S/,ARD310D
84956275,079191160,INTERNATIONAL AUTOMOTIVE COMPONENTS,TRIM ASM-FRT S/,ARD310D
84956276,079191160,INTERNATIONAL AUTOMOTIVE COMPONENTS,TRIM ASM-FRT S/,ARD310D
84956277,079191160,INTERNATIONAL AUTOMOTIVE COMPONENTS,TRIM ASM-FRT S/,ARD310D
84956279,079191160,INTERNATIONAL AUTOMOTIVE COMPONENTS,TRIM ASM-FRT S/,ARD310D
84956282,079191160,INTERNATIONAL AUTOMOTIVE COMPONENTS,TRIM ASM-FRT S/,ARD310D
84956283,079191160,INTERNATIONAL AUTOMOTIVE COMPONENTS,TRIM ASM-FRT S/,ARD310D
84956285,079191160,INTERNATIONAL AUTOMOTIVE COMPONENTS,TRIM ASM-RR S/D,ARD310D
84956286,079191160,INTERNATIONAL AUTOMOTIVE COMPONENTS,TRIM ASM-RR S/D,ARD310D
84956287,079191160,INTERNATIONAL AUTOMOTIVE COMPONENTS,TRIM ASM-RR S/D,ARD310D
84956288,079191160,INTERNATIONAL AUTOMOTIVE COMPONENTS,TRIM ASM-RR S/D,ARD310D
84956289,079191160,INTERNATIONAL AUTOMOTIVE COMPONENTS,TRIM ASM-RR S/D,ARD310D
84956290,079191160,INTERNATIONAL AUTOMOTIVE COMPONENTS,TRIM ASM-RR S/D,ARD310D
85017550,079191160,INTERNATIONAL AUTOMOTIVE COMPONENTS,TRIM ASM-RR S/D,ARD310D
85017551,079191160,INTERNATIONAL AUTOMOTIVE COMPONENTS,TRIM ASM-RR S/D,ARD310D
85532392,079191160,INTERNATIONAL AUTOMOTIVE COMPONENTS,TRIM ASM-RR S/D,ARD310D
85532398,079191160,INTERNATIONAL AUTOMOTIVE COMPONENTS,TRIM ASM-RR S/D,ARD310D
13558192,080010898,INTERNATIONAL AUTOMOTIVE COMPONENTS,TRIM ASM-RR S/D,ARD310D
13571451,080010898,INTERNATIONAL AUTOMOTIVE COMPONENTS,TRIM ASM-RR S/D,ARD310D
84275226,080399938,INTERNATIONAL AUTOMOTIVE COMPONENTS,TRIM ASM-RR S/D,ARD310D
86380899,080399938,INTERNATIONAL AUTOMOTIVE COMPONENTS,TRIM ASM-RR S/D,ARD310D
85869082,081318174,INTERNATIONAL AUTOMOTIVE COMPONENTS,TRIM ASM-RR S/D,ARD310D
13519102,119505445,INTERNATIONAL AUTOMOTIVE COMPONENTS,TRIM ASM-RR S/D,ARD310D
85051907,119505445,INTERNATIONAL AUTOMOTIVE COMPONENTS,TRIM ASM-RR S/D,ARD310D
85051908,119505445,INTERNATIONAL AUTOMOTIVE COMPONENTS,TRIM ASM-RR S/D,ARD310D
85051910,119505445,INTERNATIONAL AUTOMOTIVE COMPONENTS,TRIM ASM-RR S/D,ARD310D
85051911,119505445,INTERNATIONAL AUTOMOTIVE COMPONENTS,TRIM ASM-RR S/D,ARD310D
85051912,119505445,INTERNATIONAL AUTOMOTIVE COMPONENTS,TRIM ASM-RR S/D,ARD310D
85051913,119505445,INTERNATIONAL AUTOMOTIVE COMPONENTS,TRIM ASM-RR S/D,ARD310D
85051914,119505445,INTERNATIONAL AUTOMOTIVE COMPONENTS,TRIM ASM-RR S/D,ARD310D
85051915,119505445,INTERNATIONAL AUTOMOTIVE COMPONENTS,TRIM ASM-RR S/D,ARD310D
85051917,119505445,INTERNATIONAL AUTOMOTIVE COMPONENTS,TRIM ASM-RR S/D,ARD310D
85051918,119505445,INTERNATIONAL AUTOMOTIVE COMPONENTS,TRIM ASM-RR S/D,ARD310D
85051920,119505445,INTERNATIONAL AUTOMOTIVE COMPONENTS,TRIM ASM-RR S/D,ARD310D
85051921,119505445,INTERNATIONAL AUTOMOTIVE COMPONENTS,TRIM ASM-RR S/D,ARD310D
85051922,119505445,INTERNATIONAL AUTOMOTIVE COMPONENTS,TRIM ASM-RR S/D,ARD310D
85051924,119505445,INTERNATIONAL AUTOMOTIVE COMPONENTS,TRIM ASM-RR S/D,ARD310D
85051925,119505445,INTERNATIONAL AUTOMOTIVE COMPONENTS,TRIM ASM-RR S/D,ARD310D
85051926,119505445,INTERNATIONAL AUTOMOTIVE COMPONENTS,TRIM ASM-RR S/D,ARD310D
85740489,119505445,INTERNATIONAL AUTOMOTIVE COMPONENTS,TRIM ASM-RR S/D,ARD310D
85740490,119505445,INTERNATIONAL AUTOMOTIVE COMPONENTS,TRIM ASM-RR S/D,ARD310D
85650608,130013019,INTERNATIONAL AUTOMOTIVE COMPONENTS,TRIM ASM-RR S/D,ARD310D
85650609,130013019,INTERNATIONAL AUTOMOTIVE COMPONENTS,TRIM ASM-RR S/D,ARD310D
85628197,130013019,INTERNATIONAL AUTOMOTIVE COMPONENTS,TRIM ASM-RR S/D,ARD310D
85628198,130013019,INTERNATIONAL AUTOMOTIVE COMPONENTS,TRIM ASM-RR S/D,ARD310D
11549077,024953291,INTERNATIONAL AUTOMOTIVE COMPONENTS,TRIM ASM-RR S/D,ARD310D
11602907,024953291,INTERNATIONAL AUTOMOTIVE COMPONENTS,TRIM ASM-RR S/D,ARD310D
11603951,024953291,INTERNATIONAL AUTOMOTIVE COMPONENTS,TRIM ASM-RR S/D,ARD310D
25915587,049816044,INTERNATIONAL AUTOMOTIVE COMPONENTS,TRIM ASM-RR S/D,ARD310D
84806051,049816044,INTERNATIONAL AUTOMOTIVE COMPONENTS,TRIM ASM-RR S/D,ARD310D
86425769,049816044,INTERNATIONAL AUTOMOTIVE COMPONENTS,TRIM ASM-RR S/D,ARD310D
15717626,049816044,INTERNATIONAL AUTOMOTIVE COMPONENTS,TRIM ASM-RR S/D,ARD310D
86390150,050476923,INTERNATIONAL AUTOMOTIVE COMPONENTS,TRIM ASM-RR S/D,ARD310D
86390151,050476923,INTERNATIONAL AUTOMOTIVE COMPONENTS,TRIM ASM-RR S/D,ARD310D
86578454,050476923,INTERNATIONAL AUTOMOTIVE COMPONENTS,TRIM ASM-RR S/D,ARD310D
86578455,050476923,INTERNATIONAL AUTOMOTIVE COMPONENTS,TRIM ASM-RR S/D,ARD310D
84741544,053495482,INTERNATIONAL AUTOMOTIVE COMPONENTS,TRIM ASM-RR S/D,ARD310D
84741545,053495482,INTERNATIONAL AUTOMOTIVE COMPONENTS,TRIM ASM-RR S/D,ARD310D
84741566,053495482,INTERNATIONAL AUTOMOTIVE COMPONENTS,TRIM ASM-RR S/D,ARD310D
84741567,053495482,INTERNATIONAL AUTOMOTIVE COMPONENTS,TRIM ASM-RR S/D,ARD310D
84862520,053495482,INTERNATIONAL AUTOMOTIVE COMPONENTS,TRIM ASM-RR S/D,ARD310D
84862521,053495482,INTERNATIONAL AUTOMOTIVE COMPONENTS,TRIM ASM-RR S/D,ARD310D
84862522,053495482,INTERNATIONAL AUTOMOTIVE COMPONENTS,TRIM ASM-RR S/D,ARD310D
84862523,053495482,INTERNATIONAL AUTOMOTIVE COMPONENTS,TRIM ASM-RR S/D,ARD310D
11602468,057856247,INTERNATIONAL AUTOMOTIVE COMPONENTS,TRIM ASM-RR S/D,ARD310D
11604424,057856247,INTERNATIONAL AUTOMOTIVE COMPONENTS,TRIM ASM-RR S/D,ARD310D
12586687,066525213,INTERNATIONAL AUTOMOTIVE COMPONENTS,TRIM ASM-RR S/D,ARD310D
11609939,097274534,INTERNATIONAL AUTOMOTIVE COMPONENTS,TRIM ASM-RR S/D,ARD310D
11603232,097274534,INTERNATIONAL AUTOMOTIVE COMPONENTS,TRIM ASM-RR S/D,ARD310D
11611884,097274534,INTERNATIONAL AUTOMOTIVE COMPONENTS,TRIM ASM-RR S/D,ARD310D
11611887,097274534,INTERNATIONAL AUTOMOTIVE COMPONENTS,TRIM ASM-RR S/D,ARD310D
11602490,099051716,INTERNATIONAL AUTOMOTIVE COMPONENTS,TRIM ASM-RR S/D,ARD310D
11589289,099051716,INTERNATIONAL AUTOMOTIVE COMPONENTS,TRIM ASM-RR S/D,ARD310D
15885613,807849687,INTERNATIONAL AUTOMOTIVE COMPONENTS,TRIM ASM-RR S/D,ARD310D
11546969,941717472,INTERNATIONAL AUTOMOTIVE COMPONENTS,TRIM ASM-RR S/D,ARD310D
11602374,941717472,INTERNATIONAL AUTOMOTIVE COMPONENTS,TRIM ASM-RR S/D,ARD310D
11602908,941717472,INTERNATIONAL AUTOMOTIVE COMPONENTS,TRIM ASM-RR S/D,ARD310D
11602909,941717472,INTERNATIONAL AUTOMOTIVE COMPONENTS,TRIM ASM-RR S/D,ARD310D
11610271,941717472,INTERNATIONAL AUTOMOTIVE COMPONENTS,TRIM ASM-RR S/D,ARD310D
11611223,941717472,INTERNATIONAL AUTOMOTIVE COMPONENTS,TRIM ASM-RR S/D,ARD310D
11611224,941717472,INTERNATIONAL AUTOMOTIVE COMPONENTS,TRIM ASM-RR S/D,ARD310D
84873085,969007884,INTERNATIONAL AUTOMOTIVE COMPONENTS,TRIM ASM-RR S/D,ARD310D
84873086,969007884,INTERNATIONAL AUTOMOTIVE COMPONENTS,TRIM ASM-RR S/D,ARD310D
12703618,021093638,INTERNATIONAL AUTOMOTIVE COMPONENTS,TRIM ASM-RR S/D,ARD310L
23392756,021093638,INTERNATIONAL AUTOMOTIVE COMPONENTS,TRIM ASM-RR S/D,ARD310L
84144292,021093638,INTERNATIONAL AUTOMOTIVE COMPONENTS,TRIM ASM-RR S/D,ARD310L
84871990,021093638,INTERNATIONAL AUTOMOTIVE COMPONENTS,TRIM ASM-RR S/D,ARD310L
86287296,021093638,INTERNATIONAL AUTOMOTIVE COMPONENTS,TRIM ASM-FRT S/,ARD310L
12732248,043352038,INTERNATIONAL AUTOMOTIVE COMPONENTS,TRIM ASM-FRT S/,ARD310L
12735919,043352038,INTERNATIONAL AUTOMOTIVE COMPONENTS,TRIM ASM-FRT S/,ARD310L
12741841,043352038,INTERNATIONAL AUTOMOTIVE COMPONENTS,TRIM ASM-FRT S/,ARD310L
12743416,043352038,INTERNATIONAL AUTOMOTIVE COMPONENTS,TRIM ASM-FRT S/,ARD310L
12735918,043352038,INTERNATIONAL AUTOMOTIVE COMPONENTS,TRIM ASM-FRT S/,ARD310L
12735923,043352038,INTERNATIONAL AUTOMOTIVE COMPONENTS,TRIM ASM-FRT S/,ARD310L
40009488,043352038,INTERNATIONAL AUTOMOTIVE COMPONENTS,TRIM ASM-FRT S/,ARD310L
24077637,043352038,INTERNATIONAL AUTOMOTIVE COMPONENTS,TRIM ASM-FRT S/,ARD310L
24263130,043352038,INTERNATIONAL AUTOMOTIVE COMPONENTS,TRIM ASM-FRT S/,ARD310L
24284765,043352038,INTERNATIONAL AUTOMOTIVE COMPONENTS,TRIM ASM-FRT S/,ARD310L
24290545,043352038,INTERNATIONAL AUTOMOTIVE COMPONENTS,TRIM ASM-FRT S/,ARD310L
55496882,043352038,INTERNATIONAL AUTOMOTIVE COMPONENTS,TRIM ASM-FRT S/,ARD310L
55505907,043352038,INTERNATIONAL AUTOMOTIVE COMPONENTS,TRIM ASM-FRT S/,ARD310L
84956261,080316510,INTERNATIONAL AUTOMOTIVE COMPONENTS,TRIM ASM-FRT S/,ARD310L
84956262,080316510,INTERNATIONAL AUTOMOTIVE COMPONENTS,TRIM ASM-FRT S/,ARD310L
86563716,080316510,INTERNATIONAL AUTOMOTIVE COMPONENTS,TRIM ASM-FRT S/,ARD310L
85587715,133501655,INTERNATIONAL AUTOMOTIVE COMPONENTS,TRIM ASM-FRT S/,ARD310L
84827331,186318176,INTERNATIONAL AUTOMOTIVE COMPONENTS,TRIM ASM-FRT S/,ARD310L
24205900,796672926,INTERNATIONAL AUTOMOTIVE COMPONENTS,TRIM ASM-FRT S/,ARD310L
13397387,831622258,INTERNATIONAL AUTOMOTIVE COMPONENTS,TRIM ASM-FRT S/,ARD310L
13524917,883459596,INTERNATIONAL AUTOMOTIVE COMPONENTS,TRIM ASM-FRT S/,ARD310L
84766790,966625605,INTERNATIONAL AUTOMOTIVE COMPONENTS,TRIM ASM-FRT S/,ARD310L
84766791,966625605,INTERNATIONAL AUTOMOTIVE COMPONENTS,TRIM ASM-FRT S/,ARD310L
84766792,966625605,INTERNATIONAL AUTOMOTIVE COMPONENTS,TRIM ASM-FRT S/,ARD310L
84766793,966625605,INTERNATIONAL AUTOMOTIVE COMPONENTS,TRIM ASM-FRT S/,ARD310L
84829978,966625605,INTERNATIONAL AUTOMOTIVE COMPONENTS,TRIM ASM-FRT S/,ARD310L
85673851,005476700,INTERNATIONAL AUTOMOTIVE COMPONENTS,TRIM ASM-FRT S/,ARD310L
86453371,005476700,INTERNATIONAL AUTOMOTIVE COMPONENTS,TRIM ASM-FRT S/,ARD310L
11603610,024953291,INTERNATIONAL AUTOMOTIVE COMPONENTS,TRIM ASM-FRT S/,ARD310L
11549052,024953291,INTERNATIONAL AUTOMOTIVE COMPONENTS,PANEL-HDLNG TR,ARD310L
11570961,024953291,INTERNATIONAL AUTOMOTIVE COMPONENTS,PANEL-HDLNG TR,ARD310L
11570742,049816044,INTERNATIONAL AUTOMOTIVE COMPONENTS,PANEL-HDLNG TR,ARD310L
15157936,049816044,INTERNATIONAL AUTOMOTIVE COMPONENTS,PANEL-HDLNG TR,ARD310L
15698443,049816044,INTERNATIONAL AUTOMOTIVE COMPONENTS,PANEL ASM-HDLNG,ARD310L
22581725,049816044,INTERNATIONAL AUTOMOTIVE COMPONENTS,COVER ASM-I/P S,ARD310L
84277343,049816044,INTERNATIONAL AUTOMOTIVE COMPONENTS,COVER ASM-I/P S,ARD310L
15984314,057852626,INTERNATIONAL AUTOMOTIVE COMPONENTS,PANEL ASM-I/P L,ARD310L
15112320,057852626,INTERNATIONAL AUTOMOTIVE COMPONENTS,PANEL ASM-I/P L,ARD310L
11547446,057856247,INTERNATIONAL AUTOMOTIVE COMPONENTS,PANEL ASM-I/P L,ARD310L
11603391,057856247,INTERNATIONAL AUTOMOTIVE COMPONENTS,PANEL ASM-I/P L,ARD310L
15265199,063515605,INTERNATIONAL AUTOMOTIVE COMPONENTS,PANEL ASM-I/P L,ARD310L
25777560,078852206,INTERNATIONAL AUTOMOTIVE COMPONENTS,SLEEVE-F/FLR CN,ARD310L
84199335,096141098,INTERNATIONAL AUTOMOTIVE COMPONENTS,PANEL ASM-F/FLR,ARD310L
84431082,096141098,INTERNATIONAL AUTOMOTIVE COMPONENTS,PANEL ASM-F/FLR,ARD310L
84431084,096141098,INTERNATIONAL AUTOMOTIVE COMPONENTS,PANEL ASM-F/FLR,ARD310L
84431086,096141098,INTERNATIONAL AUTOMOTIVE COMPONENTS,PANEL ASM-F/FLR,ARD310L
84664529,096141098,INTERNATIONAL AUTOMOTIVE COMPONENTS,PANEL ASM-F/FLR,ARD310L
84664530,096141098,INTERNATIONAL AUTOMOTIVE COMPONENTS,PANEL ASM-F/FLR,ARD310L
11547420,097274534,INTERNATIONAL AUTOMOTIVE COMPONENTS,BOLSTER ASM-I/P,ARD310L
11547421,097274534,MIDWEST ACOUST A FIBER INC,INSULATOR-HOOD,ARD310L
11547755,097274534,MIDWEST ACOUST A FIBER INC,INSULATOR-HOOD,ARD310L
11588711,097274534,MIDWEST ACOUST A FIBER INC,INSULATOR-HOOD,ARD310L
11602875,097274534,MIDWEST ACOUST A FIBER INC,INSULATOR,ARD310L
11602876,097274534,BCS AUTOMOTIVE INTERFACE SOLUTIONS,CONTROL ASM-A/T,ARD310L
11611882,097274534,BCS AUTOMOTIVE INTERFACE SOLUTIONS,RECEPTACLE ASM-,ARD310L
11611883,097274534,BCS AUTOMOTIVE INTERFACE SOLUTIONS,MODULE ASM-STRG,ARD310L
11515892,097274534,BCS AUTOMOTIVE INTERFACE SOLUTIONS,MODULE ASM-STRG,ARD310L
11519381,097274534,BCS AUTOMOTIVE INTERFACE SOLUTIONS,MODULE ASM-STRG,ARD310L
11519384,097274534,BCS AUTOMOTIVE INTERFACE SOLUTIONS,RECEPTACLE ASM-,ARD310L
11519506,097274534,BCS AUTOMOTIVE INTERFACE SOLUTIONS,RECEPTACLE ASM-,ARD310L
11546493,097274534,BCS AUTOMOTIVE INTERFACE SOLUTIONS,RECEPTACLE ASM-,ARD310L
11548270,097274534,BCS AUTOMOTIVE INTERFACE SOLUTIONS,RECEPTACLE ASM-,ARD310L
11548564,097274534,BCS AUTOMOTIVE INTERFACE SOLUTIONS,RECEPTACLE ASM-,ARD310L
11570299,097274534,BCS AUTOMOTIVE INTERFACE SOLUTIONS,RECEPTACLE ASM-,ARD310L
11570498,097274534,BCS AUTOMOTIVE INTERFACE SOLUTIONS,RECEPTACLE ASM-,ARD310L
11588712,097274534,BCS AUTOMOTIVE INTERFACE SOLUTIONS,RECEPTACLE ASM-,ARD310L
11588727,097274534,BCS AUTOMOTIVE INTERFACE SOLUTIONS,RECEPTACLE ASM-,ARD310L
11602389,097274534,BCS AUTOMOTIVE INTERFACE SOLUTIONS,RECEPTACLE ASM-,ARD310L
11609585,097274534,BCS AUTOMOTIVE INTERFACE SOLUTIONS,RECEPTACLE ASM-,ARD310L
11610584,097274534,BCS AUTOMOTIVE INTERFACE SOLUTIONS,MODULE ASM-ACSR,ARD310L
11589290,099051716,BCS AUTOMOTIVE INTERFACE SOLUTIONS,MODULE ASM-ACSR,ARD310L
01605396,099051716,BCS AUTOMOTIVE INTERFACE SOLUTIONS,MODULE ASM-ACSR,ARD310L
10134407,099051716,MNP CORPORATION,BALL=STUD,ARD310L
11589291,099051716,MNP CORPORATION,BOLT ASM - HX H,ARD310L
11589295,099051716,MNP CORPORATION,BOLT/SCREW,ARD310L
11589297,099051716,MNP CORPORATION,BOLT/SCREW,ARD310L
11603208,099051716,MNP CORPORATION,BOLT ASM - HX H,ARD310L
11605575,099051716,MNP CORPORATION,BOLT/SCREW,ARD310L
11610622,099051716,MNP CORPORATION,STUD,ARD310L
11611677,099051716,MNP CORPORATION,BOLT/SCREW,ARD310L
11612035,099051716,MNP CORPORATION,BOLT/SCREW,ARD310L
13500936,099051716,MNP CORPORATION,BOLT/SCREW,ARD310L
15326410,099051716,MNP CORPORATION,BOLT/SCREW,ARD310L
22189414,099051716,MNP CORPORATION,BOLT-HVY HX FLG,ARD310L
25832258,099051716,MNP CORPORATION,BOLT-HVY HX FLG,ARD310L
25888200,099051716,MNP CORPORATION,SCR ASM-HX HD C,ARD310L
84221534,099051716,MNP CORPORATION,STUD-ALTERNATOR,ARD310L
84451820,099051716,MNP CORPORATION,BOLT ASM-HEX HD,ARD310L
84554924,099051716,MNP CORPORATION,BOLT ASM-HEX HD,ARD310L
84554925,099051716,MNP CORPORATION,BOLT ASM-HVY HE,ARD310L
84554926,099051716,MNP CORPORATION,BOLT ASM - HX H,ARD310L
84554927,099051716,MNP CORPORATION,BOLT/SCREW,ARD310L
84696492,099051716,MNP CORPORATION,BOLT - HVY HX A,ARD310L
85535093,117670585,MNP CORPORATION,BOLT-HVY HX ACO,ARD310L
11602631,143631294,MNP CORPORATION,BOLT/SCREW,ARD310L
11562507,143631294,MNP CORPORATION,STUD-DOUBLE END,ARD310L
11570584,143631294,MNP CORPORATION,BOLT/SCREW-.,ARD310L
11601939,143631294,MNP CORPORATION,BOLT/SCREW-.,ARD310L
11602853,143631294,MNP CORPORATION,BOLT/SCREW-.,ARD310L
11602912,143631294,MNP CORPORATION,WASHER-.,ARD310L
11603271,143631294,MNP CORPORATION,WASHER-.,ARD310L
11605094,143631294,MNP CORPORATION,BOLT/SCREW-.,ARD310L
11609686,143631294,MNP CORPORATION,BOLT/SCREW-.,ARD310L
11610545,143631294,MNP CORPORATION,BOLT/SCREW-.,ARD310L
22695614,182981514,MNP CORPORATION,WASHER-.,ARD310L
12665845,185980109,MNP CORPORATION,BOLT U-.,ARD310L
15219425,189658198,MNP CORPORATION,BOLT U-.,ARD310L
85880852,827836214,MNP CORPORATION,BOLT/SCREW-.,ARD310L
13542820,827836214,MNP CORPORATION,BOLT/SCREW-.,ARD310L
13568650,827836214,MNP CORPORATION,BOLT/SCREW-.,ARD310L
11548191,941717472,MNP CORPORATION,BOLT/SCREW-.,ARD310L
11602126,941717472,MNP CORPORATION,BOLT/SCREW-.,ARD310L
11602755,941717472,MNP CORPORATION,BOLT - PAN HD 6,ARD310L
11604275,941717472,MNP CORPORATION,BOLT-ROUND HEAD,ARD310L
11610068,941717472,MNP CORPORATION,BOLT/SCREW,ARD310L
11610124,941717472,MNP CORPORATION,BOLT/SCREW,ARD310L
85724947,000288977,MNP CORPORATION,BOLT/SCREW,ARF300
86827437,000288977,MNP CORPORATION,BOLT/SCREW,ARF300
85012088,876481388,MNP CORPORATION,BOLT/SCREW,ARF600
85012091,876481388,MNP CORPORATION,BOLT/SCREW,ARF600
22793593,000255984,AUTOMOTIVE STEERING COLUMN LLC,COLUMN ASM-STRG,ARF700
23387856,000255984,AUTOMOTIVE STEERING COLUMN LLC,COLUMN ASM-STRG,ARF700
86571936,000255984,CTA ACOUSTICS INC,INSULATOR-DA  P,ARF700
23387855,000255984,CTA ACOUSTICS INC,INSULATOR,ARF700
84578275,000255984,CTA ACOUSTICS INC,INSULATOR,ARF700
86571935,000255984,APTIV SERVICES US LLC,BRACKET-ENG WRG,ARF700
86308320,812736581,APTIV SERVICES US LLC,BLOCK ASM-ENG W,ARF700
22894407,812803861,APTIV SERVICES US LLC,COVER ASM-ENG W,ARF700
85612773,812803861,APTIV SERVICES US LLC,BLOCK ASM-BAT D,ARF700
86280059,000196063,GM METAL FAB-PARMA PLT,PANEL-PLNM UPR,ARF900
40009571,914778233,GM METAL FAB-PARMA PLT,PANEL-BODY H/PL,ARF900
86286788,951767176,GM METAL FAB-PARMA PLT,PANEL-BODY H/PL,ARF900
86286789,951767176,GM METAL FAB-PARMA PLT,RAIL-U/B INR FR,ARF900
86286790,951767176,GM METAL FAB-PARMA PLT,RAIL-U/B INR FR,ARF900
86286791,951767176,GM METAL FAB-PARMA PLT,RAIL-R/CMPT FLR,ARF900
86286792,951767176,GM METAL FAB-PARMA PLT,FRAME ASM-W/S I,ARF900
86373475,799913939,GM METAL FAB-PARMA PLT,FRAME ASM-W/S I,ARG106L
86373476,799913939,GM METAL FAB-PARMA PLT,BOW-RF PNL #1,ARG106L
86373477,799913939,GM METAL FAB-PARMA PLT,REINFORCEMENT A,ARG106L
86373478,799913939,GM METAL FAB-PARMA PLT,REINFORCEMENT A,ARG106L
86471067,799913939,GM METAL FAB-PARMA PLT,SILL ASM-U/B RR,ARG106L
86471068,799913939,GM METAL FAB-PARMA PLT,RAIL ASM-RF OTR,ARG106L
86471069,799913939,GM METAL FAB-PARMA PLT,RAIL ASM-RF OTR,ARG106L
86471070,799913939,GM METAL FAB-PARMA PLT,RAIL ASM-RF OTR,ARG106L
85826171,052507980,GM METAL FAB-PARMA PLT,RAIL ASM-RF OTR,ARG214VA
85826173,052507980,GM METAL FAB-PARMA PLT,RAIL-F/CMPT UPR,ARG214VA
85837246,052507980,GM METAL FAB-PARMA PLT,RAIL-F/CMPT UPR,ARG214VA
86311933,052507980,GM METAL FAB-PARMA PLT,RAIL ASM-RF INR,ARG214VA
86345735,052507980,GM METAL FAB-PARMA PLT,RAIL ASM-RF INR,ARG214VA
86367427,052507980,GM METAL FAB-PARMA PLT,REINFORCEMENT-U,ARG214VA
86459278,052507980,GM METAL FAB-PARMA PLT,BRACE-QTR INR P,ARG214VA
86483111,052507980,GM METAL FAB-PARMA PLT,BRACE-QTR INR P,ARG214VA
86483135,052507980,GM METAL FAB-PARMA PLT,RAIL ASM-RF INR,ARG214VA
84252884,969789283,GM METAL FAB-PARMA PLT,RAIL ASM-RF INR,ARG214VA
84252887,969789283,GM METAL FAB-PARMA PLT,REINFORCEMENT-F,ARG214VA
84252890,969789283,GM METAL FAB-PARMA PLT,REINFORCEMENT-F,ARG214VA
84252883,969789283,GM METAL FAB-PARMA PLT,BOW-RF PNL #2,ARG214VA
84252885,969789283,GM METAL FAB-PARMA PLT,BOW-RF PNL #3,ARG214VA
84252889,969789283,GM METAL FAB-PARMA PLT,BOW-RF PNL #4,ARG214VA
84252892,969789283,GM METAL FAB-PARMA PLT,REINFORCEMENT-R,ARG214VA
84578115,969789283,GM METAL FAB-PARMA PLT,PANEL-DA LWR EX,ARG214VA
84578116,969789283,GM METAL FAB-PARMA PLT,RAIL ASM-RF INR,ARG214VA
84578117,969789283,GM METAL FAB-PARMA PLT,RAIL ASM-RF INR,ARG214VA
84578118,969789283,GM METAL FAB-PARMA PLT,STIFFENER-RF PN,ARG214VA
85741117,969789283,GM METAL FAB-PARMA PLT,PANEL-RR W/H IN,ARG214VA
85741118,969789283,GM METAL FAB-PARMA PLT,PANEL-RR W/H IN,ARG214VA
85741120,969789283,GM METAL FAB-PARMA PLT,PANEL-RR W/H IN,ARG214VA
85741122,969789283,GM METAL FAB-PARMA PLT,PANEL-RR W/H IN,ARG214VA
86365262,969789283,GM METAL FAB-PARMA PLT,BRACE-QTR INR P,ARG214VA
20971966,019106121,GM METAL FAB-PARMA PLT,BRACE-QTR INR P,ARG265V
84939880,019106121,GM METAL FAB-PARMA PLT,GUTTER-BODY SI,ARG265V
84270177,117780968,GM METAL FAB-PARMA PLT,GUTTER-BODY SI,ARG265V
84270179,117780968,GM METAL FAB-PARMA PLT,BOW-RF PNL #6,ARG265V
84270180,117780968,GM METAL FAB-PARMA PLT,PANEL ASM-CTR P,ARG265V
84440448,117780968,GM METAL FAB-PARMA PLT,PANEL ASM-CTR P,ARG265V
84923995,117780968,RAMCO SPECIALTIES INC,NUT-TYPE A WA I,ARG265V
84923996,117780968,RAMCO SPECIALTIES INC,NUT,ARG265V
84923998,117780968,RAMCO SPECIALTIES INC,NUT,ARG265V
84924000,117780968,HARMAN BECKER AUTOMOTIVE SYSTEMS,PLATE-M/TEL MIC,ARG265V
84924001,117780968,HARMAN BECKER AUTOMOTIVE SYSTEMS,ACCELEROME,ARG265V
84924003,117780968,HARMAN BECKER AUTOMOTIVE SYSTEMS,ACCELEROMETER A,ARG265V
84924005,117780968,HARMAN BECKER AUTOMOTIVE SYSTEMS,MICROPHONE ASM-,ARG265V
84924006,117780968,HARMAN BECKER AUTOMOTIVE SYSTEMS,MICROPHONE ASM-,ARG265V
84924008,117780968,HARMAN BECKER AUTOMOTIVE SYSTEMS,MICROPHONE ASM-,ARG265V
84924010,117780968,HARMAN BECKER AUTOMOTIVE SYSTEMS,MICROPHONE ASM-,ARG265V
84924011,117780968,ARGENT INTERNATIONAL INC,TAPE-FRT S/D SI,ARG265V
84924013,117780968,HENNIGES AUTOMOTIVE OKLAHOMA INC,WEATHERSTRIP AS,ARG265V
84270181,117780968,HENNIGES AUTOMOTIVE OKLAHOMA INC,WEATHERSTRIP AS,ARG265V
84440446,117780968,HENNIGES AUTOMOTIVE OKLAHOMA INC,WEATHERSTRIP AS,ARG265V
84440447,117780968,HENNIGES AUTOMOTIVE OKLAHOMA INC,WEATHERSTRIP AS,ARG265V
85557947,117780968,HENNIGES AUTOMOTIVE OKLAHOMA INC,WEATHERSTRIP AS,ARG265V
85613290,117780968,HENNIGES AUTOMOTIVE OKLAHOMA INC,WEATHERSTRIP AS,ARG265V
85613291,117780968,ILLINOIS TOOL WORKS INC,SCREW-METRIC RN,ARG265V
85613292,117780968,ILLINOIS TOOL WORKS INC,BOLT ASM-HX HD,ARG265V
85613293,117780968,ILLINOIS TOOL WORKS INC,BOLT ASM-HX HD,ARG265V
84257694,050150481,ILLINOIS TOOL WORKS INC,BOLT/SCREW,ARG305A
84673165,050150481,ILLINOIS TOOL WORKS INC,BOLT/SCREW,ARG305A
84691982,050150481,ILLINOIS TOOL WORKS INC,BOLT/SCREW,ARG305A
84675926,078794027,ILLINOIS TOOL WORKS INC,BOLT/SCREW,ARG305A
84675927,078794027,ILLINOIS TOOL WORKS INC,BOLT/SCREW,ARG305A
84257706,142199376,ILLINOIS TOOL WORKS INC,BOLT/SCREW,ARG305A
84257707,142199376,ILLINOIS TOOL WORKS INC,BOLT/SCREW,ARG305A
84257737,142199376,ILLINOIS TOOL WORKS INC,BOLT ASM-HEX HE,ARG305A
84257738,142199376,ILLINOIS TOOL WORKS INC,SCREW ASM-HI HE,ARG305A
84258185,142199376,ILLINOIS TOOL WORKS INC,STUD-METRIC TYP,ARG305A
86343350,000187815,ILLINOIS TOOL WORKS INC,BOLT/SCREW,ARG311L
86343347,000187815,ILLINOIS TOOL WORKS INC,BOLT-HVY HEX AC,ARG311L
86343348,000187815,ILLINOIS TOOL WORKS INC,BOLT/SCREW,ARG311L
84400993,603014643,ILLINOIS TOOL WORKS INC,NUT-.,ARG311L
84697767,603014643,ILLINOIS TOOL WORKS INC,BOLT/SCREW-.,ARG311L
85589250,603014643,ILLINOIS TOOL WORKS INC,BOLT/SCREW-.,ARG311L
85589251,603014643,ILLINOIS TOOL WORKS INC,BOLT/SCREW-.,ARG311L
23380293,050150481,ILLINOIS TOOL WORKS INC,BOLT/SCREW,ARG380L
23380294,050150481,ILLINOIS TOOL WORKS INC,SCREW ASM - TAP,ARG380L
23380295,050150481,ILLINOIS TOOL WORKS INC,BOLT/SCREW,ARG380L
23380296,050150481,ILLINOIS TOOL WORKS INC,BOLT/SCREW,ARG380L
23380297,050150481,ILLINOIS TOOL WORKS INC,BOLT/SCREW,ARG380L
23400140,050150481,ILLINOIS TOOL WORKS INC,BLK=X/TREE,ARG380L
23400141,050150481,ILLINOIS TOOL WORKS INC,RETAINER-CLOSE,ARG380L
84037337,050150481,ILLINOIS TOOL WORKS INC,RETAINER - PLAS,ARG380L
84267653,050150481,ILLINOIS TOOL WORKS INC,PIN-PUSH,ARG380L
84267654,050150481,ILLINOIS TOOL WORKS INC,RETAINER,ARG380L
84351340,050150481,ILLINOIS TOOL WORKS INC,PIN - PUSH,ARG380L
23133712,050150481,ILLINOIS TOOL WORKS INC,PIN - PUSH,ARG380L
84407003,050150481,ILLINOIS TOOL WORKS INC,PIN - PUSH,ARG380L
84608640,050150481,ILLINOIS TOOL WORKS INC,PIN-PUSH,ARG380L
84608641,050150481,ILLINOIS TOOL WORKS INC,RETAINER-.,ARG380L
84708908,050150481,ILLINOIS TOOL WORKS INC,RETAINER-PLASTI,ARG380L
84708909,050150481,ILLINOIS TOOL WORKS INC,RETAINER,ARG380L
86291451,050150481,ILLINOIS TOOL WORKS INC,RETAINER-PLASTI,ARG380L
23380300,101908965,ILLINOIS TOOL WORKS INC,PIN-PUSH,ARG380L
23380301,101908965,ILLINOIS TOOL WORKS INC,PLUG-BODY H/PLR,ARG380L
86788519,142199376,ILLINOIS TOOL WORKS INC,RETAINER-,ARG380L
84525244,142199376,ILLINOIS TOOL WORKS INC,PLUG-INFLR AIR,ARG380L
84623057,142199376,ILLINOIS TOOL WORKS INC,NUT ASM,ARG380L
84685655,142199376,ILLINOIS TOOL WORKS INC,NUT-RR LIC PLT,ARG380L
84687184,142199376,ILLINOIS TOOL WORKS INC,PLUG-E/GATE DRN,ARG380L
84687185,142199376,ILLINOIS TOOL WORKS INC,RETAINER-RR BOD,ARG380L
84839447,142199376,ILLINOIS TOOL WORKS INC,RETAINER-T/LP,ARG380L
84856597,142199376,ILLINOIS TOOL WORKS INC,RETAINER-T/LP,ARG380L
23337722,000202545,ILLINOIS TOOL WORKS INC,RETAINER-T/LP,ARG550L
84492877,000202545,ILLINOIS TOOL WORKS INC,RETAINER-T/LP,ARG550L
85589317,000202545,ILLINOIS TOOL WORKS INC,RETAINER-T/LP,ARG550L
85766687,000202545,ILLINOIS TOOL WORKS INC,RETAINER ASM-R/,ARG550L
85774926,000202545,ILLINOIS TOOL WORKS INC,RETAINER ASM-R/,ARG550L
86409566,790603224,ILLINOIS TOOL WORKS INC,RETAINER ASM-R/,ARG550L
13549098,790603224,MAG-USA INC,HOIST ASM-SPA W,ARG550L
13549099,790603224,CHALLENGE MFG CO,BRACKET ASM-DA,ARG550L
13549878,790603224,CHALLENGE MFG CO,BRACKET ASM-DA,ARG550L
13550988,790603224,CHALLENGE MFG CO,BRACKET ASM-DA,ARG550L
13550989,790603224,HENROB CORPORATION,RIVET-.,ARG550L
13550990,790603224,KIRCHHOFF AUTOMOTIVE DALLAS INC,BRACE-DA PNL,ARG550L
13550991,790603224,KIRCHHOFF AUTOMOTIVE DALLAS INC,BRACE-DA PNL,ARG550L
13550992,790603224,KIRCHHOFF AUTOMOTIVE DALLAS INC,PANEL ASM-PLNM,ARG550L
85845958,078488161,KIRCHHOFF AUTOMOTIVE DALLAS INC,PANEL ASM-PLNM,ARG570LY
86341094,078488161,KIRCHHOFF AUTOMOTIVE DALLAS INC,SILL ASM-U/B #1,ARG570LY
86341095,078488161,KIRCHHOFF AUTOMOTIVE DALLAS INC,SILL ASM-U/B #1,ARG570LY
84404201,078488161,KIRCHHOFF AUTOMOTIVE DALLAS INC,PANEL ASM-F/END,ARG570LY
84853409,078488161,KIRCHHOFF AUTOMOTIVE DALLAS INC,PANEL ASM-F/END,ARG570LY
84853410,078488161,KIRCHHOFF AUTOMOTIVE DALLAS INC,REINFORCEMENT A,ARG570LY
84853411,078488161,ABC TECHNOLOGIES TEXAS LLC,COMPARTMENT ASM,ARG570LY
84877613,078488161,ABC TECHNOLOGIES TEXAS LLC,COMPARTMENT ASM,ARG570LY
84877614,078488161,ABC TECHNOLOGIES TEXAS LLC,COMPARTMENT ASM,ARG570LY
85842362,078488161,GM METAL FAB-FAIRFAX STAMPING,PANEL-QTR INR L,ARG570LY
86320045,078488161,GM METAL FAB-FAIRFAX STAMPING,PANEL-F/FLR,ARG570LY
86320047,078488161,GM METAL FAB-FAIRFAX STAMPING,PANEL-QTR INR L,ARG570LY
86320049,078488161,GM METAL FAB-FAIRFAX STAMPING,PANEL-QTR INR L,ARG570LY
86439809,078488161,GM METAL FAB-FAIRFAX STAMPING,PANEL-R/FLR FRT,ARG570LY
86439811,078488161,GM METAL FAB-FAIRFAX STAMPING,PANEL-R/FLR FRT,ARG570LY
86439813,078488161,GM METAL FAB-FAIRFAX STAMPING,PANEL-R/FLR RR,ARG570LY
85873437,080779273,GM METAL FAB-FAIRFAX STAMPING,PANEL-R/FLR RR,ARG570LY
85873426,080779273,GM METAL FAB-FAIRFAX STAMPING,PANEL-QTR INR L,ARG570LY
85873427,080779273,SCHAEFFLER MOTION TECHNOLOGIES USA,MODULE ASM-ENG,ARG570LY
85873429,080779273,SCHAEFFLER MOTION TECHNOLOGIES USA,MODULE ASM-ENG,ARG570LY
85873430,080779273,SCHAEFFLER MOTION TECHNOLOGIES USA,MODULE ASM-ENG,ARG570LY
85873435,080779273,SCHAEFFLER MOTION TECHNOLOGIES USA,MODULE ASM-ENG,ARG570LY
85873436,080779273,SCHAEFFLER MOTION TECHNOLOGIES USA,MODULE ASM-ENG,ARG570LY
85571848,080779273,SCHAEFFLER MOTION TECHNOLOGIES USA,MODULE ASM-F/PM,ARG570LY
85873428,080779273,SCHAEFFLER MOTION TECHNOLOGIES USA,MODULE ASM-F/PM,ARG570LY
86423658,080779273,SCHAEFFLER MOTION TECHNOLOGIES USA,MODULE ASM-F/PM,ARG570LY
86423659,080779273,LEAR CORPORATION,COVER-F/SEAT AD,ARG570LY
86423660,080779273,LEAR CORPORATION,FRAME ASM-F/SEA,ARG570LY
86423661,080779273,LEAR CORPORATION,FRAME ASM-F/SEA,ARG570LY
23413611,042439265,LEAR CORPORATION,FRAME ASM-F/SEA,ARG623L
40009126,042439265,LEAR CORPORATION,BLOWER ASM-F/SE,ARG623L
40009135,042439265,LEAR CORPORATION,BLOWER ASM-F/SE,ARG623L
84267760,042439265,LEAR CORPORATION,ACTUATOR ASM-F/,ARG623L
84267777,042439265,LEAR CORPORATION,LUMBAR ASM-R/SE,ARG623L
84277992,042439265,LEAR CORPORATION,LUMBAR ASM-R/SE,ARG623L
84277993,042439265,LEAR CORPORATION,MAT ASM-F/SEAT,ARG623L
84277994,042439265,LEAR CORPORATION,MAT ASM-F/SEAT,ARG623L
84277995,042439265,LEAR CORPORATION,BLADDER ASM-F/S,ARG623L
84278012,042439265,LEAR CORPORATION,BLADDER ASM-F/S,ARG623L
84278013,042439265,LEAR CORPORATION,SUPPORT ASM-F/S,ARG623L
84278023,042439265,LEAR CORPORATION,MODULE ASM-ST A,ARG623L
84278024,042439265,LEAR CORPORATION,MODULE ASM-ST A,ARG623L
84278025,042439265,LEAR CORPORATION,LUMBAR ASM-R/SE,ARG623L
84278809,042439265,LEAR CORPORATION,LUMBAR ASM-R/SE,ARG623L
84279559,042439265,LEAR CORPORATION,SWITCH ASM-F/SE,ARG623L
84279560,042439265,LEAR CORPORATION,SWITCH ASM-F/SE,ARG623L
84316302,042439265,LEAR CORPORATION,COVER ASM-F/SEA,ARG623L
84316316,042439265,LEAR CORPORATION,COVER ASM-F/SEA,ARG623L
84640392,042439265,LEAR CORPORATION,COVER-F/SEAT CU,ARG623L
84640393,042439265,LEAR CORPORATION,COVER-F/SEAT CU,ARG623L
84640394,042439265,LEAR CORPORATION,COVER ASM-F/SEA,ARG623L
84640395,042439265,LEAR CORPORATION,COVER ASM-F/SEA,ARG623L
84668836,042439265,LEAR CORPORATION,COVER ASM-F/SEA,ARG623L
84668837,042439265,LEAR CORPORATION,COVER ASM-F/SEA,ARG623L
84668838,042439265,LEAR CORPORATION,COVER ASM-F/SEA,ARG623L
84668839,042439265,LEAR CORPORATION,COVER ASM-F/SEA,ARG623L
84686654,042439265,LEAR CORPORATION,COVER ASM-F/SEA,ARG623L
84686655,042439265,LEAR CORPORATION,COVER ASM-F/SEA,ARG623L
85524112,042439265,LEAR CORPORATION,COVER ASM-F/SEA,ARG623L
86344723,042439265,LEAR CORPORATION,COVER ASM-F/SEA,ARG623L
84112194,042439265,LEAR CORPORATION,COVER ASM-F/SEA,ARG623L
84605731,042439265,LEAR CORPORATION,COVER ASM-F/SEA,ARG623L
84680940,042439265,LEAR CORPORATION,PAD-F/SEAT CUSH,ARG623L
84680941,042439265,LEAR CORPORATION,PAD-F/SEAT CUSH,ARG623L
84755859,042439265,LEAR CORPORATION,FRAME ASM-F/SEA,ARG623L
84755860,042439265,LEAR CORPORATION,COVER-R/SEAT FR,ARG623L
84755861,042439265,LEAR CORPORATION,COVER-R/SEAT FR,ARG623L
84755862,042439265,LEAR CORPORATION,COVER-R/SEAT FR,ARG623L
84902357,042439265,LEAR CORPORATION,COVER-R/SEAT FR,ARG623L
15092802,050614114,LEAR CORPORATION,COVER-R/SEAT AD,ARG623L
84739933,050614114,LEAR CORPORATION,HARNESS ASM-F/S,ARG623L
84739934,050614114,LEAR CORPORATION,HARNESS ASM-F/S,ARG623L
84775135,050614114,LEAR CORPORATION,HARNESS ASM-F/S,ARG623L
84775136,050614114,LEAR CORPORATION,HARNESS ASM-F/S,ARG623L
85049693,050614114,LEAR CORPORATION,HARNESS ASM-F/S,ARG623L
85049694,050614114,LEAR CORPORATION,HARNESS ASM-F/S,ARG623L
86788496,050614114,LEAR CORPORATION,HARNESS ASM-F/S,ARG623L
87842510,050614114,LEAR CORPORATION,HARNESS ASM-F/S,ARG623L
87854135,050614114,LEAR CORPORATION,HARNESS ASM-F/S,ARG623L
86594923,080445381,LEAR CORPORATION,HARNESS ASM-F/S,ARG623L
87840008,080445381,LEAR CORPORATION,HARNESS ASM-F/S,ARG623L
85063396,042439265,LEAR CORPORATION,HARNESS ASM-F/S,ARG625A
85063397,042439265,LEAR CORPORATION,HARNESS ASM-F/S,ARG625A
86385792,042439265,LEAR CORPORATION,HARNESS ASM-F/S,ARG625A
85669211,051780094,LEAR CORPORATION,HARNESS ASM-F/S,ARG625A
85669212,051780094,LEAR CORPORATION,HARNESS ASM-F/S,ARG625A
85669213,051780094,LEAR CORPORATION,HARNESS ASM-F/S,ARG625A
85669214,051780094,LEAR CORPORATION,HARNESS ASM-F/S,ARG625A
85669215,051780094,LEAR CORPORATION,HARNESS ASM-F/S,ARG625A
85669216,051780094,LEAR CORPORATION,HARNESS ASM-F/S,ARG625A
12732343,079877724,LEAR CORPORATION,HARNESS ASM-F/S,ARG627L
11604601,080681453,LEAR CORPORATION,HARNESS ASM-F/S,ARG627L
11571069,080681453,LEAR CORPORATION,HARNESS ASM-3RD,ARG627L
11519375,080681453,LEAR CORPORATION,HARNESS ASM-3RD,ARG627L
11519391,080681453,LEAR CORPORATION,RESTRAINT ASM-R,ARG627L
11519527,080681453,LEAR CORPORATION,RESTRAINT ASM-R,ARG627L
11519537,080681453,LEAR CORPORATION,RESTRAINT ASM-R,ARG627L
11546404,080681453,LEAR CORPORATION,RESTRAINT ASM-R,ARG627L
11546405,080681453,LEAR CORPORATION,RESTRAINT ASM-R,ARG627L
11546791,080681453,LEAR CORPORATION,RESTRAINT ASM-R,ARG627L
11548870,080681453,LEAR CORPORATION,RESTRAINT ASM-R,ARG627L
11548893,080681453,LEAR CORPORATION,RESTRAINT ASM-3,ARG627L
11548998,080681453,LEAR CORPORATION,RESTRAINT ASM-3,ARG627L
11549110,080681453,LEAR CORPORATION,RESTRAINT ASM-3,ARG627L
11561075,080681453,LEAR CORPORATION,RESTRAINT ASM-3,ARG627L
11561306,080681453,LEAR CORPORATION,RESTRAINT ASM-3,ARG627L
11561969,080681453,LEAR CORPORATION,RESTRAINT ASM-3,ARG627L
11569939,080681453,LEAR CORPORATION,RESTRAINT ASM-3,ARG627L
11570516,080681453,LEAR CORPORATION,RESTRAINT ASM-R,ARG627L
11571019,080681453,LEAR CORPORATION,RESTRAINT ASM-R,ARG627L
11588751,080681453,LEAR CORPORATION,RESTRAINT ASM-3,ARG627L
11588755,080681453,LEAR CORPORATION,RESTRAINT ASM-3,ARG627L
11589165,080681453,LEAR CORPORATION,COVER ASM-R/SEA,ARG627L
11589273,080681453,LEAR CORPORATION,BUCKLE ASM-R/SE,ARG627L
11589284,080681453,LEAR CORPORATION,BUCKLE ASM-R/SE,ARG627L
11601999,080681453,LEAR CORPORATION,HEAD ASM-R/SEAT,ARG627L
11602523,080681453,LEAR CORPORATION,HEAD ASM-R/SEAT,ARG627L
11603090,080681453,LEAR CORPORATION,BLADDER ASM-R/S,ARG627L
11604169,080681453,LEAR CORPORATION,BLADDER ASM-R/S,ARG627L
11604226,080681453,LEAR CORPORATION,RESTRAINT ASM-F,ARG627L
11604823,080681453,LEAR CORPORATION,RESTRAINT ASM-F,ARG627L
11610915,080681453,LEAR CORPORATION,RESTRAINT ASM-F,ARG627L
23506679,800786642,LEAR CORPORATION,RESTRAINT ASM-F,ARG627L
23506695,800786642,LEAR CORPORATION,RESTRAINT ASM-F,ARG627L
84359904,800786642,LEAR CORPORATION,RESTRAINT ASM-F,ARG627L
84359909,800786642,LEAR CORPORATION,RESTRAINT ASM-F,ARG627L
84359926,800786642,LEAR CORPORATION,RESTRAINT ASM-F,ARG627L
84486530,800786642,LEAR CORPORATION,RESTRAINT ASM-F,ARG627L
84809605,800786642,LEAR CORPORATION,RESTRAINT ASM-F,ARG627L
84809606,800786642,LEAR CORPORATION,RESTRAINT ASM-F,ARG627L
84830110,800786642,LEAR CORPORATION,RESTRAINT ASM-F,ARG627L
84830111,800786642,LEAR CORPORATION,FRAME ASM-R/SEA,ARG627L
84833881,800786642,LEAR CORPORATION,FRAME ASM-R/SEA,ARG627L
84833882,800786642,LEAR CORPORATION,FRAME ASM-R/SEA,ARG627L
84833883,800786642,LEAR CORPORATION,FRAME ASM-R/SEA,ARG627L
84833884,800786642,LEAR CORPORATION,FRAME ASM-3RD R,ARG627L
84833885,800786642,LEAR CORPORATION,FRAME ASM-3RD R,ARG627L
84833886,800786642,LEAR CORPORATION,PROTECTOR-R/SEA,ARG627L
84833887,800786642,LEAR CORPORATION,LATCH-F/SEAT BK,ARG627L
84833888,800786642,LEAR CORPORATION,COVER-R/SEAT TR,ARG627L
84833889,800786642,LEAR CORPORATION,COVER-R/SEAT TR,ARG627L
84833890,800786642,LEAR CORPORATION,MODULE PKG-F/SE,ARG627L
84839040,800786642,LEAR CORPORATION,FRAME ASM-R/SEA,ARG627L
84839041,800786642,LEAR CORPORATION,CRAME ASM-R/SEA,ARG627L
84925970,800786642,LEAR CORPORATION,FRAME ASM-R/SEA,ARG627L
84925971,800786642,LEAR CORPORATION,FRAME ASM-R/SEA,ARG627L
84925993,800786642,LEAR CORPORATION,FRAME ASM-R/SEA,ARG627L
84925994,800786642,LEAR CORPORATION,FRAME ASM-R/SEA,ARG627L
84925995,800786642,LEAR CORPORATION,FRAME ASM-R/SEA,ARG627L
84925996,800786642,LEAR CORPORATION,ACTUATOR ASM-FL,ARG627L
85532495,800786642,LEAR CORPORATION,FRAME ASM-R/SEA,ARG627L
85532496,800786642,LEAR CORPORATION,FRAME ASM-R/SEA,ARG627L
86439409,800786642,LEAR CORPORATION,FRAME ASM-R/SEA,ARG627L
86439410,800786642,LEAR CORPORATION,FRAME ASM-R/SEA,ARG627L
84229018,005356662,LEAR CORPORATION,FRAME ASM-R/SEA,ARG632A
84229020,005356662,LEAR CORPORATION,FRAME ASM-R/SEA,ARG632A
84229291,005356662,LEAR CORPORATION,FRAME ASM-R/SEA,ARG632A
84229303,005356662,LEAR CORPORATION,PANEL ASM-F/SEA,ARG632A
84229305,005356662,LEAR CORPORATION,PANEL ASM-F/SEA,ARG632A
84229308,005356662,LEAR CORPORATION,PANEL ASM-F/SEA,ARG632A
84229310,005356662,LEAR CORPORATION,PANEL ASM-F/SEA,ARG632A
84229312,005356662,LEAR CORPORATION,PANEL ASM-F/SEA,ARG632A
84278016,005356662,LEAR CORPORATION,PANEL ASM-F/SEA,ARG632A
84458844,005356662,LEAR CORPORATION,PANEL ASM-R/SEA,ARG632A
84658904,005356662,LEAR CORPORATION,PANEL ASM-R/SEA,ARG632A
84658905,005356662,LEAR CORPORATION,PANEL ASM-R/SEA,ARG632A
84658906,005356662,LEAR CORPORATION,PANEL ASM-R/SEA,ARG632A
84658907,005356662,LEAR CORPORATION,SWITCH ASM-F/SE,ARG632A
84658908,005356662,LEAR CORPORATION,SWITCH ASM-F/SE,ARG632A
84658909,005356662,LEAR CORPORATION,SWITCH ASM-F/SE,ARG632A
84658910,005356662,LEAR CORPORATION,SWITCH ASM-F/SE,ARG632A
84658911,005356662,LEAR CORPORATION,SWITCH ASM-R/SE,ARG632A
84658912,005356662,LEAR CORPORATION,SWITCH ASM-R/SE,ARG632A
84954332,005356662,LEAR CORPORATION,SWITCH ASM-R/SE,ARG632A
84987895,005356662,LEAR CORPORATION,SWITCH ASM-R/SE,ARG632A
84795521,800786642,LEAR CORPORATION,HEAD ASM-F/SEAT,ARG632A
84795522,800786642,LEAR CORPORATION,HEAD ASM-F/SEAT,ARG632A
23380298,101908965,LEAR CORPORATION,HEAD ASM-F/SEAT,ARG632A
23349245,000145425,LEAR CORPORATION,FRAME ASM-R/SEA,ARG647L
23358842,000145425,LEAR CORPORATION,TRANSCEIVER PKG,ARG647L
23358844,000145425,LEAR CORPORATION,BUCKLE ASM-3RD,ARG647L
23409525,000145425,LEAR CORPORATION,BUCKLE ASM-3RD,ARG647L
85820592,078849132,LEAR CORPORATION,BUCKLE ASM-3RD,ARG647L
86473202,078849132,LEAR CORPORATION,BUCKLE ASM-3RD,ARG647L
85073980,078849132,LEAR CORPORATION,BUCKLE ASM-3RD,ARG647L
85860905,078849132,LEAR CORPORATION,BUCKLE ASM-3RD,ARG647L
86353432,078849132,LEAR CORPORATION,COVER ASM-R/SEA,ARG647L
86478747,078849132,LEAR CORPORATION,COVER ASM-R/SEA,ARG647L
86478748,078849132,LEAR CORPORATION,COVER ASM-R/SEA,ARG647L
85828836,078849132,LEAR CORPORATION,COVER ASM-R/SEA,ARG647L
86598492,078849132,LEAR CORPORATION,COVER ASM-R/SEA,ARG647L
22819597,078849132,LEAR CORPORATION,COVER ASM-R/SEA,ARG647L
85538412,078849132,LEAR CORPORATION,COVER ASM-R/SEA,ARG647L
85578912,078849132,LEAR CORPORATION,COVER ASM-R/SEA,ARG647L
85664778,078849132,LEAR CORPORATION,COVER ASM-R/SEA,ARG647L
86336076,078849132,LEAR CORPORATION,COVER ASM-R/SEA,ARG647L
86404409,078849132,LEAR CORPORATION,COVER ASM-R/SEA,ARG647L
85731911,627272024,LEAR CORPORATION,COVER ASM-R/SEA,ARG647L
85731912,627272024,LEAR CORPORATION,COVER ASM-R/SEA,ARG647L
85731923,627272024,LEAR CORPORATION,COVER ASM-R/SEA,ARG647L
85731924,627272024,LEAR CORPORATION,COVER ASM-R/SEA,ARG647L
85731938,627272024,LEAR CORPORATION,COVER ASM-R/SEA,ARG647L
85731939,627272024,LEAR CORPORATION,COVER ASM-R/SEA,ARG647L
85731944,627272024,LEAR CORPORATION,COVER ASM-R/SEA,ARG647L
85731945,627272024,LEAR CORPORATION,COVER ASM-R/SEA,ARG647L
85731965,627272024,LEAR CORPORATION,COVER ASM-R/SEA,ARG647L
85731966,627272024,LEAR CORPORATION,COVER ASM-R/SEA,ARG647L
85731971,627272024,LEAR CORPORATION,COVER ASM-R/SEA,ARG647L
85731972,627272024,LEAR CORPORATION,COVER ASM-R/SEA,ARG647L
85731992,627272024,LEAR CORPORATION,COVER ASM-R/SEA,ARG647L
85731997,627272024,LEAR CORPORATION,COVER ASM-R/SEA,ARG647L
85731998,627272024,LEAR CORPORATION,COVER ASM-R/SEA,ARG647L
85732003,627272024,LEAR CORPORATION,COVER ASM-R/SEA,ARG647L
85850964,627272024,LEAR CORPORATION,COVER ASM-R/SEA,ARG647L
85850970,627272024,LEAR CORPORATION,COVER ASM-R/SEA,ARG647L
85850971,627272024,LEAR CORPORATION,COVER ASM-R/SEA,ARG647L
85850976,627272024,LEAR CORPORATION,COVER ASM-R/SEA,ARG647L
85850982,627272024,LEAR CORPORATION,COVER ASM-R/SEA,ARG647L
85850983,627272024,LEAR CORPORATION,COVER ASM-R/SEA,ARG647L
85850988,627272024,LEAR CORPORATION,COVER ASM-R/SEA,ARG647L
85850994,627272024,LEAR CORPORATION,COVER ASM-R/SEA,ARG647L
85850995,627272024,LEAR CORPORATION,COVER ASM-R/SEA,ARG647L
85851000,627272024,LEAR CORPORATION,HEAD ASM-R/SEAT,ARG647L
85851006,627272024,LEAR CORPORATION,HEAD ASM-R/SEAT,ARG647L
85851007,627272024,LEAR CORPORATION,HEAD ASM-R/SEAT,ARG647L
85851012,627272024,LEAR CORPORATION,HEAD ASM-R/SEAT,ARG647L
85851018,627272024,LEAR CORPORATION,HEAD ASM-R/SEAT,ARG647L
85851019,627272024,LEAR CORPORATION,HEAD ASM-R/SEAT,ARG647L
85851023,627272024,LEAR CORPORATION,HEAD ASM-R/SEAT,ARG647L
85851029,627272024,LEAR CORPORATION,HEAD ASM-R/SEAT,ARG647L
85851030,627272024,LEAR CORPORATION,HEAD ASM-R/SEAT,ARG647L
85851034,627272024,LEAR CORPORATION,HEAD ASM-R/SEAT,ARG647L
85851040,627272024,LEAR CORPORATION,HEAD ASM-R/SEAT,ARG647L
85851041,627272024,LEAR CORPORATION,HEAD ASM-R/SEAT,ARG647L
85851045,627272024,LEAR CORPORATION,HEAD ASM-R/SEAT,ARG647L
85851051,627272024,LEAR CORPORATION,HEAD ASM-R/SEAT,ARG647L
85851052,627272024,LEAR CORPORATION,HEAD ASM-R/SEAT,ARG647L
85857880,627272024,LEAR CORPORATION,HEAD ASM-R/SEAT,ARG647L
85857881,627272024,LEAR CORPORATION,HEAD ASM-R/SEAT,ARG647L
85857882,627272024,LEAR CORPORATION,HEAD ASM-R/SEAT,ARG647L
85857884,627272024,LEAR CORPORATION,HEAD ASM-R/SEAT,ARG647L
85857885,627272024,LEAR CORPORATION,HEAD ASM-R/SEAT,ARG647L
85857889,627272024,LEAR CORPORATION,HEAD ASM-R/SEAT,ARG647L
85857890,627272024,LEAR CORPORATION,HEAD ASM-R/SEAT,ARG647L
85857891,627272024,LEAR CORPORATION,HEAD ASM-R/SEAT,ARG647L
85857893,627272024,LEAR CORPORATION,HEAD ASM-R/SEAT,ARG647L
85857894,627272024,LEAR CORPORATION,HEAD ASM-R/SEAT,ARG647L
85857900,627272024,LEAR CORPORATION,HEAD ASM-R/SEAT,ARG647L
85857901,627272024,LEAR CORPORATION,HEAD ASM-R/SEAT,ARG647L
85857902,627272024,LEAR CORPORATION,HEAD ASM-R/SEAT,ARG647L
85857904,627272024,LEAR CORPORATION,HEAD ASM-R/SEAT,ARG647L
85857905,627272024,LEAR CORPORATION,HEAD ASM-R/SEAT,ARG647L
85857909,627272024,LEAR CORPORATION,HEAD ASM-R/SEAT,ARG647L
85857910,627272024,LEAR CORPORATION,HEAD ASM-R/SEAT,ARG647L
85857911,627272024,LEAR CORPORATION,HEAD ASM-R/SEAT,ARG647L
85857913,627272024,LEAR CORPORATION,HEAD ASM-R/SEAT,ARG647L
85857914,627272024,LEAR CORPORATION,HEAD ASM-R/SEAT,ARG647L
85857918,627272024,LEAR CORPORATION,HEAD ASM-R/SEAT,ARG647L
85857919,627272024,LEAR CORPORATION,HEAD ASM-R/SEAT,ARG647L
85857920,627272024,LEAR CORPORATION,HEAD ASM-R/SEAT,ARG647L
85857921,627272024,LEAR CORPORATION,HEAD ASM-R/SEAT,ARG647L
85857922,627272024,LEAR CORPORATION,HEAD ASM-R/SEAT,ARG647L
85857926,627272024,LEAR CORPORATION,HEAD ASM-R/SEAT,ARG647L
85857927,627272024,LEAR CORPORATION,HEAD ASM-R/SEAT,ARG647L
85857928,627272024,LEAR CORPORATION,HEAD ASM-R/SEAT,ARG647L
85857929,627272024,LEAR CORPORATION,HEAD ASM-R/SEAT,ARG647L
85857930,627272024,LEAR CORPORATION,RETRACTOR ASM-F,ARG647L
85857934,627272024,LEAR CORPORATION,RETRACTOR ASM-F,ARG647L
85857935,627272024,LEAR CORPORATION,TRANSCEIVER PKG,ARG647L
85857936,627272024,LEAR CORPORATION,FRAME ASM-R/SEA,ARG647L
85857938,627272024,LEAR CORPORATION,FRAME ASM-R/SEA,ARG647L
85857942,627272024,LEAR CORPORATION,COVER ASM-F/SEA,ARG647L
85857943,627272024,LEAR CORPORATION,COVER ASM-F/SEA,ARG647L
85857944,627272024,LEAR CORPORATION,COVER ASM-F/SEA,ARG647L
85857945,627272024,LEAR CORPORATION,COVER ASM-F/SEA,ARG647L
85865031,627272024,LEAR CORPORATION,COVER ASM-F/SEA,ARG647L
85865032,627272024,LEAR CORPORATION,COVER ASM-F/SEA,ARG647L
86532891,627272024,LEAR CORPORATION,COVER ASM-F/SEA,ARG647L
86532896,627272024,LEAR CORPORATION,COVER ASM-F/SEA,ARG647L
86532897,627272024,LEAR CORPORATION,COVER ASM-F/SEA,ARG647L
86532900,627272024,LEAR CORPORATION,COVER ASM-F/SEA,ARG647L
86532903,627272024,LEAR CORPORATION,COVER ASM-F/SEA,ARG647L
86532905,627272024,LEAR CORPORATION,COVER ASM-F/SEA,ARG647L
86532906,627272024,LEAR CORPORATION,COVER ASM-F/SEA,ARG647L
86532908,627272024,LEAR CORPORATION,COVER ASM-F/SEA,ARG647L
86532909,627272024,LEAR CORPORATION,COVER ASM-F/SEA,ARG647L
86532912,627272024,LEAR CORPORATION,COVER ASM-F/SEA,ARG647L
86532914,627272024,LEAR CORPORATION,COVER ASM-F/SEA,ARG647L
86532915,627272024,LEAR CORPORATION,COVER ASM-F/SEA,ARG647L
86532918,627272024,LEAR CORPORATION,COVER ASM-F/SEA,ARG647L
86532921,627272024,LEAR CORPORATION,COVER ASM-F/SEA,ARG647L
86532923,627272024,LEAR CORPORATION,COVER ASM-F/SEA,ARG647L
86532924,627272024,LEAR CORPORATION,COVER ASM-F/SEA,ARG647L
86532927,627272024,LEAR CORPORATION,COVER ASM-F/SEA,ARG647L
86532938,627272024,LEAR CORPORATION,COVER ASM-F/SEA,ARG647L
86532941,627272024,LEAR CORPORATION,COVER ASM-F/SEA,ARG647L
86532943,627272024,LEAR CORPORATION,COVER ASM-F/SEA,ARG647L
86532944,627272024,LEAR CORPORATION,COVER ASM-F/SEA,ARG647L
86532947,627272024,LEAR CORPORATION,COVER ASM-F/SEA,ARG647L
86532950,627272024,LEAR CORPORATION,COVER ASM-R/SEA,ARG647L
86532952,627272024,LEAR CORPORATION,COVER ASM-R/SEA,ARG647L
86532953,627272024,LEAR CORPORATION,COVER ASM-R/SEA,ARG647L
86532955,627272024,LEAR CORPORATION,COVER ASM-R/SEA,ARG647L
86532956,627272024,LEAR CORPORATION,COVER ASM-R/SEA,ARG647L
86532959,627272024,LEAR CORPORATION,COVER ASM-R/SEA,ARG647L
86532961,627272024,LEAR CORPORATION,COVER ASM-R/SEA,ARG647L
86532962,627272024,LEAR CORPORATION,COVER ASM-R/SEA,ARG647L
86532964,627272024,LEAR CORPORATION,COVER ASM-R/SEA,ARG647L
86532965,627272024,LEAR CORPORATION,COVER ASM-R/SEA,ARG647L
86532968,627272024,LEAR CORPORATION,COVER ASM-R/SEA,ARG647L
86532970,627272024,LEAR CORPORATION,COVER ASM-R/SEA,ARG647L
86532971,627272024,LEAR CORPORATION,COVER ASM-R/SEA,ARG647L
86532973,627272024,LEAR CORPORATION,COVER ASM-R/SEA,ARG647L
13531447,627272024,LEAR CORPORATION,COVER ASM-R/SEA,ARG647L
86314838,627272024,LEAR CORPORATION,COVER ASM-R/SEA,ARG647L
86314840,627272024,LEAR CORPORATION,COVER ASM-R/SEA,ARG647L
86314841,627272024,LEAR CORPORATION,COVER ASM-R/SEA,ARG647L
86314843,627272024,LEAR CORPORATION,COVER ASM-R/SEA,ARG647L
86314844,627272024,LEAR CORPORATION,COVER ASM-R/SEA,ARG647L
86314846,627272024,LEAR CORPORATION,COVER ASM-R/SEA,ARG647L
86314848,627272024,LEAR CORPORATION,COVER ASM-R/SEA,ARG647L
86314849,627272024,LEAR CORPORATION,COVER ASM-R/SEA,ARG647L
86314851,627272024,LEAR CORPORATION,COVER ASM-R/SEA,ARG647L
86314852,627272024,LEAR CORPORATION,COVER ASM-R/SEA,ARG647L
84252200,020837233,LEAR CORPORATION,COVER ASM-R/SEA,ARG668V
84252201,020837233,LEAR CORPORATION,COVER ASM-R/SEA,ARG668V
85549873,078849132,LEAR CORPORATION,COVER ASM-R/SEA,ARG668V
85549874,078849132,LEAR CORPORATION,COVER ASM-R/SEA,ARG668V
85549875,078849132,LEAR CORPORATION,COVER ASM-R/SEA,ARG668V
85549876,078849132,LEAR CORPORATION,COVER ASM-R/SEA,ARG668V
85626181,078849132,LEAR CORPORATION,COVER ASM-R/SEA,ARG668V
85643878,078849132,LEAR CORPORATION,COVER ASM-R/SEA,ARG668V
85671685,078849132,LEAR CORPORATION,COVER ASM-R/SEA,ARG668V
85846755,078849132,LEAR CORPORATION,COVER ASM-R/SEA,ARG668V
86324197,078849132,LEAR CORPORATION,COVER ASM-R/SEA,ARG668V
11546469,080681453,LEAR CORPORATION,COVER ASM-R/SEA,ARG668V
11547070,080681453,LEAR CORPORATION,COVER ASM-R/SEA,ARG668V
11611035,080681453,LEAR CORPORATION,COVER ASM-R/SEA,ARG668V
23363947,142199376,LEAR CORPORATION,COVER ASM-R/SEA,ARG668V
84926922,142199376,LEAR CORPORATION,COVER ASM-R/SEA,ARG668V
85078913,812754360,LEAR CORPORATION,COVER ASM-R/SEA,ARG711LY
85078916,812754360,LEAR CORPORATION,PAD-F/SEAT CUSH,ARG711LY
85078917,812754360,LEAR CORPORATION,PAD-F/SEAT CUSH,ARG711LY
85078919,812754360,LEAR CORPORATION,FASTENER PKG-F/,ARG711LY
85078921,812754360,LEAR CORPORATION,FASTENER PKG-F/,ARG711LY
85078923,812754360,LEAR CORPORATION,COVER ASM-F/SEA,ARG711LY
85078925,812754360,LEAR CORPORATION,COVER ASM-F/SEA,ARG711LY
85078927,812754360,LEAR CORPORATION,COVER ASM-F/SEA,ARG711LY
85078933,812754360,LEAR CORPORATION,COVER ASM-F/SEA,ARG711LY
86281786,812754360,LEAR CORPORATION,COVER ASM-F/SEA,ARG711LY
86281788,812754360,LEAR CORPORATION,COVER ASM-F/SEA,ARG711LY
86281790,812754360,LEAR CORPORATION,COVER ASM-F/SEA,ARG711LY
86281792,812754360,LEAR CORPORATION,COVER ASM-F/SEA,ARG711LY
86281794,812754360,LEAR CORPORATION,COVER ASM-F/SEA,ARG711LY
86281796,812754360,LEAR CORPORATION,COVER ASM-F/SEA,ARG711LY
86437541,812754360,LEAR CORPORATION,COVER ASM-F/SEA,ARG711LY
84496224,812815730,LEAR CORPORATION,COVER ASM-F/SEA,ARG711LY
84496225,812815730,LEAR CORPORATION,COVER ASM-F/SEA,ARG711LY
85732740,812815730,LEAR CORPORATION,COVER ASM-F/SEA,ARG711LY
85732742,812815730,LEAR CORPORATION,COVER ASM-F/SEA,ARG711LY
85740176,812815730,LEAR CORPORATION,COVER ASM-F/SEA,ARG711LY
85793043,812815730,LEAR CORPORATION,COVER ASM-F/SEA,ARG711LY
85793045,812815730,LEAR CORPORATION,COVER ASM-F/SEA,ARG711LY
85811372,812815730,LEAR CORPORATION,COVER ASM-F/SEA,ARG711LY
85811373,812815730,LEAR CORPORATION,COVER ASM-F/SEA,ARG711LY
85811376,812815730,LEAR CORPORATION,COVER ASM-F/SEA,ARG711LY
85811377,812815730,LEAR CORPORATION,COVER ASM-F/SEA,ARG711LY
85811378,812815730,LEAR CORPORATION,COVER ASM-F/SEA,ARG711LY
85811380,812815730,LEAR CORPORATION,COVER ASM-F/SEA,ARG711LY
85811381,812815730,LEAR CORPORATION,COVER ASM-F/SEA,ARG711LY
85811382,812815730,LEAR CORPORATION,COVER ASM-F/SEA,ARG711LY
85811384,812815730,LEAR CORPORATION,COVER ASM-F/SEA,ARG711LY
85811385,812815730,LEAR CORPORATION,COVER ASM-F/SEA,ARG711LY
85811388,812815730,LEAR CORPORATION,COVER ASM-F/SEA,ARG711LY
85811389,812815730,LEAR CORPORATION,COVER ASM-F/SEA,ARG711LY
85811390,812815730,LEAR CORPORATION,COVER ASM-F/SEA,ARG711LY
85811392,812815730,LEAR CORPORATION,COVER ASM-F/SEA,ARG711LY
85818548,812815730,LEAR CORPORATION,COVER ASM-F/SEA,ARG711LY
86292645,812815730,LEAR CORPORATION,COVER ASM-F/SEA,ARG711LY
86541310,812815730,LEAR CORPORATION,COVER ASM-F/SEA,ARG711LY
86541311,812815730,LEAR CORPORATION,COVER ASM-F/SEA,ARG711LY
86552974,812815730,LEAR CORPORATION,COVER ASM-F/SEA,ARG711LY
86552999,812815730,LEAR CORPORATION,COVER ASM-F/SEA,ARG711LY
87838210,812815730,LEAR CORPORATION,COVER ASM-F/SEA,ARG711LY
87838211,812815730,LEAR CORPORATION,COVER ASM-F/SEA,ARG711LY
87851100,812815730,LEAR CORPORATION,COVER ASM-F/SEA,ARG711LY
87851102,812815730,LEAR CORPORATION,COVER ASM-F/SEA,ARG711LY
87851152,812815730,LEAR CORPORATION,COVER ASM-F/SEA,ARG711LY
87851154,812815730,LEAR CORPORATION,COVER ASM-F/SEA,ARG711LY
87851155,812815730,LEAR CORPORATION,COVER ASM-F/SEA,ARG711LY
87851161,812815730,LEAR CORPORATION,COVER ASM-F/SEA,ARG711LY
87851164,812815730,LEAR CORPORATION,COVER ASM-F/SEA,ARG711LY
87851166,812815730,LEAR CORPORATION,COVER ASM-F/SEA,ARG711LY
84462964,812815730,LEAR CORPORATION,FRAME ASM-F/SEA,ARG711LY
84462965,812815730,LEAR CORPORATION,FRAME ASM-F/SEA,ARG711LY
84496181,812815730,LEAR CORPORATION,FRAME ASM-F/SEA,ARG711LY
84496182,812815730,FLEX-N-GATE TEXAS LLC,PANEL ASM-RF RR,ARG711LY
84496212,812815730,FLEX-N-GATE TEXAS LLC,REINFORCEMENT A,ARG711LY
84496213,812815730,FLEX-N-GATE TEXAS LLC,REINFORCEMENT A,ARG711LY
84807769,812815730,FLEX-N-GATE TEXAS LLC,REINFORCEMENT A,ARG711LY
84807770,812815730,FLEX-N-GATE TEXAS LLC,PANEL ASM-RKR I,ARG711LY
84818413,812815730,FLEX-N-GATE TEXAS LLC,PANEL ASM-RKR I,ARG711LY
84818414,812815730,FLEX-N-GATE TEXAS LLC,PANEL ASM-RKR I,ARG711LY
84818423,812815730,FLEX-N-GATE TEXAS LLC,PANEL ASM-RKR I,ARG711LY
84818424,812815730,FLEX-N-GATE TEXAS LLC,PANEL ASM-R/END,ARG711LY
84818433,812815730,DANA SEALING MANUFACTURING LLC,GASKET-EGR CLR,ARG711LY
84818434,812815730,DANA SEALING MANUFACTURING LLC,GASKET-EXH SYS,ARG711LY
84943486,812815730,DANA SEALING MANUFACTURING LLC,GASKET-EXH SYS,ARG711LY
84943491,812815730,DANA SEALING MANUFACTURING LLC,GASKET-EXH SYS,ARG711LY
84952378,812815730,GOODWILL INTEGRATED SOLUTIONS LLC,ATTACHMENT PKG-,ARG711LY
84952379,812815730,ALUDEC USA INC,PLATE ASM,ARG711LY
84952380,812815730,ROBERT BOSCH LLC,MODULE ASM-RDO,ARG711LY
84952381,812815730,ROBERT BOSCH LLC,MODULE ASM-RDO,ARG711LY
84952391,812815730,ROBERT BOSCH LLC,MODULE ASM-RDO,ARG711LY
85142435,812815730,ROBERT BOSCH LLC,MODULE ASM-RDO,ARG711LY
85142438,812815730,DAG TECHNOLOGY LLC,CAP-WHL TR,ARG711LY
85142441,812815730,DAG TECHNOLOGY LLC,CAP-WHL TR,ARG711LY
85142442,812815730,DAG TECHNOLOGY LLC,CAP ASM-FRT & R,ARG711LY
85145200,812815730,DAG TECHNOLOGY LLC,CAP ASM-FRT & R,ARG711LY
85145201,812815730,DAG TECHNOLOGY LLC,CAP ASM-FRT & R,ARG711LY
85145202,812815730,DAG TECHNOLOGY LLC,CAP ASM-FRT & R,ARG711LY
85531399,812815730,DAG TECHNOLOGY LLC,CAP ASM-FRT & R,ARG711LY
85531400,812815730,DAG TECHNOLOGY LLC,CAP-WHL TR,ARG711LY
85531404,812815730,DAG TECHNOLOGY LLC,CAP-WHL TR,ARG711LY
85531405,812815730,DAG TECHNOLOGY LLC,CAP ASM-FRT & R,ARG711LY
85531433,812815730,ZF ACTIVE SAFETY US INC,CYLINDER ASM-BR,ARG711LY
85531434,812815730,ZF ACTIVE SAFETY US INC,CYLINDER ASM-BR,ARG711LY
85531435,812815730,ZF ACTIVE SAFETY US INC,CYLINDER ASM-BR,ARG711LY
85531436,812815730,ZF ACTIVE SAFETY US INC,CYLINDER ASM-BR,ARG711LY
85531438,812815730,ZF ACTIVE SAFETY US INC,CYLINDER ASM-BR,ARG711LY
85531439,812815730,ZF ACTIVE SAFETY US INC,CYLINDER ASM-BR,ARG711LY
85794712,812815730,ZF ACTIVE SAFETY US INC,CYLINDER ASM-BR,ARG711LY
85794908,812815730,FLEX-N-GATE TEXAS LLC,COVER-W/S PLR A,ARG711LY
85794909,812815730,FLEX-N-GATE TEXAS LLC,COVER-W/S PLR A,ARG711LY
86315925,814832457,FLEX-N-GATE TEXAS LLC,CAP-CTR PLR UPR,ARG711LY
86315926,814832457,FLEX-N-GATE TEXAS LLC,CAP-Q/WDO TR FI,ARG711LY
86315928,814832457,FLEX-N-GATE TEXAS LLC,CAP-Q/WDO TR FI,ARG711LY
86315927,814832457,FLEX-N-GATE TEXAS LLC,CAP-Q/WDO TR FI,ARG711LY
84718528,000271957,FLEX-N-GATE TEXAS LLC,CAP-Q/WDO TR FI,ARG712L
85727199,810248898,FLEX-N-GATE TEXAS LLC,PLATE-HDLNG T/P,ARG712L
86291565,810248898,FLEX-N-GATE TEXAS LLC,PLATE-HDLNG T/P,ARG712L
15124415,810248898,FLEX-N-GATE TEXAS LLC,PLATE-HDLNG T/P,ARG712L
85740519,951613687,FLEX-N-GATE TEXAS LLC,PLATE-HDLNG T/P,ARG712L
85740518,951613687,FLEX-N-GATE TEXAS LLC,BRACKET-FRT S/D,ARG712L
84827981,812777350,FLEX-N-GATE TEXAS LLC,BRACKET-FRT S/D,ARG715L
84827982,812777350,FLEX-N-GATE TEXAS LLC,BRACKET-RR S/D,ARG715L
84401926,812777350,FLEX-N-GATE TEXAS LLC,BRACKET-RR S/D,ARG715L
85154275,812777350,FLEX-N-GATE TEXAS LLC,BEZEL-R/SEAT BE,ARG715L
85154277,812777350,FLEX-N-GATE TEXAS LLC,BEZEL-R/SEAT BE,ARG715L
85154278,812777350,FLEX-N-GATE TEXAS LLC,COVER ASM-CTR P,ARG715L
85595851,812777350,FLEX-N-GATE TEXAS LLC,STIFFENER-RF PN,ARG715L
85806750,812777350,FLEX-N-GATE TEXAS LLC,STIFFENER-RF PN,ARG715L
85806751,812777350,FLEX-N-GATE TEXAS LLC,PLATE-HDLNG T/P,ARG715L
85806752,812777350,FLEX-N-GATE TEXAS LLC,BEZEL-R/SEAT BE,ARG715L
85806753,812777350,FLEX-N-GATE TEXAS LLC,BEZEL-R/SEAT BE,ARG715L
85629611,812814590,FLEX-N-GATE TEXAS LLC,PLUG-L/GATE LAT,ARG715L
86568703,812814590,FLEX-N-GATE TEXAS LLC,COVER-L/GATE LK,ARG715L
86380342,813175361,FLEX-N-GATE TEXAS LLC,PLUG-R/CMPT LID,ARG716D
86380343,813175361,FLEX-N-GATE TEXAS LLC,CAP-CTR PLR UPR,ARG716D
86380344,813175361,FLEX-N-GATE TEXAS LLC,CAP-CTR PLR UPR,ARG716D
86380345,813175361,FLEX-N-GATE TEXAS LLC,CAP-Q/WDO TR FI,ARG716D
85589416,812779939,FLEX-N-GATE TEXAS LLC,CAP-Q/WDO TR FI,ARG716D
85589417,812779939,FLEX-N-GATE TEXAS LLC,CAP-Q/WDO TR FI,ARG716D
85589421,812779939,FLEX-N-GATE TEXAS LLC,CAP-Q/WDO TR FI,ARG716D
85589422,812779939,FLEX-N-GATE TEXAS LLC,CAP-Q/WDO TR FI,ARG716D
85589426,812779939,FLEX-N-GATE TEXAS LLC,CAP-Q/WDO TR FI,ARG716D
85589427,812779939,FLEX-N-GATE TEXAS LLC,CAP-Q/WDO TR FI,ARG716D
85589428,812779939,FLEX-N-GATE TEXAS LLC,CAP-Q/WDO TR FI,ARG716D
85589429,812779939,FLEX-N-GATE TEXAS LLC,COVER-W/S PLR A,ARG716D
85589430,812779939,FLEX-N-GATE TEXAS LLC,COVER-W/S PLR A,ARG716D
85589431,812779939,FLEX-N-GATE TEXAS LLC,COVER ASM-CTR P,ARG716D
85589432,812779939,FLEX-N-GATE TEXAS LLC,COVER ASM-CTR P,ARG716D
85589434,812779939,FLEX-N-GATE TEXAS LLC,COVER ASM-CTR P,ARG716D
85589437,812779939,FLEX-N-GATE TEXAS LLC,PLUG-L/GATE LAT,ARG716D
85589438,812779939,FLEX-N-GATE TEXAS LLC,PLUG-L/GATE LAT,ARG716D
85589444,812779939,FLEX-N-GATE TEXAS LLC,PLUG-L/GATE LAT,ARG716D
85589445,812779939,FLEX-N-GATE TEXAS LLC,COVER-L/GATE LK,ARG716D
85589447,812779939,FLEX-N-GATE TEXAS LLC,COVER-L/GATE LK,ARG716D
85589448,812779939,FLEX-N-GATE TEXAS LLC,COVER-L/GATE LK,ARG716D
85589449,812779939,FLEX-N-GATE TEXAS LLC,PLUG-R/CMPT LID,ARG716D
85589450,812779939,FLEX-N-GATE TEXAS LLC,PLUG-R/CMPT LID,ARG716D
85589451,812779939,FLEX-N-GATE TEXAS LLC,PLUG-R/CMPT LID,ARG716D
85589452,812779939,FLEX-N-GATE TEXAS LLC,STRAP ASM-R/SEA,ARG716D
85589457,812779939,FLEX-N-GATE TEXAS LLC,STRAP ASM-R/SEA,ARG716D
85589458,812779939,FLEX-N-GATE TEXAS LLC,STRAP ASM-R/SEA,ARG716D
85589462,812779939,FLEX-N-GATE TEXAS LLC,STRAP ASM-R/SEA,ARG716D
85589463,812779939,FLEX-N-GATE TEXAS LLC,STRAP ASM-R/SEA,ARG716D
85589466,812779939,FLEX-N-GATE TEXAS LLC,STRAP ASM-R/SEA,ARG716D
85589468,812779939,FLEX-N-GATE TEXAS LLC,STRAP ASM-R/SEA,ARG716D
85612779,812779939,FLEX-N-GATE TEXAS LLC,STRAP ASM-R/SEA,ARG716D
85612780,812779939,FLEX-N-GATE TEXAS LLC,BRACKET-RR S/D,ARG716D
85612781,812779939,FLEX-N-GATE TEXAS LLC,BRACKET-RR S/D,ARG716D
85612782,812779939,FLEX-N-GATE TEXAS LLC,COVER-W/S M/FUN,ARG716D
84513500,588212576,FLEX-N-GATE TEXAS LLC,INSERT-W/S M/FU,ARG732EM
84722879,588212576,FLEX-N-GATE TEXAS LLC,BEZEL-R/SEAT CT,ARG732EM
23380306,812539617,FLEX-N-GATE TEXAS LLC,BEZEL-R/SEAT CT,ARG732EM
23380312,812539617,FLEX-N-GATE TEXAS LLC,BEZEL-R/SEAT CT,ARG732EM
23398605,812539617,FLEX-N-GATE TEXAS LLC,BEZEL-RR CTR SE,ARG732EM
23398606,812539617,FLEX-N-GATE TEXAS LLC,BEZEL-RR CTR SE,ARG732EM
85044136,814814042,FLEX-N-GATE TEXAS LLC,BEZEL-RR CTR SE,ARG732EM
85044137,814814042,FLEX-N-GATE TEXAS LLC,BEZEL-R/SEAT CT,ARG732EM
85044142,814814042,FLEX-N-GATE TEXAS LLC,BEZEL-R/SEAT CT,ARG732EM
85044154,814814042,FLEX-N-GATE TEXAS LLC,BEZEL-R/SEAT CT,ARG732EM
85044157,814814042,FLEX-N-GATE TEXAS LLC,BEZEL-RR CTR SE,ARG732EM
85046338,814814042,FLEX-N-GATE TEXAS LLC,BEZEL-RR CTR SE,ARG732EM
86423826,814814042,FLEX-N-GATE TEXAS LLC,BEZEL-RR CTR SE,ARG732EM
86793756,814814042,FLEX-N-GATE TEXAS LLC,BEZEL-R/SEAT BE,ARG732EM
86793762,814814042,FLEX-N-GATE TEXAS LLC,COVER-L/GATE LW,ARG732EM
85044143,814814042,FLEX-N-GATE TEXAS LLC,COVER-L/GATE LW,ARG732EM
85044146,814814042,FLEX-N-GATE TEXAS LLC,COVER-L/GATE LW,ARG732EM
85044153,814814042,FLEX-N-GATE TEXAS LLC,COVER-L/GATE LW,ARG732EM
85746464,814814042,FLEX-N-GATE TEXAS LLC,CAP-CTR PLR UPR,ARG732EM
85746465,814814042,FLEX-N-GATE TEXAS LLC,CAP-Q/WDO TR FI,ARG732EM
86291423,814814042,FLEX-N-GATE TEXAS LLC,CAP-Q/WDO TR FI,ARG732EM
86312878,814814042,FLEX-N-GATE TEXAS LLC,CAP-Q/WDO TR FI,ARG732EM
86793764,814814042,FLEX-N-GATE TEXAS LLC,CAP-Q/WDO TR FI,ARG732EM
85044158,814814042,FLEX-N-GATE TEXAS LLC,BRACKET-RR S/D,ARG732EM
86312876,814814042,FLEX-N-GATE TEXAS LLC,BRACKET-RR S/D,ARG732EM
86793765,814814042,FLEX-N-GATE TEXAS LLC,BRACKET-RR S/D,ARG732EM
84969770,814814042,FLEX-N-GATE TEXAS LLC,BRACKET-RR S/D,ARG732EM
85044155,814814042,FLEX-N-GATE TEXAS LLC,PLATE-HDLNG T/P,ARG732EM
85510484,814814042,FLEX-N-GATE TEXAS LLC,BEZEL-R/SEAT BE,ARG732EM
85799968,814814042,FLEX-N-GATE TEXAS LLC,BEZEL-R/SEAT BE,ARG732EM
86291425,814814042,FLEX-N-GATE TEXAS LLC,BEZEL-R/SEAT BE,ARG732EM
86371512,814814042,FLEX-N-GATE TEXAS LLC,BEZEL-R/SEAT BE,ARG732EM
87865288,242800241,FLEX-N-GATE TEXAS LLC,BEZEL-R/SEAT CT,ARG820L
84721074,242800241,FLEX-N-GATE TEXAS LLC,BEZEL-R/SEAT CT,ARG820L
84867899,242800241,FLEX-N-GATE TEXAS LLC,BEZEL-R/SEAT CT,ARG820L
13546473,244795589,FLEX-N-GATE TEXAS LLC,BEZEL-R/SEAT CT,ARG820L
13546477,244795589,FLEX-N-GATE TEXAS LLC,COVER-W/S PLR A,ARG820L
86559756,244795589,FLEX-N-GATE TEXAS LLC,COVER-W/S PLR A,ARG820L
86559757,244795589,ROBERT BOSCH LLC,MODULE ASM-TRAN,ARG820L
86559758,244795589,ROBERT BOSCH LLC,SENSOR ASM-EXH,ARG820L
86559759,244795589,CREATIVE LIQUID COATINGS INC,PLATE ASM-FRT S,ARG820L
86559760,244795589,CREATIVE LIQUID COATINGS INC,PLATE ASM-F/FDR,ARG820L
86559764,244795589,CREATIVE LIQUID COATINGS INC,PLATE ASM-F/FDR,ARG820L
86559765,244795589,MACLEAN ROYAL OAK L L C,W/LUG=NUT,ARG820L
86559766,244795589,ABC TECHNOLOGIES INC,HOUSING-REGULAT,ARG820L
86559767,244795589,ABC TECHNOLOGIES INC,DISTRIBUTOR-AUX,ARG820L
86559770,244795589,ABC TECHNOLOGIES INC,EXTENSION-AUX A,ARG820L
86559771,244795589,ABC TECHNOLOGIES INC,EXTENSION-AUX A,ARG820L
13546472,244795589,ABC TECHNOLOGIES INC,DISTRIBUTOR-AUX,ARG820L
13546503,244795589,ABC TECHNOLOGIES INC,LINER,ARG820L
13558467,244795589,ABC TECHNOLOGIES INC,HOLDER ASM-F/FL,ARG820L
13558468,244795589,ROTOR CLIP HOLDINGS LLC,RETNR=RING,ARG820L
13563374,244795589,LG ELECTRONICS VEHICLE COMPONENTS,MODULE ASM-COMN,ARG820L
13563375,244795589,LG ELECTRONICS VEHICLE COMPONENTS,MODULE ASM-COMN,ARG820L
85787112,244795589,LG ELECTRONICS VEHICLE COMPONENTS,MODULE ASM-COMN,ARG820L
85787113,244795589,LG ELECTRONICS VEHICLE COMPONENTS,MODULE ASM-COMN,ARG820L
85787114,244795589,LG ELECTRONICS VEHICLE COMPONENTS,MODULE ASM-COMN,ARG820L
85787115,244795589,LG ELECTRONICS VEHICLE COMPONENTS,MODULE ASM-COMN,ARG820L
85787116,244795589,LG ELECTRONICS VEHICLE COMPONENTS,MODULE ASM-COMN,ARG820L
85787117,244795589,LG ELECTRONICS VEHICLE COMPONENTS,MODULE ASM-COMN,ARG820L
85787118,244795589,LG ELECTRONICS VEHICLE COMPONENTS,MODULE ASM-COMN,ARG820L
85787119,244795589,LG ELECTRONICS VEHICLE COMPONENTS,MODULE ASM-COMN,ARG820L
85787120,244795589,LG ELECTRONICS VEHICLE COMPONENTS,MODULE ASM-COMN,ARG820L
85787121,244795589,LG ELECTRONICS VEHICLE COMPONENTS,MODULE ASM-COMN,ARG820L
85787122,244795589,LG ELECTRONICS VEHICLE COMPONENTS,MODULE ASM-COMN,ARG820L
85787123,244795589,LG ELECTRONICS VEHICLE COMPONENTS,MODULE ASM-COMN,ARG820L
86559761,244795589,LG ELECTRONICS VEHICLE COMPONENTS,MODULE ASM-COMN,ARG820L
85820304,259986636,LG ELECTRONICS VEHICLE COMPONENTS,MODULE ASM-COMN,ARG820L
86285492,259986636,LG ELECTRONICS VEHICLE COMPONENTS,MODULE ASM-COMN,ARG820L
85663106,205631570,LG ELECTRONICS VEHICLE COMPONENTS,MODULE ASM-COMN,ARG830A
23396435,254039282,LG ELECTRONICS VEHICLE COMPONENTS,MODULE ASM-COMN,ARG830A
23396436,254039282,LG ELECTRONICS VEHICLE COMPONENTS,MODULE ASM-COMN,ARG830A
23396437,254039282,LG ELECTRONICS VEHICLE COMPONENTS,MODULE ASM-COMN,ARG830A
23396438,254039282,LG ELECTRONICS VEHICLE COMPONENTS,MODULE ASM-COMN,ARG830A
85874666,812813283,MAX MOTHES LLC,BOLT/SCREW,ARG928AM
85874667,812813283,MAX MOTHES LLC,BOLT/SCREW,ARG928AM
86270257,823841069,MAX MOTHES LLC,BOLT/SCREW,ARG928AM
84272989,951568959,MAX MOTHES LLC,NUT,ARG928AM
84910065,000202547,MAX MOTHES LLC,NUT-HX FLG HD,ARG937V
84940509,000202547,MAX MOTHES LLC,STUD-.,ARG937V
84940513,000202547,MAX MOTHES LLC,STUD-DOUBLE END,ARG937V
85017892,000202547,MAX MOTHES LLC,NUT,ARG937V
85017893,000202547,OESL AUTOMOTIVE USA LLC,HOSE ASM-A/C CM,ARG937V
85017895,000202547,OESL AUTOMOTIVE USA LLC,HOSE ASM-A/C CN,ARG937V
85017896,000202547,OESL AUTOMOTIVE USA LLC,HOSE ASM-A/C CN,ARG937V
85017897,000202547,OESL AUTOMOTIVE USA LLC,HOSE ASM-A/C CM,ARG937V
85017900,000202547,OESL AUTOMOTIVE USA LLC,EXCHANGER ASM-A,ARG937V
85017901,000202547,OESL AUTOMOTIVE USA LLC,HOSE ASM-A/C CM,ARG937V
85021788,000202547,LEAR CORPORATION,HARNESS ASM-F/S,ARG937V
85021789,000202547,UCHIYAMA MANUFACTURING AMERICA LLC,SEAL-FRT WHL HU,ARG937V
85021790,000202547,UCHIYAMA MANUFACTURING AMERICA LLC,SEAL-RR WHL HUB,ARG937V
85021791,000202547,FLEXTRONICS AUTOMOTIVE USA INC,LAMP ASM-F/FLR,ARG937V
85021793,000202547,FLEXTRONICS AUTOMOTIVE USA INC,LAMP ASM-R/SEAT,ARG937V
85021794,000202547,FLEXTRONICS AUTOMOTIVE USA INC,LAMP ASM-R/SEAT,ARG937V
85058477,000202547,FLEXTRONICS AUTOMOTIVE USA INC,LAMP ASM-R/SEAT,ARG937V
85149295,000202547,FLEXTRONICS AUTOMOTIVE USA INC,LAMP ASM-R/SEAT,ARG937V
85691510,000202547,FLEXTRONICS AUTOMOTIVE USA INC,LAMP ASM-CARGO,ARG937V
85691511,000202547,FLEXTRONICS AUTOMOTIVE USA INC,LAMP ASM-CARGO,ARG937V
85783570,000202547,FLEXTRONICS AUTOMOTIVE USA INC,LAMP ASM-CARGO,ARG937V
85783571,000202547,FLEXTRONICS AUTOMOTIVE USA INC,LAMP ASM-CARGO,ARG937V
85783572,000202547,FLEXTRONICS AUTOMOTIVE USA INC,LAMP ASM-R/RL R,ARG937V
85783573,000202547,FLEXTRONICS AUTOMOTIVE USA INC,LAMP ASM-R/RL R,ARG937V
85783575,000202547,FLEXTRONICS AUTOMOTIVE USA INC,LAMP ASM-R/RL R,ARG937V
85783576,000202547,FLEXTRONICS AUTOMOTIVE USA INC,LAMP ASM-R/RL R,ARG937V
85819713,000202547,FLEXTRONICS AUTOMOTIVE USA INC,LAMP ASM-R/RL R,ARG937V
85819714,000202547,FLEXTRONICS AUTOMOTIVE USA INC,LAMP ASM-R/RL R,ARG937V
85819715,000202547,FLEXTRONICS AUTOMOTIVE USA INC,LAMP ASM-R/RL R,ARG937V
85819717,000202547,FLEXTRONICS AUTOMOTIVE USA INC,LAMP ASM-R/RL R,ARG937V
85819718,000202547,FLEXTRONICS AUTOMOTIVE USA INC,LAMP ASM-F/FLR,ARG937V
85819719,000202547,FLEXTRONICS AUTOMOTIVE USA INC,LAMP ASM-F/FLR,ARG937V
85819720,000202547,SUPRAJIT BROWNSVILLE LLC,CABLE ASM-FRT S,ARG937V
85828553,000202547,SUPRAJIT BROWNSVILLE LLC,CABLE ASM-FRT S,ARG937V
86305682,000202547,SUPRAJIT BROWNSVILLE LLC,CABLE ASM-RR S/,ARG937V
86305684,000202547,SUPRAJIT BROWNSVILLE LLC,CABLE ASM-RR S/,ARG937V
86305689,000202547,SUPRAJIT BROWNSVILLE LLC,CABLE ASM-FRT S,ARG937V
86305691,000202547,SUPRAJIT BROWNSVILLE LLC,CABLE ASM-RR S/,ARG937V
86324368,000202547,SUPRAJIT BROWNSVILLE LLC,CABLE ASM-FRT S,ARG937V
86324369,000202547,SUPRAJIT BROWNSVILLE LLC,CABLE ASM-RR S/,ARG937V
86324371,000202547,SUPRAJIT BROWNSVILLE LLC,CABLE ASM-FRT S,ARG937V
86324373,000202547,GM METAL FAB-MARION,PANEL,ARG937V
86324374,000202547,CONTINENTAL TIRE THE AMERICAS LLC,TIRE 275/60R20,ARG937V
86324376,000202547,OAKWOOD METAL FABRICATING CO,GRILLE ASM-RDO,ARG937V
86540014,000202547,OAKWOOD METAL FABRICATING CO,GRILLE ASM-RDO,ARG937V
86540015,000202547,DECOFINMEX SA DE CV,LAMP ASM-RR BOD,ARG937V
86540016,000202547,DECOFINMEX SA DE CV,LAMP ASM-RR BOD,ARG937V
86540017,000202547,DECOFINMEX SA DE CV,LAMP ASM-RR BOD,ARG937V
86540273,000202547,DECOFINMEX SA DE CV,LAMP ASM-RR BOD,ARG937V
86540275,000202547,DECOFINMEX SA DE CV,LAMP ASM-RR CLS,ARG937V
86540277,000202547,DECOFINMEX SA DE CV,LAMP ASM-RR CLS,ARG937V
86540279,000202547,DECOFINMEX SA DE CV,LAMP ASM-RR BOD,ARG937V
86572419,000202547,DECOFINMEX SA DE CV,LAMP ASM-RR BOD,ARG937V
86572420,000202547,DECOFINMEX SA DE CV,LAMP ASM-RR BOD,ARG937V
86576834,000202547,DECOFINMEX SA DE CV,LAMP ASM-RR BOD,ARG937V
86576835,000202547,RIDGEVIEW INDUSTRY INC,BRACKET ASM-FRT,ARG937V
86576836,000202547,RIDGEVIEW INDUSTRY INC,BRACKET ASM-FRT,ARG937V
86576837,000202547,RIDGEVIEW INDUSTRY INC,BRACKET ASM-FRT,ARG937V
86576838,000202547,RIDGEVIEW INDUSTRY INC,BRACKET ASM-FRT,ARG937V
86576840,000202547,FOSTER ELECTRIC (USA) INC,HEADPHONE ASM-E,ARG937V
86576841,000202547,FOSTER ELECTRIC (USA) INC,HEADPHONE ASM-E,ARG937V
86576842,000202547,FOSTER ELECTRIC (USA) INC,HEADPHONE ASM-E,ARG937V
86576843,000202547,ZANINI TENNESSEE INC,CAP ASM-FRT & R,ARG937V
86576844,000202547,ROBERT BOSCH LLC,MODULE ASM-SERI,ARG937V
86576850,000202547,ROBERT BOSCH LLC,TRANSCEIVER ASM,ARG937V
86576851,000202547,ROBERT BOSCH LLC,TRANSCEIVER ASM,ARG937V
86576863,000202547,ROBERT BOSCH LLC,TRANSCEIVER ASM,ARG937V
86576864,000202547,ROBERT BOSCH LLC,TRANSCEIVER PKG,ARG937V
86576865,000202547,ROBERT BOSCH LLC,TRANSCEIVER PKG,ARG937V
86576866,000202547,ROBERT BOSCH LLC,TRANSCEIVER PKG,ARG937V
86576868,000202547,ROBERT BOSCH LLC,TRANSCEIVER PKG,ARG937V
86576869,000202547,ROBERT BOSCH LLC,TRANSCEIVER PKG,ARG937V
86576870,000202547,ROBERT BOSCH LLC,TRANSCEIVER PKG,ARG937V
86576871,000202547,ROBERT BOSCH LLC,TRANSCEIVER PKG,ARG937V
86576873,000202547,ROBERT BOSCH LLC,TRANSCEIVER PKG,ARG937V
86576875,000202547,ROBERT BOSCH LLC,TRANSCEIVER PKG,ARG937V
86805636,000202547,ROBERT BOSCH LLC,TRANSCEIVER PKG,ARG937V
86805649,000202547,ROBERT BOSCH LLC,TRANSCEIVER PKG,ARG937V
86805650,000202547,ROBERT BOSCH LLC,TRANSCEIVER PKG,ARG937V
85831963,813016276,FIAMM TECHNOLOGIES LLC,HORN ASM-DUAL,ARG937V
85831964,813016276,CREATIVE FOAM CORP,INSULATOR-U/B,ARG937V
85831966,813016276,METHODE ELECTRONICS INC,SWITCH ASM-VEH,ARG937V
85831968,813016276,METHODE ELECTRONICS INC,SWITCH ASM-VEH,ARG937V
85831969,813016276,METHODE ELECTRONICS INC,SWITCH ASM-VEH,ARG937V
85831971,813016276,METHODE ELECTRONICS INC,SWITCH ASM-VEH,ARG937V
85831973,813016276,METHODE ELECTRONICS INC,CONSOLE ASM-RF,ARG937V
85831974,813016276,METHODE ELECTRONICS INC,CONSOLE ASM-RF,ARG937V
85831978,813016276,METHODE ELECTRONICS INC,CONSOLE ASM-RF,ARG937V
85831980,813016276,METHODE ELECTRONICS INC,CONSOLE ASM-RF,ARG937V
85831982,813016276,METHODE ELECTRONICS INC,CONSOLE ASM-RF,ARG937V
85831983,813016276,METHODE ELECTRONICS INC,CONSOLE ASM-RF,ARG937V
85831985,813016276,METHODE ELECTRONICS INC,CONSOLE ASM-RF,ARG937V
85831986,813016276,METHODE ELECTRONICS INC,CONSOLE ASM-RF,ARG937V
85831988,813016276,METHODE ELECTRONICS INC,CONSOLE ASM-RF,ARG937V
85831990,813016276,METHODE ELECTRONICS INC,CONSOLE ASM-RF,ARG937V
85831992,813016276,METHODE ELECTRONICS INC,CONSOLE ASM-RF,ARG937V
85831993,813016276,METHODE ELECTRONICS INC,CONSOLE ASM-RF,ARG937V
85831995,813016276,METHODE ELECTRONICS INC,CONSOLE ASM-RF,ARG937V
85831997,813016276,METHODE ELECTRONICS INC,CONSOLE ASM-RF,ARG937V
85832000,813016276,METHODE ELECTRONICS INC,CONSOLE ASM-RF,ARG937V
85832001,813016276,METHODE ELECTRONICS INC,CONSOLE ASM-RF,ARG937V
85832002,813016276,METHODE ELECTRONICS INC,CONSOLE ASM-RF,ARG937V
86584911,813016276,METHODE ELECTRONICS INC,CONSOLE ASM-RF,ARG937V
86584912,813016276,METHODE ELECTRONICS INC,CONSOLE ASM-RF,ARG937V
86584915,813016276,METHODE ELECTRONICS INC,CONSOLE ASM-RF,ARG937V
86584917,813016276,METHODE ELECTRONICS INC,CONSOLE ASM-RF,ARG937V
86584943,813016276,METHODE ELECTRONICS INC,CONSOLE ASM-RF,ARG937V
86584945,813016276,METHODE ELECTRONICS INC,CONSOLE ASM-RF,ARG937V
86584946,813016276,METHODE ELECTRONICS INC,CONSOLE ASM-RF,ARG937V
86584948,813016276,METHODE ELECTRONICS INC,CONSOLE ASM-RF,ARG937V
84267936,544979545,METHODE ELECTRONICS INC,CONSOLE ASM-RF,ARIOUUU
84267937,544979545,METHODE ELECTRONICS INC,CONSOLE ASM-RF,ARIOUUU
84267940,544979545,METHODE ELECTRONICS INC,CONSOLE ASM-RF,ARIOUUU
84267941,544979545,METHODE ELECTRONICS INC,CONSOLE ASM-RF,ARIOUUU
84267952,544979545,METHODE ELECTRONICS INC,CONSOLE ASM-RF,ARIOUUU
84267953,544979545,METHODE ELECTRONICS INC,CONSOLE ASM-RF,ARIOUUU
84267956,544979545,METHODE ELECTRONICS INC,CONSOLE ASM-RF,ARIOUUU
84267957,544979545,METHODE ELECTRONICS INC,CONSOLE ASM-RF,ARIOUUU
84267962,544979545,METHODE ELECTRONICS INC,CONSOLE ASM-RF,ARIOUUU
84267963,544979545,METHODE ELECTRONICS INC,CONSOLE ASM-RF,ARIOUUU
84267966,544979545,METHODE ELECTRONICS INC,CONSOLE ASM-RF,ARIOUUU
84267967,544979545,METHODE ELECTRONICS INC,CONSOLE ASM-RF,ARIOUUU
84276447,544979545,METHODE ELECTRONICS INC,SWITCH ASM-VEH,ARIOUUU
84276448,544979545,METHODE ELECTRONICS INC,SWITCH ASM-VEH,ARIOUUU
84276449,544979545,METHODE ELECTRONICS INC,SWITCH ASM-VEH,ARIOUUU
84276450,544979545,METHODE ELECTRONICS INC,CONSOLE ASM-RF,ARIOUUU
84276451,544979545,METHODE ELECTRONICS INC,CONSOLE ASM-RF,ARIOUUU
84276452,544979545,METHODE ELECTRONICS INC,CONSOLE ASM-RF,ARIOUUU
84704779,544979545,METHODE ELECTRONICS INC,CONSOLE ASM-RF,ARIOUUU
84704780,544979545,METHODE ELECTRONICS INC,CONSOLE ASM-RF,ARIOUUU
84704781,544979545,METHODE ELECTRONICS INC,CONSOLE ASM-RF,ARIOUUU
84704782,544979545,METHODE ELECTRONICS INC,CONSOLE ASM-RF,ARIOUUU
84704783,544979545,METHODE ELECTRONICS INC,CONSOLE ASM-RF,ARIOUUU
84704784,544979545,METHODE ELECTRONICS INC,CONSOLE ASM-RF,ARIOUUU
13566194,000202670,METHODE ELECTRONICS INC,CONSOLE ASM-RF,ARIOVAA
13566255,000202670,METHODE ELECTRONICS INC,CONSOLE ASM-RF,ARIOVAA
13566932,000202670,METHODE ELECTRONICS INC,CONSOLE ASM-RF,ARIOVAA
13566937,000202670,METHODE ELECTRONICS INC,CONSOLE ASM-RF,ARIOVAA
42951855,534412503,METHODE ELECTRONICS INC,CONSOLE ASM-RF,ARIOVAA
87824023,534412503,METHODE ELECTRONICS INC,CONSOLE ASM-RF,ARIOVAA
84164380,626225870,METHODE ELECTRONICS INC,CONSOLE ASM-RF,ARIOVAA
84258411,626225870,METHODE ELECTRONICS INC,CONSOLE ASM-RF,ARIOVAA
84550925,626225870,METHODE ELECTRONICS INC,CONSOLE ASM-RF,ARIOVAA
85612783,626225870,METHODE ELECTRONICS INC,CONSOLE ASM-RF,ARIOVAA
84582678,626295750,METHODE ELECTRONICS INC,CONSOLE ASM-RF,ARIOVAA
84582679,626295750,METHODE ELECTRONICS INC,CONSOLE ASM-RF,ARIOVAA
84582681,626295750,METHODE ELECTRONICS INC,CONSOLE ASM-RF,ARIOVAA
84582682,626295750,METHODE ELECTRONICS INC,CONSOLE ASM-RF,ARIOVAA
84605943,626295750,METHODE ELECTRONICS INC,CONSOLE ASM-RF,ARIOVAA
85027577,626295750,METHODE ELECTRONICS INC,CONSOLE ASM-RF,ARIOVAA
85027578,626295750,METHODE ELECTRONICS INC,CONSOLE ASM-RF,ARIOVAA
85027579,626295750,METHODE ELECTRONICS INC,CONSOLE ASM-RF,ARIOVAA
85027580,626295750,METHODE ELECTRONICS INC,CONSOLE ASM-RF,ARIOVAA
87830003,626295750,METHODE ELECTRONICS INC,CONSOLE ASM-RF,ARIOVAA
86291131,658726956,METHODE ELECTRONICS INC,CONSOLE ASM-RF,ARIOVAA
23376234,672044871,METHODE ELECTRONICS INC,CONSOLE ASM-RF,ARIOVAA
84949572,672044871,METHODE ELECTRONICS INC,CONSOLE ASM-RF,ARIOVAA
84949574,672044871,METHODE ELECTRONICS INC,CONSOLE ASM-RF,ARIOVAA
84949576,672044871,METHODE ELECTRONICS INC,CONSOLE ASM-RF,ARIOVAA
85063376,672044871,METHODE ELECTRONICS INC,CONSOLE ASM-RF,ARIOVAA
85675606,672044871,METHODE ELECTRONICS INC,CONSOLE ASM-RF,ARIOVAA
85675607,672044871,METHODE ELECTRONICS INC,CONSOLE ASM-RF,ARIOVAA
86316309,672044871,METHODE ELECTRONICS INC,CONSOLE ASM-RF,ARIOVAA
86316310,672044871,METHODE ELECTRONICS INC,CONSOLE ASM-RF,ARIOVAA
86435403,672044871,METHODE ELECTRONICS INC,CONSOLE ASM-RF,ARIOVAA
87850275,672044871,METHODE ELECTRONICS INC,CONSOLE ASM-RF,ARIOVAA
87850276,672044871,METHODE ELECTRONICS INC,CONSOLE ASM-RF,ARIOVAA
13549864,695307128,METHODE ELECTRONICS INC,CONSOLE ASM-RF,ARIOVAA
85779195,714725574,METHODE ELECTRONICS INC,CONSOLE ASM-RF,ARIOVAA
86308351,714725574,METHODE ELECTRONICS INC,CONSOLE ASM-RF,ARIOVAA
86470845,714725574,METHODE ELECTRONICS INC,CONSOLE ASM-RF,ARIOVAA
86470846,714725574,METHODE ELECTRONICS INC,CONSOLE ASM-RF,ARIOVAA
84453668,421320555,METHODE ELECTRONICS INC,CONSOLE ASM-RF,ARIOVAA
84453669,421320555,METHODE ELECTRONICS INC,CONSOLE ASM-RF,ARIOVAA
84895185,529131017,METHODE ELECTRONICS INC,CONSOLE ASM-RF,ARIOVAA
84895186,529131017,METHODE ELECTRONICS INC,CONSOLE ASM-RF,ARIOVAA
84925842,529131017,METHODE ELECTRONICS INC,CONSOLE ASM-RF,ARIOVAA
84925843,529131017,METHODE ELECTRONICS INC,CONSOLE ASM-RF,ARIOVAA
84959175,529131017,METHODE ELECTRONICS INC,CONSOLE ASM-RF,ARIOVAA
84959176,529131017,METHODE ELECTRONICS INC,CONSOLE ASM-RF,ARIOVAA
85517007,529131017,METHODE ELECTRONICS INC,CONSOLE ASM-RF,ARIOVAA
85517009,529131017,METHODE ELECTRONICS INC,CONSOLE ASM-RF,ARIOVAA
85517014,529131017,METHODE ELECTRONICS INC,CONSOLE ASM-RF,ARIOVAA
85517015,529131017,METHODE ELECTRONICS INC,CONSOLE ASM-RF,ARIOVAA
85517021,529131017,METHODE ELECTRONICS INC,CONSOLE ASM-RF,ARIOVAA
85549951,529131017,METHODE ELECTRONICS INC,CONSOLE ASM-RF,ARIOVAA
85674129,529131017,METHODE ELECTRONICS INC,CONSOLE ASM-RF,ARIOVAA
85726056,529131017,METHODE ELECTRONICS INC,CONSOLE ASM-RF,ARIOVAA
86287054,529131017,METHODE ELECTRONICS INC,CONSOLE ASM-RF,ARIOVAA
86592100,529131017,METHODE ELECTRONICS INC,CONSOLE ASM-RF,ARIOVAA
86592101,529131017,METHODE ELECTRONICS INC,CONSOLE ASM-RF,ARIOVAA
85652389,544953375,METHODE ELECTRONICS INC,CONSOLE ASM-RF,ARIOVAA
85684676,544953375,METHODE ELECTRONICS INC,CONSOLE ASM-RF,ARIOVAA
85684678,544953375,METHODE ELECTRONICS INC,CONSOLE ASM-RF,ARIOVAA
85684680,544953375,METHODE ELECTRONICS INC,CONSOLE ASM-RF,ARIOVAA
85684682,544953375,METHODE ELECTRONICS INC,CONSOLE ASM-RF,ARIOVAA
85856509,544953375,METHODE ELECTRONICS INC,CONSOLE ASM-RF,ARIOVAA
86346780,544953375,METHODE ELECTRONICS INC,CONSOLE ASM-RF,ARIOVAA
86346782,544953375,METHODE ELECTRONICS INC,CONSOLE ASM-RF,ARIOVAA
86346783,544953375,METHODE ELECTRONICS INC,CONSOLE ASM-RF,ARIOVAA
86346784,544953375,METHODE ELECTRONICS INC,CONSOLE ASM-RF,ARIOVAA
86346785,544953375,METHODE ELECTRONICS INC,CONSOLE ASM-RF,ARIOVAA
86370205,544953375,METHODE ELECTRONICS INC,CONSOLE ASM-RF,ARIOVAA
86404405,544953375,METHODE ELECTRONICS INC,CONSOLE ASM-RF,ARIOVAA
86529744,544953375,METHODE ELECTRONICS INC,CONSOLE ASM-RF,ARIOVAA
86529746,544953375,METHODE ELECTRONICS INC,CONSOLE ASM-RF,ARIOVAA
86529747,544953375,METHODE ELECTRONICS INC,CONSOLE ASM-RF,ARIOVAA
86529748,544953375,METHODE ELECTRONICS INC,CONSOLE ASM-RF,ARIOVAA
86529749,544953375,METHODE ELECTRONICS INC,CONSOLE ASM-RF,ARIOVAA
86529753,544953375,METHODE ELECTRONICS INC,CONSOLE ASM-RF,ARIOVAA
86529756,544953375,METHODE ELECTRONICS INC,CONSOLE ASM-RF,ARIOVAA
13549863,695687626,METHODE ELECTRONICS INC,CONSOLE ASM-RF,ARIOVAA
13549865,695687626,METHODE ELECTRONICS INC,CONSOLE ASM-RF,ARIOVAA
24059470,037749264,METHODE ELECTRONICS INC,CONSOLE ASM-RF,ARJ699
24059471,037749264,METHODE ELECTRONICS INC,CONSOLE ASM-RF,ARJ699
24059472,037749264,METHODE ELECTRONICS INC,CONSOLE ASM-RF,ARJ699
24059475,037749264,METHODE ELECTRONICS INC,CONSOLE ASM-RF,ARJ699
85754734,951576694,METHODE ELECTRONICS INC,CONSOLE ASM-RF,ARJ702
86451682,951576694,METHODE ELECTRONICS INC,CONSOLE ASM-RF,ARJ702
24059469,000257527,METHODE ELECTRONICS INC,CONSOLE ASM-RF,ARJ704
24059470,000257527,METHODE ELECTRONICS INC,CONSOLE ASM-RF,ARJ704
24059473,000257527,METHODE ELECTRONICS INC,CONSOLE ASM-RF,ARJ704
24059474,000257527,METHODE ELECTRONICS INC,CONSOLE ASM-RF,ARJ704
12742595,249196973,METHODE ELECTRONICS INC,CONSOLE ASM-RF,ARJ801
12742596,249196973,METHODE ELECTRONICS INC,CONSOLE ASM-RF,ARJ801
12742597,249196973,METHODE ELECTRONICS INC,CONSOLE ASM-RF,ARJ801
12740606,249196973,METHODE ELECTRONICS INC,CONSOLE ASM-RF,ARJ801
85797738,812928414,METHODE ELECTRONICS INC,CONSOLE ASM-RF,ARJ900
85843423,812928414,METHODE ELECTRONICS INC,CONSOLE ASM-RF,ARJ900
85843424,812928414,METHODE ELECTRONICS INC,CONSOLE ASM-RF,ARJ900
84725308,112464727,METHODE ELECTRONICS INC,CONSOLE ASM-RF,ARM000A
84733377,112464727,METHODE ELECTRONICS INC,CONSOLE ASM-RF,ARM000A
85586673,112464727,METHODE ELECTRONICS INC,CONSOLE ASM-RF,ARM000A
85586674,112464727,METHODE ELECTRONICS INC,CONSOLE ASM-RF,ARM000A
85788844,112464727,METHODE ELECTRONICS INC,CONSOLE ASM-RF,ARM000A
85788845,112464727,METHODE ELECTRONICS INC,CONSOLE ASM-RF,ARM000A
85788846,112464727,METHODE ELECTRONICS INC,CONSOLE ASM-RF,ARM000A
85788847,112464727,METHODE ELECTRONICS INC,CONSOLE ASM-RF,ARM000A
87843772,112464727,METHODE ELECTRONICS INC,CONSOLE ASM-RF,ARM000A
84673191,112464727,METHODE ELECTRONICS INC,CONSOLE ASM-RF,ARM000B
84798388,112464727,METHODE ELECTRONICS INC,CONSOLE ASM-RF,ARM000B
87825531,112464727,METHODE ELECTRONICS INC,CONSOLE ASM-RF,ARM000B
87825532,112464727,METHODE ELECTRONICS INC,CONSOLE ASM-RF,ARM000B
87825533,112464727,METHODE ELECTRONICS INC,CONSOLE ASM-RF,ARM000B
87825534,112464727,METHODE ELECTRONICS INC,CONSOLE ASM-RF,ARM000B
86405184,051713910,METHODE ELECTRONICS INC,CONSOLE ASM-RF,ARM025L
86405185,051713910,CREATIVE FOAM CORP,SPACER-HDLNG T/,ARM025L
86405186,051713910,CREATIVE FOAM CORP,SPACER-HDLNG T/,ARM025L
86405187,051713910,CREATIVE FOAM CORP,SPACER-HDLNG T/,ARM025L
86405064,009971289,CREATIVE FOAM CORP,SPACER-HDLNG T/,ARM045LA
86405071,009971289,CREATIVE FOAM CORP,BARRIER-BODY H/,ARM045LA
86405073,009971289,CREATIVE FOAM CORP,BARRIER-BODY H/,ARM045LA
86527033,009971289,CREATIVE FOAM CORP,INSULATOR-RR S/,ARM045LA
86527034,009971289,CREATIVE FOAM CORP,INSULATOR-RR S/,ARM045LA
86527035,009971289,CREATIVE FOAM CORP,INSULATOR-FRT S,ARM045LA
85020927,009971289,CREATIVE FOAM CORP,INSULATOR-FRT S,ARM045LA
86405065,009971289,CREATIVE FOAM CORP,INSULATOR-FRT S,ARM045LA
86405072,009971289,CREATIVE FOAM CORP,INSULATOR-RR S/,ARM045LA
86405074,009971289,CREATIVE FOAM CORP,INSULATOR-RR S/,ARM045LA
86472805,009971289,CREATIVE FOAM CORP,INSULATOR-RR S/,ARM045LA
86527038,009971289,CREATIVE FOAM CORP,INSULATOR-RR S/,ARM045LA
86527039,009971289,CREATIVE FOAM CORP,INSULATOR-F/FDR,ARM045LA
86527040,009971289,CREATIVE FOAM CORP,INSULATOR-R/CMP,ARM045LA
84782654,009971289,CREATIVE FOAM CORP,INSULATOR-R/CMP,ARM045LA
12742595,830107152,CREATIVE FOAM CORP,SPACER-HDLNG T/,ARM101A
12742597,830107152,CHALLENGE MFG CO,SHIELD-FRT BRK,ARM101A
12740607,830107152,CHALLENGE MFG CO,RAIL-U/B RR SI,ARM101A
12740608,078474695,CHALLENGE MFG CO,RAIL-U/B RR SI,ARM111A
12742594,078474695,CHALLENGE MFG CO,RAIL-U/B RR SI,ARM111A
84257712,078881928,CHALLENGE MFG CO,RAIL-U/B RR SI,ARM115A
84257713,078881928,CHALLENGE MFG CO,FILLER-R/FLR PN,ARM115A
84257741,078881928,CHALLENGE MFG CO,SHIELD-EXH HT,ARM115A
84257742,078881928,CHALLENGE MFG CO,SHIELD-U/B SKID,ARM115A
84258203,078881928,CHALLENGE MFG CO,SHIELD-EXH INTE,ARM115A
84258218,078881928,CHALLENGE MFG CO,SHIELD-EXH RR U,ARM115A
84258219,078881928,CHALLENGE MFG CO,SHIELD-EXH RR U,ARM115A
84258222,078881928,CHALLENGE MFG CO,SHIELD-SPA WHL,ARM115A
84673164,078881928,CHALLENGE MFG CO,SHIELD-EXH INTE,ARM115A
84673171,078881928,CHALLENGE MFG CO,SHIELD-FRT BRK,ARM115A
84683466,078881928,CHALLENGE MFG CO,SHIELD,ARM115A
84710308,078881928,AGRATI MEDINA LLC,BOLT/SCREW,ARM115A
84850192,078881928,AGRATI MEDINA LLC,BOLT/SCREW,ARM115A
85090521,078881928,AGRATI MEDINA LLC,STUD-DOUBLE END,ARM115A
85090522,078881928,AGRATI MEDINA LLC,STUD,ARM115A
85522666,078881928,AGRATI - PARK FOREST LLC,BOLT-HEX FLG HD,ARM115A
85522667,078881928,AGRATI - PARK FOREST LLC,SCREW ASM-TAP H,ARM115A
85522668,078881928,AGRATI - PARK FOREST LLC,BOLT/SCREW-.,ARM115A
85649797,783658883,AGRATI - PARK FOREST LLC,BOLT/SCREW-.,ARM128A
85649798,783658883,AGRATI - PARK FOREST LLC,BOLT/SCREW-.,ARM128A
85649799,783658883,AGRATI - PARK FOREST LLC,BOLT/SCREW-.,ARM128A
85649800,783658883,AGRATI - PARK FOREST LLC,BOLT/SCREW-.,ARM128A
85649801,783658883,AGRATI - PARK FOREST LLC,BOLT/SCREW-.,ARM128A
85649802,783658883,AGRATI - PARK FOREST LLC,SCR ASM - HX HD,ARM128A
85649803,783658883,AGRATI - PARK FOREST LLC,BOLT/SCREW,ARM128A
85649804,783658883,ABC TECHNOLOGIES WMG USA INC,SHIELD-SPA WHL,ARM128A
86313436,783658883,ABC TECHNOLOGIES WMG USA INC,SHIELD-SPA WHL,ARM128A
86313437,783658883,RIDGEVIEW INDUSTRY INC,REINFORCEMENT A,ARM128A
86313440,783658883,RIDGEVIEW INDUSTRY INC,REINFORCEMENT A,ARM128A
86313441,783658883,RIDGEVIEW INDUSTRY INC,REINFORCEMENT A,ARM128A
86313442,783658883,RIDGEVIEW INDUSTRY INC,REINFORCEMENT A,ARM128A
86508934,147798987,RIDGEVIEW INDUSTRY INC,REINFORCEMENT A,ARM130V
86349656,084668367,RIDGEVIEW INDUSTRY INC,REINFORCEMENT A,ARM132L
86349657,084668367,RIDGEVIEW INDUSTRY INC,REINFORCEMENT A,ARM132L
84515470,084668367,RCO ENGINEERING INC,SUPPORT ASM-R/S,ARM132L
85643677,084668367,RCO ENGINEERING INC,SUPPORT ASM-R/S,ARM132L
85643680,084668367,TOPY AMERICA INC,WHEEL-SPA,ARM132L
85753562,084668367,DN AUTOMOTIVE USA INC,BRACKET,ARM132L
86304782,084668367,DN AUTOMOTIVE USA INC,BRACKET,ARM132L
86304783,084668367,NEW SABINA INDUSTRIES INC,DISPLAY ASM-HD,ARM132L
85535368,808263656,NEW SABINA INDUSTRIES INC,DISPLAY ASM-HD,ARM135A
85535369,808263656,NEW SABINA INDUSTRIES INC,DISPLAY ASM-HD,ARM135A
84272999,141148051,VAST PRODUCTION SERVICES INC,MODULE ASM-UNIV,ARM142LA
84273000,141148051,VAST PRODUCTION SERVICES INC,MODULE PKG-UNIV,ARM142LA
84367400,141148051,SHL LIQUIDATION STAMPING INC,BRACKET-TRANS V,ARM142LA
84367401,141148051,NIFAST CORP,PIPE=CLIP,ARM142LA
84367402,141148051,MITSUBISHI ELECTRIC AUTOMOTIVE AMER,GENERATOR ASM-.,ARM142LA
84467933,141148051,MITSUBISHI ELECTRIC AUTOMOTIVE AMER,GENERATOR ASM-.,ARM142LA
84467934,141148051,MITSUBISHI ELECTRIC AUTOMOTIVE AMER,GENERATOR ASM-.,ARM142LA
84467936,141148051,MOHR ENGINEERING INC,RETAINER-DASH S,ARM142LA
84467937,141148051,MOHR ENGINEERING INC,GUIDE ASM,ARM142LA
84467938,141148051,MOHR ENGINEERING INC,GUIDE ASM,ARM142LA
84467939,141148051,MOHR ENGINEERING INC,GUIDE ASM,ARM142LA
84820920,141148051,MOHR ENGINEERING INC,GUIDE ASM,ARM142LA
85015343,141148051,MOHR ENGINEERING INC,GUIDE ASM,ARM142LA
85015344,141148051,MOHR ENGINEERING INC,GUIDE ASM,ARM142LA
84759529,799117036,MOHR ENGINEERING INC,BRACKET-RDO SPK,ARM144A
84759530,799117036,MUVIQ USA LLC,PULLEY ASM-SPCH,ARM144A
84741494,962364647,HUTCHINSON ANTIVIBRATION SYSTEMS IN,REINFORCEMENT-R,ARM145L
84741495,962364647,COOPER-STANDARD AUTOMOTIVE INC,WEATHERSTRIP AS,ARM145L
85732507,795124908,COOPER-STANDARD AUTOMOTIVE INC,WEATHERSTRIP AS,ARM146LA
85732508,795124908,COOPER-STANDARD AUTOMOTIVE INC,WEATHERSTRIP AS,ARM146LA
85732509,795124908,COOPER-STANDARD AUTOMOTIVE INC,WEATHERSTRIP AS,ARM146LA
85732510,795124908,COOPER-STANDARD AUTOMOTIVE INC,WEATHERSTRIP AS,ARM146LA
85732511,795124908,COOPER-STANDARD AUTOMOTIVE INC,WEATHERSTRIP AS,ARM146LA
85732512,795124908,COOPER-STANDARD AUTOMOTIVE INC,WEATHERSTRIP AS,ARM146LA
86352004,933874026,COOPER-STANDARD AUTOMOTIVE INC,WEATHERSTRIP AS,ARM148VA
86426031,933874026,COOPER-STANDARD AUTOMOTIVE INC,WEATHERSTRIP AS,ARM148VA
86820173,000782613,COOPER-STANDARD AUTOMOTIVE INC,WEATHERSTRIP AS,ARM150LA
86820174,000782613,COOPER-STANDARD AUTOMOTIVE INC,WEATHERSTRIP AS,ARM150LA
86820175,000782613,COOPER-STANDARD AUTOMOTIVE INC,WEATHERSTRIP AS,ARM150LA
86820176,000782613,COOPER-STANDARD AUTOMOTIVE INC,WEATHERSTRIP AS,ARM150LA
86820177,000782613,COOPER-STANDARD AUTOMOTIVE INC,WEATHERSTRIP AS,ARM150LA
86820178,000782613,SIKA CORP,BARRIER-RR S/D,ARM150LA
86820179,000782613,SHIROKI NORTH AMERICA INC,CHANNEL-FRT S/D,ARM150LA
86820181,000782613,SHIROKI NORTH AMERICA INC,CHANNEL-FRT S/D,ARM150LA
86820183,000782613,SHIROKI NORTH AMERICA INC,CHANNEL-RR S/D,ARM150LA
86820184,000782613,SHIROKI NORTH AMERICA INC,CHANNEL-RR S/D,ARM150LA
86820186,000782613,SHIROKI NORTH AMERICA INC,CHANNEL-RR S/D,ARM150LA
86820188,000782613,SHIROKI NORTH AMERICA INC,CHANNEL-RR S/D,ARM150LA
85597145,000782615,FLEX-N-GATE TEXAS LLC,MOLDING PKG-FRT,ARM150LA
85597146,000782615,FLEX-N-GATE TEXAS LLC,BEZEL PKG-FRT F,ARM150LA
85597147,000782615,FLEX-N-GATE TEXAS LLC,LAMP PKG-RR BPR,ARM150LA
85597149,000782615,FLEX-N-GATE TEXAS LLC,FASCIA PKG-RR B,ARM150LA
85796265,032020088,FLEX-N-GATE TEXAS LLC,FASCIA PKG-RR B,ARM151L
86273073,032020088,FLEX-N-GATE TEXAS LLC,FASCIA PKG-RR B,ARM151L
86273074,032020088,FLEX-N-GATE TEXAS LLC,BRACKET PKG-RR,ARM151L
86273075,032020088,FLEX-N-GATE TEXAS LLC,GRILLE PKG-FRT,ARM151L
86273077,032020088,FLEX-N-GATE TEXAS LLC,GRILLE PKG-FRT,ARM151L
86273079,032020088,FLEX-N-GATE TEXAS LLC,PANEL ASM-QTR L,ARM151L
86273080,032020088,FLEX-N-GATE TEXAS LLC,GRILLE PKG-FRT,ARM151L
86273081,032020088,FLEX-N-GATE TEXAS LLC,GRILLE PKG-FRT,ARM151L
86273082,032020088,FLEX-N-GATE TEXAS LLC,GRILLE PKG-FRT,ARM151L
86273083,032020088,FLEX-N-GATE TEXAS LLC,GRILLE PKG-FRT,ARM151L
86273084,032020088,FLEX-N-GATE TEXAS LLC,GRILLE PKG-FRT,ARM151L
86273085,032020088,FLEX-N-GATE TEXAS LLC,FASCIA PKG,ARM151L
86273086,032020088,FLEX-N-GATE TEXAS LLC,FASCIA PKG,ARM151L
86273087,032020088,FLEX-N-GATE TEXAS LLC,FASCIA PKG,ARM151L
86273088,032020088,FLEX-N-GATE TEXAS LLC,FASCIA PKG,ARM151L
86273089,032020088,FLEX-N-GATE TEXAS LLC,FASCIA PKG,ARM151L
86273090,032020088,FLEX-N-GATE TEXAS LLC,BRACKET PK,ARM151L
86273091,032020088,FLEX-N-GATE TEXAS LLC,BRACKET PK,ARM151L
86273092,032020088,FLEX-N-GATE TEXAS LLC,BRACKET PK,ARM151L
86273093,032020088,FLEX-N-GATE TEXAS LLC,PANEL ASM-L/GAT,ARM151L
86273094,032020088,FLEX-N-GATE TEXAS LLC,PANEL ASM-L/GAT,ARM151L
86273095,032020088,FLEX-N-GATE TEXAS LLC,PANEL ASM-L/GAT,ARM151L
86273096,032020088,FLEX-N-GATE TEXAS LLC,PANEL ASM-L/GAT,ARM151L
86273097,032020088,FLEX-N-GATE TEXAS LLC,PANEL ASM-L/GAT,ARM151L
86273098,032020088,FLEX-N-GATE TEXAS LLC,SENSOR PKG,ARM151L
86273099,032020088,FLEX-N-GATE TEXAS LLC,SENSOR PKG,ARM151L
86273100,032020088,FLEX-N-GATE TEXAS LLC,EMBLEM PKG-FRT,ARM151L
86273101,032020088,FLEX-N-GATE TEXAS LLC,EMBLEM PKG-FRT,ARM151L
86273102,032020088,FLEX-N-GATE TEXAS LLC,PANEL ASM-L/GAT,ARM151L
86273103,032020088,FLEX-N-GATE TEXAS LLC,SENSOR PKG-ADVA,ARM151L
86273104,032020088,FLEX-N-GATE TEXAS LLC,SENSOR PKG-ADVA,ARM151L
86273105,032020088,FLEX-N-GATE TEXAS LLC,FASCIA PKG-RR B,ARM151L
86273107,032020088,FLEX-N-GATE TEXAS LLC,FASCIA PKG-RR B,ARM151L
86273108,032020088,FLEX-N-GATE TEXAS LLC,FASCIA PKG-RR B,ARM151L
86273109,032020088,FLEX-N-GATE TEXAS LLC,FASCIA PKG-RR B,ARM151L
86273110,032020088,FLEX-N-GATE TEXAS LLC,FASCIA PKG-RR B,ARM151L
86273111,032020088,FLEX-N-GATE TEXAS LLC,FASCIA PKG-RR B,ARM151L
86273112,032020088,FLEX-N-GATE TEXAS LLC,FASCIA PKG-RR B,ARM151L
86273113,032020088,FLEX-N-GATE TEXAS LLC,FASCIA PKG-RR B,ARM151L
86273114,032020088,FLEX-N-GATE TEXAS LLC,FASCIA PKG-RR B,ARM151L
86273115,032020088,FLEX-N-GATE TEXAS LLC,FASCIA PKG-RR B,ARM151L
86273116,032020088,FLEX-N-GATE TEXAS LLC,FASCIA PKG-RR B,ARM151L
86273117,032020088,FLEX-N-GATE TEXAS LLC,FASCIA PKG-RR B,ARM151L
86273118,032020088,FLEX-N-GATE TEXAS LLC,FASCIA PKG-RR B,ARM151L
86273119,032020088,FLEX-N-GATE TEXAS LLC,FASCIA PKG-RR B,ARM151L
86273120,032020088,FLEX-N-GATE TEXAS LLC,FASCIA PKG-RR B,ARM151L
86273121,032020088,FLEX-N-GATE TEXAS LLC,FASCIA PKG-RR B,ARM151L
86273122,032020088,FLEX-N-GATE TEXAS LLC,FASCIA PKG-RR B,ARM151L
86273123,032020088,FLEX-N-GATE TEXAS LLC,FASCIA PKG-RR B,ARM151L
86273124,032020088,FLEX-N-GATE TEXAS LLC,FASCIA PKG-RR B,ARM151L
86273125,032020088,FLEX-N-GATE TEXAS LLC,FASCIA PKG-RR B,ARM151L
86273126,032020088,FLEX-N-GATE TEXAS LLC,DUCT PKG-FRT BP,ARM151L
86273127,032020088,FLEX-N-GATE TEXAS LLC,REINFORCEMENT P,ARM151L
86273129,032020088,FLEX-N-GATE TEXAS LLC,FASCIA PKG-FRT,ARM151L
86273130,032020088,FLEX-N-GATE TEXAS LLC,FASCIA PKG-FRT,ARM151L
86273131,032020088,FLEX-N-GATE TEXAS LLC,FASCIA PKG-FRT,ARM151L
86273132,032020088,FLEX-N-GATE TEXAS LLC,FASCIA PKG-FRT,ARM151L
86273133,032020088,FLEX-N-GATE TEXAS LLC,FASCIA PKG-FRT,ARM151L
86273134,032020088,FLEX-N-GATE TEXAS LLC,FASCIA PKG-FRT,ARM151L
86273135,032020088,FLEX-N-GATE TEXAS LLC,FASCIA PKG-FRT,ARM151L
86273142,032020088,FLEX-N-GATE TEXAS LLC,FASCIA PKG-FRT,ARM151L
86273143,032020088,FLEX-N-GATE TEXAS LLC,FASCIA PKG-RR B,ARM151L
86273144,032020088,FLEX-N-GATE TEXAS LLC,FASCIA PKG-FRT,ARM151L
86273147,032020088,FLEX-N-GATE TEXAS LLC,FASCIA PKG-FRT,ARM151L
86273148,032020088,FLEX-N-GATE TEXAS LLC,FASCIA PKG-RR B,ARM151L
86273149,032020088,FLEX-N-GATE TEXAS LLC,FASCIA PKG-RR B,ARM151L
86273150,032020088,FLEX-N-GATE TEXAS LLC,BRACKET PKG-RR,ARM151L
86273152,032020088,FLEX-N-GATE TEXAS LLC,CAMERA PKG-FV D,ARM151L
86273153,032020088,FLEX-N-GATE TEXAS LLC,CAMERA PKG-FV D,ARM151L
86273155,032020088,FLEX-N-GATE TEXAS LLC,CAMERA PKG-FV D,ARM151L
86273156,032020088,FLEX-N-GATE TEXAS LLC,CAMERA PKG-FV D,ARM151L
86273157,032020088,FLEX-N-GATE TEXAS LLC,CAMERA PKG-FV D,ARM151L
86273158,032020088,FLEX-N-GATE TEXAS LLC,CAMERA PKG-FV D,ARM151L
86273159,032020088,FLEX-N-GATE TEXAS LLC,CAMERA PKG-FV D,ARM151L
86273160,032020088,FLEX-N-GATE TEXAS LLC,CAMERA PKG-FV D,ARM151L
86273161,032020088,FLEX-N-GATE TEXAS LLC,MOLDING ASM-RR,ARM151L
86273162,032020088,FLEX-N-GATE TEXAS LLC,MOLDING ASM-RR,ARM151L
86273163,032020088,FLEX-N-GATE TEXAS LLC,MOLDING ASM-RR,ARM151L
86273164,032020088,FLEX-N-GATE TEXAS LLC,MOLDING ASM-RR,ARM151L
86273165,032020088,FLEX-N-GATE TEXAS LLC,MOLDING ASM-RR,ARM151L
86273166,032020088,FLEX-N-GATE TEXAS LLC,MOLDING ASM-RR,ARM151L
86273167,032020088,FLEX-N-GATE TEXAS LLC,MOLDING ASM-RR,ARM151L
86273168,032020088,FLEX-N-GATE TEXAS LLC,MOLDING ASM-RR,ARM151L
86273169,032020088,FLEX-N-GATE TEXAS LLC,MOLDING ASM-RR,ARM151L
86273170,032020088,FLEX-N-GATE TEXAS LLC,MOLDING ASM-RR,ARM151L
86273172,032020088,FLEX-N-GATE TEXAS LLC,HARNESS PKG-FRT,ARM151L
86273173,032020088,FLEX-N-GATE TEXAS LLC,HARNESS PKG-FRT,ARM151L
86273174,032020088,FLEX-N-GATE TEXAS LLC,HARNESS PKG-FRT,ARM151L
86273175,032020088,FLEX-N-GATE TEXAS LLC,HARNESS PKG-FRT,ARM151L
86273176,032020088,FLEX-N-GATE TEXAS LLC,HARNESS PKG-FRT,ARM151L
86273177,032020088,FLEX-N-GATE TEXAS LLC,HARNESS PKG-FRT,ARM151L
86273178,032020088,FLEX-N-GATE TEXAS LLC,HARNESS PKG-FRT,ARM151L
86273179,032020088,FLEX-N-GATE TEXAS LLC,HARNESS PKG-FRT,ARM151L
86273180,032020088,FLEX-N-GATE TEXAS LLC,HARNESS PKG-FRT,ARM151L
86273181,032020088,FLEX-N-GATE TEXAS LLC,HARNESS PKG-FRT,ARM151L
86273182,032020088,FLEX-N-GATE TEXAS LLC,HARNESS PKG-FRT,ARM151L
86273183,032020088,FLEX-N-GATE TEXAS LLC,HARNESS PKG-FRT,ARM151L
86273184,032020088,FLEX-N-GATE TEXAS LLC,HARNESS PKG-FRT,ARM151L
86273185,032020088,FLEX-N-GATE TEXAS LLC,HARNESS PKG-FRT,ARM151L
86273186,032020088,FLEX-N-GATE TEXAS LLC,HARNESS PKG-FRT,ARM151L
86273187,032020088,FLEX-N-GATE TEXAS LLC,HARNESS PKG-FRT,ARM151L
86273188,032020088,FLEX-N-GATE TEXAS LLC,HARNESS PKG-FRT,ARM151L
86273189,032020088,FLEX-N-GATE TEXAS LLC,HARNESS PKG-FRT,ARM151L
86273190,032020088,FLEX-N-GATE TEXAS LLC,HARNESS PKG-FRT,ARM151L
86273191,032020088,FLEX-N-GATE TEXAS LLC,HARNESS PKG-FRT,ARM151L
86273192,032020088,FLEX-N-GATE TEXAS LLC,HARNESS PKG-FRT,ARM151L
86273193,032020088,FLEX-N-GATE TEXAS LLC,HARNESS PKG-FRT,ARM151L
86273195,032020088,FLEX-N-GATE TEXAS LLC,HARNESS PKG-FRT,ARM151L
86273196,032020088,FLEX-N-GATE TEXAS LLC,HARNESS PKG-FRT,ARM151L
86273198,032020088,FLEX-N-GATE TEXAS LLC,HARNESS PKG-RR,ARM151L
86273199,032020088,FLEX-N-GATE TEXAS LLC,HARNESS PKG-RR,ARM151L
86273201,032020088,FLEX-N-GATE TEXAS LLC,HARNESS PKG-RR,ARM151L
86273202,032020088,FLEX-N-GATE TEXAS LLC,HARNESS PKG-RR,ARM151L
86273203,032020088,FLEX-N-GATE TEXAS LLC,HARNESS PKG-RR,ARM151L
86273204,032020088,FLEX-N-GATE TEXAS LLC,HARNESS PKG-RR,ARM151L
86285934,032020088,FLEX-N-GATE TEXAS LLC,HARNESS PKG-RR,ARM151L
86285935,032020088,FLEX-N-GATE TEXAS LLC,HARNESS PKG-RR,ARM151L
86285936,032020088,FLEX-N-GATE TEXAS LLC,HARNESS PKG-RR,ARM151L
86285937,032020088,FLEX-N-GATE TEXAS LLC,HARNESS PKG-RR,ARM151L
86285938,032020088,FLEX-N-GATE TEXAS LLC,HARNESS PKG-RR,ARM151L
86285939,032020088,FLEX-N-GATE TEXAS LLC,SLEEVE PKG-EXH,ARM151L
86285940,032020088,FLEX-N-GATE TEXAS LLC,SLEEVE PKG-EXH,ARM151L
86285941,032020088,FLEX-N-GATE TEXAS LLC,FASCIA PKG-FRT,ARM151L
86285942,032020088,FLEX-N-GATE TEXAS LLC,FASCIA PKG-FRT,ARM151L
86285943,032020088,FLEX-N-GATE TEXAS LLC,FASCIA PKG-FRT,ARM151L
86293136,032020088,FLEX-N-GATE TEXAS LLC,FASCIA PKG-FRT,ARM151L
86293137,032020088,FLEX-N-GATE TEXAS LLC,FASCIA PKG-FRT,ARM151L
86305182,032020088,FLEX-N-GATE TEXAS LLC,FASCIA PKG-FRT,ARM151L
86305183,032020088,FLEX-N-GATE TEXAS LLC,FASCIA PKG-FRT,ARM151L
86305184,032020088,FLEX-N-GATE TEXAS LLC,FASCIA PKG-FRT,ARM151L
86305185,032020088,FLEX-N-GATE TEXAS LLC,FASCIA PKG-FRT,ARM151L
86305186,032020088,FLEX-N-GATE TEXAS LLC,FASCIA PKG-FRT,ARM151L
86305187,032020088,FLEX-N-GATE TEXAS LLC,FASCIA PKG-FRT,ARM151L
86305188,032020088,FLEX-N-GATE TEXAS LLC,FASCIA PKG-FRT,ARM151L
86305189,032020088,FLEX-N-GATE TEXAS LLC,FASCIA PKG-FRT,ARM151L
86305190,032020088,FLEX-N-GATE TEXAS LLC,FASCIA PKG-FRT,ARM151L
86420789,032020088,FLEX-N-GATE TEXAS LLC,FASCIA PKG-FRT,ARM151L
86420804,032020088,FLEX-N-GATE TEXAS LLC,FASCIA PKG-FRT,ARM151L
86420805,032020088,FLEX-N-GATE TEXAS LLC,FASCIA PKG-FRT,ARM151L
86420807,032020088,FLEX-N-GATE TEXAS LLC,FASCIA PKG-FRT,ARM151L
86420808,032020088,FLEX-N-GATE TEXAS LLC,FASCIA PKG-FRT,ARM151L
86420817,032020088,FLEX-N-GATE TEXAS LLC,FASCIA PKG-FRT,ARM151L
86420821,032020088,FLEX-N-GATE TEXAS LLC,FASCIA PKG-FRT,ARM151L
86420823,032020088,FLEX-N-GATE TEXAS LLC,FASCIA PKG-FRT,ARM151L
86426047,032020088,FLEX-N-GATE TEXAS LLC,FASCIA PKG-FRT,ARM151L
86426049,032020088,FLEX-N-GATE TEXAS LLC,FASCIA PKG-FRT,ARM151L
86426053,032020088,FLEX-N-GATE TEXAS LLC,FASCIA PKG-FRT,ARM151L
86426056,032020088,FLEX-N-GATE TEXAS LLC,FASCIA PKG-FRT,ARM151L
86426059,032020088,FLEX-N-GATE TEXAS LLC,FASCIA PKG-FRT,ARM151L
86426064,032020088,FLEX-N-GATE TEXAS LLC,FASCIA PKG-FRT,ARM151L
86426072,032020088,FLEX-N-GATE TEXAS LLC,FASCIA PKG-FRT,ARM151L
86426078,032020088,FLEX-N-GATE TEXAS LLC,FASCIA PKG-FRT,ARM151L
86426089,032020088,FLEX-N-GATE TEXAS LLC,FASCIA PKG-FRT,ARM151L
86426095,032020088,FLEX-N-GATE TEXAS LLC,FASCIA PKG-FRT,ARM151L
86426096,032020088,FLEX-N-GATE TEXAS LLC,FASCIA PKG-FRT,ARM151L
86426097,032020088,FLEX-N-GATE TEXAS LLC,FASCIA PKG-FRT,ARM151L
86426098,032020088,FLEX-N-GATE TEXAS LLC,FASCIA PKG-FRT,ARM151L
86426099,032020088,FLEX-N-GATE TEXAS LLC,FASCIA PKG-FRT,ARM151L
86426100,032020088,FLEX-N-GATE TEXAS LLC,FASCIA PKG-FRT,ARM151L
86426101,032020088,FLEX-N-GATE TEXAS LLC,FASCIA PKG-FRT,ARM151L
86426102,032020088,FLEX-N-GATE TEXAS LLC,FASCIA PKG-FRT,ARM151L
86426103,032020088,FLEX-N-GATE TEXAS LLC,FASCIA PKG-FRT,ARM151L
86426104,032020088,FLEX-N-GATE TEXAS LLC,FASCIA PKG-FRT,ARM151L
86426108,032020088,FLEX-N-GATE TEXAS LLC,FASCIA PKG-FRT,ARM151L
86426110,032020088,FLEX-N-GATE TEXAS LLC,FASCIA PKG-FRT,ARM151L
86426112,032020088,FLEX-N-GATE TEXAS LLC,FASCIA PKG-FRT,ARM151L
86426114,032020088,FLEX-N-GATE TEXAS LLC,MOLDING ASM-W/S,ARM151L
86426120,032020088,FLEX-N-GATE TEXAS LLC,MOLDING ASM-W/S,ARM151L
86426121,032020088,FLEX-N-GATE TEXAS LLC,PLATE PKG-FRT B,ARM151L
86426122,032020088,FLEX-N-GATE TEXAS LLC,PLATE PKG-FRT B,ARM151L
86426123,032020088,FLEX-N-GATE TEXAS LLC,GRILLE PKG-FRT,ARM151L
86426124,032020088,FLEX-N-GATE TEXAS LLC,GRILLE PKG-FRT,ARM151L
86426134,032020088,FLEX-N-GATE TEXAS LLC,REINFORCEMENT P,ARM151L
86426137,032020088,FLEX-N-GATE TEXAS LLC,FASCIA PKG-FRT,ARM151L
86426139,032020088,FLEX-N-GATE TEXAS LLC,PANEL ASM-QTR L,ARM151L
85000515,080786860,FLEX-N-GATE TEXAS LLC,PANEL ASM-QTR L,ARM152L
85000516,080786860,FLEX-N-GATE TEXAS LLC,PANEL ASM-QTR L,ARM152L
85000519,080786860,FLEX-N-GATE TEXAS LLC,PANEL ASM-QTR L,ARM152L
85000520,080786860,FLEX-N-GATE TEXAS LLC,PANEL ASM-QTR L,ARM152L
86470007,080786860,FLEX-N-GATE TEXAS LLC,PANEL ASM-QTR L,ARM152L
84265938,080786860,FLEX-N-GATE TEXAS LLC,PANEL ASM-QTR L,ARM152L
84265939,080786860,FLEX-N-GATE TEXAS LLC,PANEL ASM-QTR L,ARM152L
84272710,080786860,FLEX-N-GATE TEXAS LLC,PANEL ASM-QTR L,ARM152L
84272712,080786860,FLEX-N-GATE TEXAS LLC,PANEL ASM-QTR L,ARM152L
84272718,080786860,FLEX-N-GATE TEXAS LLC,FASCIA PKG-RR B,ARM152L
84272720,080786860,FLEX-N-GATE TEXAS LLC,FASCIA PKG-RR B,ARM152L
84546296,080786860,FLEX-N-GATE TEXAS LLC,PANEL ASM-QTR L,ARM152L
84546298,080786860,FLEX-N-GATE TEXAS LLC,TRANSCEIVER PKG,ARM152L
84546299,080786860,FLEX-N-GATE TEXAS LLC,TRANSCEIVER PKG,ARM152L
84546301,080786860,FLEX-N-GATE TEXAS LLC,PANEL ASM-QTR L,ARM152L
84690976,080786860,FLEX-N-GATE TEXAS LLC,TRANSCEIVER PKG,ARM152L
84690977,080786860,FLEX-N-GATE TEXAS LLC,TRANSCEIVER PKG,ARM152L
84887772,080786860,FLEX-N-GATE TEXAS LLC,FASCIA PKG-FRT,ARM152VA
84887776,080786860,FLEX-N-GATE TEXAS LLC,FASCIA PKG-FRT,ARM152VA
84887777,080786860,FLEX-N-GATE TEXAS LLC,FASCIA PKG-FRT,ARM152VA
84887779,080786860,FLEX-N-GATE TEXAS LLC,FASCIA PKG-FRT,ARM152VA
84967266,080786860,FLEX-N-GATE TEXAS LLC,FASCIA PKG-FRT,ARM152VA
85005239,080786860,FLEX-N-GATE TEXAS LLC,FASCIA PKG-FRT,ARM152VA
85070019,080786860,FLEX-N-GATE TEXAS LLC,FASCIA PKG-FRT,ARM152VA
85070020,080786860,FLEX-N-GATE TEXAS LLC,FASCIA PKG-FRT,ARM152VA
85070021,080786860,FLEX-N-GATE TEXAS LLC,FASCIA PKG-FRT,ARM152VA
85070023,080786860,FLEX-N-GATE TEXAS LLC,FASCIA PKG-FRT,ARM152VA
85070024,080786860,FLEX-N-GATE TEXAS LLC,FASCIA PKG-FRT,ARM152VA
85070025,080786860,FLEX-N-GATE TEXAS LLC,FASCIA PKG-FRT,ARM152VA
85070938,080786860,FLEX-N-GATE TEXAS LLC,FASCIA PKG-FRT,ARM152VA
85070939,080786860,FLEX-N-GATE TEXAS LLC,FASCIA PKG-RR B,ARM152VA
85070940,080786860,FLEX-N-GATE TEXAS LLC,FASCIA PKG-RR B,ARM152VA
85070943,080786860,FLEX-N-GATE TEXAS LLC,FASCIA PKG-RR B,ARM152VA
85514363,080786860,FLEX-N-GATE TEXAS LLC,FASCIA PKG-RR B,ARM152VA
85514364,080786860,FLEX-N-GATE TEXAS LLC,FASCIA PKG-RR B,ARM152VA
85797637,080786860,FLEX-N-GATE TEXAS LLC,FASCIA PKG-RR B,ARM152VA
85829487,080786860,FLEX-N-GATE TEXAS LLC,FASCIA PKG-RR B,ARM152VA
85829488,080786860,FLEX-N-GATE TEXAS LLC,FASCIA PKG-RR B,ARM152VA
85829489,080786860,FLEX-N-GATE TEXAS LLC,FASCIA PKG-RR B,ARM152VA
86778043,080786860,FLEX-N-GATE TEXAS LLC,FASCIA PKG-RR B,ARM152VA
86780835,080786860,FLEX-N-GATE TEXAS LLC,FASCIA PKG-RR B,ARM152VA
86780836,080786860,FLEX-N-GATE TEXAS LLC,FASCIA PKG-RR B,ARM152VA
86780838,080786860,FLEX-N-GATE TEXAS LLC,FASCIA PKG-RR B,ARM152VA
86780840,080786860,FLEX-N-GATE TEXAS LLC,FASCIA PKG-RR B,ARM152VA
86780841,080786860,FLEX-N-GATE TEXAS LLC,FASCIA PKG-RR B,ARM152VA
86780843,080786860,FLEX-N-GATE TEXAS LLC,FASCIA PKG-RR B,ARM152VA
84828862,080786860,FLEX-N-GATE TEXAS LLC,FASCIA PKG-RR B,ARM152VB
84828863,080786860,FLEX-N-GATE TEXAS LLC,FASCIA PKG-RR B,ARM152VB
84828865,080786860,FLEX-N-GATE TEXAS LLC,FASCIA PKG-RR B,ARM152VB
84828869,080786860,FLEX-N-GATE TEXAS LLC,FASCIA PKG-RR B,ARM152VB
85585617,080786860,FLEX-N-GATE TEXAS LLC,FASCIA PKG-RR B,ARM152VB
85585618,080786860,FLEX-N-GATE TEXAS LLC,FASCIA PKG-RR B,ARM152VB
85585620,080786860,FLEX-N-GATE TEXAS LLC,FASCIA PKG-RR B,ARM152VB
85585621,080786860,FLEX-N-GATE TEXAS LLC,FASCIA PKG-RR B,ARM152VB
85585623,080786860,MAGNA CLOSURES INC,ROD-FRT S/D LK,ARM152VB
85585629,080786860,MAGNA CLOSURES INC,ROD-FRT S/D LK,ARM152VB
85585637,080786860,MARWOOD INTERNATIONAL INC,SHIELD,ARM152VB
85585644,080786860,MARWOOD INTERNATIONAL INC,BRACKET ASM-RR,ARM152VB
85585645,080786860,MARWOOD INTERNATIONAL INC,BRACKET ASM-RR,ARM152VB
85585647,080786860,MARWOOD INTERNATIONAL INC,BRACKET -CONTEN,ARM152VB
85585648,080786860,MARWOOD INTERNATIONAL INC,BRACKET ASM-RR,ARM152VB
85585650,080786860,MARWOOD INTERNATIONAL INC,BRACKET ASM-RR,ARM152VB
85585656,080786860,MARWOOD INTERNATIONAL INC,BRACE-FRT BPR F,ARM152VB
85585661,080786860,MARWOOD INTERNATIONAL INC,BRACE-FRT BPR F,ARM152VB
85585662,080786860,MARWOOD INTERNATIONAL INC,BRACKET AS,ARM152VB
85585664,080786860,MARWOOD INTERNATIONAL INC,BRACKET AS,ARM152VB
85585674,080786860,MARWOOD INTERNATIONAL INC,BRACKET AS,ARM152VB
85585675,080786860,MARWOOD INTERNATIONAL INC,BRACKET AS,ARM152VB
86508791,080786860,MARWOOD INTERNATIONAL INC,BRACKET AS,ARM152VB
86508792,080786860,MARWOOD INTERNATIONAL INC,BRACKET AS,ARM152VB
86511582,080786860,MARWOOD INTERNATIONAL INC,SHIELD-EXH FRT,ARM152VB
84263728,080786860,MARKDOM PLASTIC PRODUCTS LTD,CASE ASM-SPA WH,ARM152VC
84687477,080786860,MARKDOM PLASTIC PRODUCTS LTD,COVER ASM-FRT S,ARM152VC
84687478,080786860,MARKDOM PLASTIC PRODUCTS LTD,COVER ASM-FRT S,ARM152VC
84687480,080786860,MARKDOM PLASTIC PRODUCTS LTD,RETAINER ASM-BA,ARM152VC
84687483,080786860,MARKDOM PLASTIC PRODUCTS LTD,BRACKET ASM-HTR,ARM152VC
84771365,080786860,MARKDOM PLASTIC PRODUCTS LTD,COVER ASM-FRT S,ARM152VC
84771380,080786860,MAGNA CLOSURES,STEP ASM-ASST,ARM152VC
84805156,080786860,MAGNA CLOSURES,STEP ASM-ASST,ARM152VC
84805157,080786860,MAGNA CLOSURES,STEP ASM-ASST,ARM152VC
84887773,080786860,MAGNA CLOSURES,STEP ASM-ASST,ARM152VC
84887774,080786860,MAGNA ELECTRONICS CANADA INC,GRMA - SENSOR A,ARM152VC
85010642,080786860,REA INTERNATIONAL INC,REINFORCEMENT-F,ARM152VC
85010643,080786860,R B & W CORPORATION OF CANADA,NUT,ARM152VC
85010644,080786860,R B & W CORPORATION OF CANADA,NUT-HX FLG W/NY,ARM152VC
85010646,080786860,LITENS AUTOMOTIVE PARTNERSHIP,PULLEY ASM-BELT,ARM152VC
85148986,080786860,LITENS AUTOMOTIVE PARTNERSHIP,PULLEY ASM-BELT,ARM152VC
85148988,080786860,ROYAL AUTOMOTIVE GROUP LTD,MOLDING ASM-RF,ARM152VC
85610549,080786860,ROYAL AUTOMOTIVE GROUP LTD,MOLDING ASM-RF,ARM152VC
85610550,080786860,ROYAL AUTOMOTIVE GROUP LTD,MOLDING ASM-RF,ARM152VC
85806258,080786860,ROYAL AUTOMOTIVE GROUP LTD,MOLDING ASM-RF,ARM152VC
86278288,080786860,ROYAL AUTOMOTIVE GROUP LTD,REINFORCEMENT A,ARM152VC
86278289,080786860,ROYAL AUTOMOTIVE GROUP LTD,REINFORCEMENT A,ARM152VC
86386262,080786860,VENTRA GROUP INC,JACK PKG-.,ARM152VC
86386263,080786860,VENTRA GROUP INC,JACK PKG-.,ARM152VC
86386265,080786860,VENTRA GROUP INC,JACK PKG-.,ARM152VC
86386266,080786860,VEONEER CANADA SAFETY SYSTEMS INC,SENSOR ASM-AIRB,ARM152VC
86386268,080786860,VEONEER CANADA SAFETY SYSTEMS INC,MODULE ASM-AIRB,ARM152VC
86386269,080786860,VEONEER CANADA SAFETY SYSTEMS INC,MODULE ASM-AIRB,ARM152VC
86386278,080786860,VEONEER CANADA SAFETY SYSTEMS INC,SENSOR ASM-AIRB,ARM152VC
86386279,080786860,VEONEER CANADA SAFETY SYSTEMS INC,SENSOR ASM-AIRB,ARM152VC
86386281,080786860,MAGNA INTERNATIONAL INC,STRAP-F/TNK,ARM152VC
86386282,080786860,MAGNA INTERNATIONAL INC,STRAP-F/TNK,ARM152VC
86386284,080786860,MARKDOM PLASTIC PRODUCTS LTD,PLATE-HDLNG T/P,ARM152VC
86386285,080786860,MARKDOM PLASTIC PRODUCTS LTD,GRILLE-ACTIVE N,ARM152VC
86386287,080786860,MARKDOM PLASTIC PRODUCTS LTD,GUIDE-SPA WHL H,ARM152VC
86386289,080786860,MARKDOM PLASTIC PRODUCTS LTD,BRACKET ASM-CHA,ARM152VC
86386290,080786860,MARKDOM PLASTIC PRODUCTS LTD,GRILLE-ACTIVE N,ARM152VC
86386292,080786860,MARKDOM PLASTIC PRODUCTS LTD,GRILLE-ACTIVE N,ARM152VC
86386293,080786860,GATES CANADA INC,PULLEY ASM,ARM152VC
86386295,080786860,GATES CANADA INC,PULLEY ASM-BELT,ARM152VC
86386296,080786860,GATES CANADA INC,TENSIONER ASM-D,ARM152VC
86386298,080786860,INFASCO NUT LP,NUT,ARM152VC
86386299,080786860,INFASCO NUT LP,NUT,ARM152VC
86386301,080786860,INFASCO NUT LP,NUT,ARM152VC
86386303,080786860,INFASCO NUT LP,NUT,ARM152VC
86386304,080786860,INFASCO NUT LP,NUT,ARM152VC
86386307,080786860,INFASCO NUT LP,NUT,ARM152VC
86386308,080786860,INFASCO NUT LP,NUT,ARM152VC
86386309,080786860,INFASCO NUT LP,NUT,ARM152VC
86386310,080786860,INFASCO NUT LP,NUT,ARM152VC
86386324,080786860,INFASCO NUT LP,NUT,ARM152VC
86386325,080786860,INFASCO NUT LP,NUT,ARM152VC
86386326,080786860,INFASCO NUT LP,NUT,ARM152VC
86386327,080786860,INFASCO NUT LP,BOLT/SCREW,ARM152VC
86386328,080786860,INFASCO NUT LP,BOLT/SCREW,ARM152VC
86529782,080786860,INFASCO NUT LP,NUT ASM FREE SP,ARM152VC
86529783,080786860,INFASCO NUT LP,NUT,ARM152VC
86557586,080786860,INFASCO NUT LP,NUT,ARM152VC
86557588,080786860,INFASCO NUT LP,NUT,ARM152VC
86557593,080786860,INFASCO NUT LP,NUT,ARM152VC
86557595,080786860,INFASCO NUT LP,NUT,ARM152VC
86564082,080786860,INFASCO NUT LP,NUT,ARM152VC
86798036,080786860,INFASCO NUT LP,NUT,ARM152VC
84024059,197084635,INFASCO NUT LP,NUT,ARM155A
84024060,197084635,INFASCO NUT LP,BOLT - HVY HX A,ARM155A
84024061,197084635,INFASCO NUT LP,NUT-.,ARM155A
84024062,197084635,INFASCO NUT LP,NUT-METRIC HX F,ARM155A
84024063,197084635,INFASCO NUT LP,STUD-DBL ENDED,ARM155A
84024064,197084635,INFASCO NUT LP,BOLT/SCREW,ARM155A
84266203,117780968,INFASCO NUT LP,BOLT/SCREW,ARM159L
84266204,117780968,MAGNA CLOSURES INC,LATCH ASM,ARM159L
84266243,117780968,MAGNA CLOSURES INC,LATCH ASM,ARM159L
84266244,117780968,MAGNA CLOSURES INC,LATCH ASM-FRT S,ARM159L
84266246,117780968,MAGNA CLOSURES INC,LATCH ASM-FRT S,ARM159L
84266248,117780968,MAGNA CLOSURES INC,LATCH ASM-FRT S,ARM159L
84266250,117780968,MAGNA CLOSURES INC,LATCH ASM-FRT S,ARM159L
84270192,117780968,MAGNA CLOSURES INC,LATCH ASM-FRT S,ARM159L
84270193,117780968,MAGNA CLOSURES INC,LATCH ASM-RR S/,ARM159L
84270194,117780968,MAGNA CLOSURES INC,LATCH ASM-RR S/,ARM159L
84270195,117780968,MAGNA CLOSURES INC,LATCH ASM-RR S/,ARM159L
84340584,117780968,MAGNA CLOSURES INC,LATCH ASM-RR S/,ARM159L
84340586,117780968,MAGNA CLOSURES INC,LATCH ASM-RR S/,ARM159L
84436404,117780968,MAGNA CLOSURES INC,LATCH ASM-RR S/,ARM159L
84440454,117780968,MAGNA CLOSURES INC,LATCH ASM-RR S/,ARM159L
84440456,117780968,MAGNA CLOSURES INC,LATCH ASM-RR S/,ARM159L
84449170,117780968,MAGNA CLOSURES INC,LATCH ASM-RR S/,ARM159L
84449172,117780968,MAGNA CLOSURES INC,LATCH ASM-RR S/,ARM159L
84545036,117780968,MAGNA CLOSURES INC,LATCH ASM-RR S/,ARM159L
84545039,117780968,MAGNA CLOSURES INC,LATCH ASM-RR S/,ARM159L
84545045,117780968,MAGNA CLOSURES INC,LATCH ASM-RR S/,ARM159L
84545065,117780968,MAGNA CLOSURES INC,LATCH ASM-RR S/,ARM159L
84545066,117780968,MAGNA CLOSURES INC,LATCH ASM-RR S/,ARM159L
84546544,117780968,MAGNA CLOSURES INC,LATCH ASM-RR S/,ARM159L
84546545,117780968,MAGNA CLOSURES INC,LATCH ASM-RR S/,ARM159L
84546547,117780968,MAGNA CLOSURES INC,LATCH ASM-RR S/,ARM159L
84550787,117780968,MAGNA CLOSURES INC,LATCH ASM-FRT S,ARM159L
84550788,117780968,MAGNA CLOSURES INC,LATCH ASM-FRT S,ARM159L
84550795,117780968,MAGNA CLOSURES INC,LATCH ASM-RR S/,ARM159L
84550796,117780968,MAGNA CLOSURES INC,LATCH ASM-RR S/,ARM159L
84550802,117780968,MAGNA CLOSURES INC,LATCH ASM-RR S/,ARM159L
84550973,117780968,MAGNA CLOSURES INC,LATCH ASM-RR S/,ARM159L
84550975,117780968,MAGNA CLOSURES INC,LATCH ASM-RR S/,ARM159L
84550976,117780968,MAGNA CLOSURES INC,LATCH ASM-RR S/,ARM159L
84550978,117780968,MARWOOD INTERNATIONAL INC,HANGER ASM-EXH,ARM159L
84550979,117780968,ABC TECHNOLOGIES INC,STEP ASM-ASST,ARM159L
84550981,117780968,ABC TECHNOLOGIES INC,STEP ASM-ASST,ARM159L
84550982,117780968,ABC TECHNOLOGIES INC,STEP ASM-ASST,ARM159L
84550984,117780968,ABC TECHNOLOGIES INC,STEP ASM-ASST,ARM159L
84664811,117780968,MAGNA EXTERIORS INC,COVER,ARM159L
84664812,117780968,MAGNA EXTERIORS INC,SPOILER AS,ARM159L
84686957,117780968,MAGNA EXTERIORS INC,SPOILER ASM-R/E,ARM159L
84717845,117780968,MAGNA EXTERIORS INC,SPOILER ASM-R/E,ARM159L
84932441,117780968,MAGNA EXTERIORS INC,SPOILER ASM-R/E,ARM159L
84997510,117780968,MAGNA EXTERIORS INC,SPOILER ASM-R/E,ARM159L
84997511,117780968,MAGNA EXTERIORS INC,SPOILER ASM-R/E,ARM159L
84997512,117780968,MAGNA EXTERIORS INC,SPOILER ASM-R/E,ARM159L
84997514,117780968,MAGNA EXTERIORS INC,SPOILER ASM-R/E,ARM159L
85025031,117780968,MAGNA EXTERIORS INC,SPOILER ASM-R/E,ARM159L
85025032,117780968,MAGNA EXTERIORS INC,SPOILER ASM-R/E,ARM159L
85025034,117780968,MAGNA EXTERIORS INC,SPOILER ASM-R/E,ARM159L
85068888,117780968,MAGNA EXTERIORS INC,SPOILER ASM-R/E,ARM159L
85068889,117780968,MAGNA EXTERIORS INC,SPOILER ASM-R/E,ARM159L
85068890,117780968,MAGNA EXTERIORS INC,SPOILER ASM-R/E,ARM159L
85068891,117780968,MAGNA EXTERIORS INC,SPOILER ASM-R/E,ARM159L
85613286,117780968,NIFAST CANADA CORPORATION,NUT,ARM159L
85613287,117780968,NIFAST CANADA CORPORATION,NUT,ARM159L
85613288,117780968,NIFAST CANADA CORPORATION,NUT ASM,ARM159L
85613289,117780968,NIFAST CANADA CORPORATION,NUT,ARM159L
86360951,117780968,NIFAST CANADA CORPORATION,NUT,ARM159L
86360953,117780968,NIFAST CANADA CORPORATION,BOLT/SCREW,ARM159L
86586269,117780968,NIFAST CANADA CORPORATION,BOLT SCREW,ARM159L
86586270,117780968,NIFAST CANADA CORPORATION,RETAINER-H/SHLD,ARM159L
84449166,117780968,GM CANADA CO-ST CATHERINES ENGINE,ENGINE M89,ARM159L
84550799,117780968,GM CANADA CO-ST CATHERINES ENGINE,ENGINE M9A,ARM159L
84550800,117780968,GM CANADA CO-ST CATHERINES ENGINE,ENGINE M9B,ARM159L
85669397,188277016,GM CANADA CO-ST CATHERINES ENGINE,ENGINE ASM,ARM160LA
85669399,188277016,GM CANADA CO-ST CATHERINES ENGINE,ENGINE ASM,ARM160LA
85669402,188277016,MAGNA EXTERIORS INC,APPLIQUE ASM-FR,ARM160LA
86282150,188277016,MAGNA EXTERIORS INC,APPLIQUE ASM-FR,ARM160LA
86282151,188277016,MAGNA EXTERIORS INC,MOLDING ASM-FRT,ARM160LA
86282154,188277016,MAGNA EXTERIORS INC,MOLDING ASM-FRT,ARM160LA
86282155,188277016,MAGNA EXTERIORS INC,MOLDING ASM-FRT,ARM160LA
86382037,188277016,MAGNA EXTERIORS INC,MOLDING ASM-FRT,ARM160LA
86382038,188277016,MAGNA EXTERIORS INC,MOLDING ASM-BOD,ARM160LA
86382039,188277016,MAGNA EXTERIORS INC,MOLDING ASM-BOD,ARM160LA
86382040,188277016,MAGNA EXTERIORS INC,MOLDING ASM-BOD,ARM160LA
86282146,188277016,MAGNA EXTERIORS INC,MOLDING ASM-BOD,ARM160LA
86282147,188277016,MAGNA EXTERIORS INC,APPLIQUE ASM-FR,ARM160LA
86384782,188277016,MAGNA EXTERIORS INC,APPLIQUE ASM-FR,ARM160LA
86384785,188277016,MAGNA EXTERIORS INC,APPLIQUE ASM-RR,ARM160LA
84775643,117409100,MAGNA EXTERIORS INC,APPLIQUE ASM-RR,ARM162A
84972393,117409100,MAGNA EXTERIORS INC,APPLIQUE ASM-RR,ARM162A
84972394,117409100,MAGNA EXTERIORS INC,APPLIQUE ASM-RR,ARM162A
84972395,117409100,MAGNA EXTERIORS INC,APPLIQUE ASM-RR,ARM162A
84972396,117409100,MAGNA EXTERIORS INC,APPLIQUE ASM-RR,ARM162A
85579426,117409100,MAGNA EXTERIORS INC,MOLDING ASM-BOD,ARM162A
84794030,117409100,MAGNA EXTERIORS INC,MOLDING ASM-BOD,ARM162B
84899944,117409100,MAGNA EXTERIORS INC,MOLDING ASM-BOD,ARM162B
84938717,117409100,MAGNA EXTERIORS INC,MOLDING ASM-BOD,ARM162B
86328787,117409100,MAGNA EXTERIORS INC,MOLDING ASM-BOD,ARM162B
86328788,117409100,MAGNA EXTERIORS INC,MOLDING ASM-BOD,ARM162B
84353707,146257907,MAGNA EXTERIORS INC,MOLDING ASM-BOD,ARM165A
84353708,146257907,MAGNA EXTERIORS INC,MOLDING ASM-BOD,ARM165A
84375789,146257907,MAGNA EXTERIORS INC,MOLDING ASM-RR,ARM165A
84640866,146257907,MAGNA EXTERIORS INC,MOLDING ASM-RR,ARM165A
84655312,146257907,MAGNA EXTERIORS INC,MOLDING ASM-RR,ARM165A
84655313,146257907,MAGNA EXTERIORS INC,MOLDING ASM-RR,ARM165A
85592484,146257907,MAGNA EXTERIORS INC,MOLDING ASM-RR,ARM165A
85082342,800146693,MAGNA EXTERIORS INC,MOLDING ASM-RR,ARM166V
85082343,800146693,MAGNA EXTERIORS INC,MOLDING ASM-RR,ARM166V
85082366,800146693,MAGNA EXTERIORS INC,MOLDING ASM-RR,ARM166V
85082367,800146693,MAGNA EXTERIORS INC,MOLDING ASM-BOD,ARM166V
85082392,800146693,MAGNA EXTERIORS INC,MOLDING ASM-BOD,ARM166V
85082394,800146693,MAGNA EXTERIORS INC,MOLDING ASM-BOD,ARM166V
85082396,800146693,MAGNA EXTERIORS INC,MOLDING ASM-BOD,ARM166V
85082398,800146693,MAGNA EXTERIORS INC,MOLDING ASM-FRT,ARM166V
84257465,108630731,MAGNA EXTERIORS INC,MOLDING ASM-FRT,ARM181A
84257466,108630731,MAGNA EXTERIORS INC,MOLDING ASM-FRT,ARM181A
84561254,108630731,MAGNA EXTERIORS INC,MOLDING ASM-FRT,ARM181A
84561255,108630731,MAGNA EXTERIORS INC,MOLDING ASM-RR,ARM181A
86422765,108630731,MAGNA EXTERIORS INC,MOLDING ASM-RR,ARM181A
86422766,108630731,MAGNA EXTERIORS INC,MOLDING ASM-RR,ARM181A
84190293,118629309,MAGNA EXTERIORS INC,MOLDING ASM-RR,ARM185V
84275418,118629309,MAGNA EXTERIORS INC,MOLDING ASM-RR,ARM185V
84748145,118629309,MAGNA EXTERIORS INC,MOLDING ASM-RR,ARM185V
84748146,118629309,MAGNA EXTERIORS INC,MOLDING ASM-RR,ARM185V
84813223,118629309,MAGNA EXTERIORS INC,MOLDING ASM-RR,ARM185V
84896126,118629309,MAGNA EXTERIORS INC,MOLDING ASM-BOD,ARM185V
85747636,118629309,MAGNA EXTERIORS INC,MOLDING ASM-BOD,ARM185V
86451343,118629309,MAGNA EXTERIORS INC,MOLDING ASM-BOD,ARM185V
84265828,077472228,MAGNA EXTERIORS INC,MOLDING ASM-BOD,ARM190A
84266131,077472228,MAGNA EXTERIORS INC,MOLDING ASM-UPR,ARM190A
84641758,077472228,MAGNA EXTERIORS INC,MOLDING ASM-UPR,ARM190A
84641759,077472228,MAGNA EXTERIORS INC,MOLDING ASM-UPR,ARM190A
84641760,077472228,MAGNA EXTERIORS INC,MOLDING ASM-UPR,ARM190A
84641761,077472228,MAGNA EXTERIORS INC,MOLDING ASM-UPR,ARM190A
84838554,077472228,MAGNA EXTERIORS INC,MOLDING ASM-UPR,ARM190A
84838555,077472228,MAGNA EXTERIORS INC,MOLDING ASM-UPR,ARM190A
84838556,077472228,MAGNA EXTERIORS INC,MOLDING ASM-UPR,ARM190A
84838557,077472228,MAGNA EXTERIORS INC,MOLDING ASM-BOD,ARM190A
84908464,077472228,MAGNA EXTERIORS INC,MOLDING ASM-BOD,ARM190A
84908465,077472228,MAGNA EXTERIORS INC,MOLDING ASM-BOD,ARM190A
84908466,077472228,MAGNA EXTERIORS INC,MOLDING ASM-BOD,ARM190A
84908467,077472228,MULTIMATIC INC,HINGE ASM-RR S/,ARM190A
85109693,077472228,MULTIMATIC INC,HINGE ASM-RR S/,ARM190A
85109694,077472228,MULTIMATIC INC,HINGE ASM-RR S/,ARM190A
85112713,077472228,MULTIMATIC INC,HINGE ASM-RR S/,ARM190A
85029697,020239591,MULTIMATIC INC,LINK ASM-FRT S/,ARM195AA
85029698,020239591,MULTIMATIC INC,LINK ASM-RR S/D,ARM195AA
85029699,020239591,KIRCHHOFF AUTOMOTIVE CANADA INC,REINFORCEMENT A,ARM195AA
85029700,020239591,KIRCHHOFF AUTOMOTIVE CANADA INC,REINFORCEMENT A,ARM195AA
84830106,969789283,BEND ALL AUTOMOTIVE ULC,PIPE ASM-TRANS,ARM223A
84830107,969789283,BEND ALL AUTOMOTIVE ULC,HOSE ASM-ENG OI,ARM223A
84379369,969789283,A RAYMOND TINNERMAN MFG HAMILTON IN,NUT-PUSH IN,ARM225LA
84379370,969789283,A RAYMOND TINNERMAN MFG HAMILTON IN,NUT-PUSH IN,ARM225LA
84913466,969789283,A RAYMOND TINNERMAN MFG HAMILTON IN,NUT - PUSH IN,ARM225LA
84913467,969789283,A RAYMOND TINNERMAN MFG HAMILTON IN,NUT-PUSH IN,ARM225LA
84913468,969789283,A RAYMOND TINNERMAN MFG HAMILTON IN,RETAINER-S/S SU,ARM225LA
84913469,969789283,MAGNA INTERNATIONAL INC,SHUTTER ASM-FRT,ARM225LA
84913470,969789283,MAGNA INTERNATIONAL INC,EXTENSION ASM-F,ARM225LA
84913471,969789283,NORMA UK LIMITED,CLAMP ASM-CTLTC,ARM225LA
84913472,969789283,PIERBURG PUMP TECHNOLOGY GMBH,PUMP ASM-AUX WA,ARM225LA
84913473,969789283,ITW FASTENER PRODUCTS GMBH,PLUG-SUN RF HSG,ARM225LA
84913475,969789283,NEDSCHROEF FRAULAUTERN GMBH,STUD-BODY H/PLR,ARM225LA
84913476,969789283,TUCKER GMBH,RETAINER,ARM225LA
84913477,969789283,NEDSCHROEF PLETTENBERG GMBH,HEXAGON NUT ON2,ARM225LA
84225775,969789283,NEDSCHROEF PLETTENBERG GMBH,NUT,ARM225LA
84225776,969789283,NEDSCHROEF PLETTENBERG GMBH,NUT,ARM225LA
84225777,969789283,NEDSCHROEF PLETTENBERG GMBH,NUT-HEX FLANGE,ARM225LA
84225778,969789283,NEDSCHROEF PLETTENBERG GMBH,PROTECTOR ASM-L,ARM225LA
84225781,969789283,ZF FRIEDRICHSHAFEN AG,MODULE ASM-RR D,ARM225LA
84225782,969789283,HDT VERITAS HESSEN GMBH,PIPE ASM-EGR,ARM225LA
84379367,969789283,BLAU KUNSTSTOFFTECHNIK GMBH,CAP-EMIS RDCN F,ARM225LA
84379368,969789283,MAGNA ELECTRONICS SWEDEN AB,MODULE ASM-NIGH,ARM225LA
84693615,969789283,MANN + HUMMEL (CZ) VOS,FILTER ASM-FUEL,ARM225LA
84693616,969789283,LITTELFUSE LT UAB,SENSOR ASM-SUN,ARM225LA
84762898,969789283,BWI POLAND TECHNOLOGIES SP ZOO,MODULE ASM-ELEK,ARM225LA
84854258,969789283,AUMOVIO AUTOMOTIVE PARTS SUZHOU CO,MODULE ASM-RDO,ARM225LA
84854259,969789283,NANTONG TONGRUN AUTO ACESSORY CO LT,SOCKET-JK/WHL W,ARM225LA
84913474,969789283,NANTONG TONGRUN AUTO ACESSORY CO LT,BAG-TOOL STOW,ARM225LA
85803081,969789283,WUUSHIANG AUTOMOTIVE (TAICANG) CO,TRAY ASM-BAT AU,ARM225LA
84472003,000202272,AUMOVIO AUTOMOTIVE CHANGCHUN CO LTD,MODULE ASM-HDLP,ARM225LBA
84472005,000202272,WEIHAI BETHEL AUTOMOTIVE SAFETY SYS,KNUCKLE-STRG,ARM225LBA
84472007,000202272,WEIHAI BETHEL AUTOMOTIVE SAFETY SYS,KNUCKLE-STRG,ARM225LBA
84535749,000202272,VODAFONE AUTOMOTIVE SPA,ALARM ASM-CONTE,ARM225LBA
84535750,000202272,ALUDEC COMPONENTES SL,PLATE ASM,ARM225LBA
84535753,000202272,ALUDEC SA,PLATE ASM-FRT S,ARM225LBA
84535754,000202272,MUBEA SPOL SRO,TENSIONER,ARM225LBA
84535757,000202272,MUBEA SPOL SRO,PULLEY ASM-BELT,ARM225LBA
84535758,000202272,NORMA CZECH SRO,CLAMP-EMIS RDCN,ARM225LBA
84591667,000202272,SHANGHAI HUA WEI AUTOMOTIVE PARTS,DOOR-F/FLR CNSL,ARM225LBA
84591669,000202272,SHANGHAI HUA WEI AUTOMOTIVE PARTS,DOOR-F/FLR CNSL,ARM225LBA
84591671,000202272,SHANGHAI HUA WEI AUTOMOTIVE PARTS,DOOR ASM-F/FLR,ARM225LBA
84591673,000202272,SHANGHAI HUA WEI AUTOMOTIVE PARTS,DOOR ASM-F/FLR,ARM225LBA
84591675,000202272,SHANGHAI HUA WEI AUTOMOTIVE PARTS,APPLIQUE ASM-I/,ARM225LBA
84591677,000202272,SHANGHAI HUA WEI AUTOMOTIVE PARTS,APPLIQUE ASM-I/,ARM225LBA
84266466,000202272,SHANGHAI HUA WEI AUTOMOTIVE PARTS,PLATE-I/P TR,ARM225LBA
84266468,000202272,SHANGHAI HUA WEI AUTOMOTIVE PARTS,APPLIQUE ASM-I/,ARM225LBA
84266470,000202272,SHANGHAI HUA WEI AUTOMOTIVE PARTS,APPLIQUE ASM-I/,ARM225LBA
84535747,000202272,SHANGHAI HUA WEI AUTOMOTIVE PARTS,APPLIQUE ASM-I/,ARM225LBA
84535748,000202272,SHANGHAI HUA WEI AUTOMOTIVE PARTS,BEZEL-I/P ACSRY,ARM225LBA
84535751,000202272,SHANGHAI HUA WEI AUTOMOTIVE PARTS,APPLIQUE-I/P LW,ARM225LBA
84535752,000202272,SHANGHAI HUA WEI AUTOMOTIVE PARTS,PLATE ASM-R/FLR,ARM225LBA
84535755,000202272,SHANGHAI HUA WEI AUTOMOTIVE PARTS,PLATE ASM-F/FLR,ARM225LBA
84535756,000202272,SHANGHAI HUA WEI AUTOMOTIVE PARTS,PLATE ASM-F/FLR,ARM225LBA
84705050,000202272,SHANGHAI HUA WEI AUTOMOTIVE PARTS,APPLIQUE ASM-I/,ARM225LBA
84705051,000202272,SHANGHAI HUA WEI AUTOMOTIVE PARTS,APPLIQUE ASM-I/,ARM225LBA
84705052,000202272,PREMIUM SOUND SOLUTIONS SDN BHD,SPEAKER ASM-RDO,ARM225LBA
84739897,000202272,XUANCHENG TOP SUN SURFACE TECHNOLOG,PLATE-F/FLR CNS,ARM225LBA
84739898,000202272,XUANCHENG TOP SUN SURFACE TECHNOLOG,BEZEL-F/FLR CNS,ARM225LBA
84739899,000202272,LS AUTOMOTIVE TECHNOLOGIES WUXI COR,SWITCH ASM,ARM225LBA
84874912,000202272,LS AUTOMOTIVE TECHNOLOGIES WUXI COR,SWITCH ASM-ENG,ARM225LBA
84874913,000202272,LS AUTOMOTIVE TECHNOLOGIES WUXI COR,SWITCH ASM-ENG,ARM225LBA
84874914,000202272,LS AUTOMOTIVE TECHNOLOGIES WUXI COR,SWITCH ASM-BEVE,ARM225LBA
84874916,000202272,LS AUTOMOTIVE TECHNOLOGIES WUXI COR,SWITCH ASM-BEVE,ARM225LBA
85842654,969789283,LS AUTOMOTIVE TECHNOLOGIES WUXI COR,SWITCH ASM-RIDE,ARM225LBA
85842655,969789283,LS AUTOMOTIVE TECHNOLOGIES WUXI COR,SWITCH ASM-RIDE,ARM225LBA
85842656,969789283,LS AUTOMOTIVE TECHNOLOGIES WUXI COR,SWITCH ASM-RIDE,ARM225LBA
85842657,969789283,LS AUTOMOTIVE TECHNOLOGIES WUXI COR,SWITCH ASM-RIDE,ARM225LBA
23389705,969789283,LS AUTOMOTIVE TECHNOLOGIES WUXI COR,SWITCH ASM-RIDE,ARM225LBA
84268041,969789283,SHANGHAI DAIMAY AUTOMOTIVE INTERIOR,RETAINER-S/S,ARM225LBA
84506288,969789283,SHANGHAI DAIMAY AUTOMOTIVE INTERIOR,RETAINER-S/S,ARM225LBA
84607818,969789283,SHANGHAI DAIMAY AUTOMOTIVE INTERIOR,SUPPORT-S/S,ARM225LBA
84607819,969789283,SHANGHAI DAIMAY AUTOMOTIVE INTERIOR,SUPPORT-S/S,ARM225LBA
84607820,969789283,SHANGHAI DAIMAY AUTOMOTIVE INTERIOR,COVER-S/S RET B,ARM225LBA
84607821,969789283,SHANGHAI DAIMAY AUTOMOTIVE INTERIOR,COVER-S/S RET B,ARM225LBA
84607822,969789283,SHANGHAI DAIMAY AUTOMOTIVE INTERIOR,COVER-S/S RET B,ARM225LBA
84607823,969789283,SHANGHAI DAIMAY AUTOMOTIVE INTERIOR,COVER-S/S RET B,ARM225LBA
84718832,969789283,SHANGHAI DAIMAY AUTOMOTIVE INTERIOR,SUPPORT-S/S,ARM225LBA
84718833,969789283,SHANGHAI DAIMAY AUTOMOTIVE INTERIOR,COVER-S/S RET B,ARM225LBA
84762897,969789283,SHANGHAI DAIMAY AUTOMOTIVE INTERIOR,COVER-S/S RET B,ARM225LBA
84774801,969789283,SHANGHAI DAIMAY AUTOMOTIVE INTERIOR,SUPPORT-S/S,ARM225LBA
84774802,969789283,SHANGHAI DAIMAY AUTOMOTIVE INTERIOR,SUPPORT-S/S,ARM225LBA
84774805,969789283,SHANGHAI DAIMAY AUTOMOTIVE INTERIOR,COVER-S/S RET B,ARM225LBA
84774807,969789283,SHANGHAI DAIMAY AUTOMOTIVE INTERIOR,COVER-S/S RET B,ARM225LBA
84774808,969789283,SHANGHAI DAIMAY AUTOMOTIVE INTERIOR,SUPPORT-S/S,ARM225LBA
84774809,969789283,L&C CHANGSHA CABLE INDUSTRIES LTD,CABLE ASM-HOOD,ARM225LBA
84774811,969789283,L&C CHANGSHA CABLE INDUSTRIES LTD,CABLE ASM-HOOD,ARM225LBA
84774813,969789283,L&C CHANGSHA CABLE INDUSTRIES LTD,CABLE ASM-HOOD,ARM225LBA
84774814,969789283,NINGBO JOYSONQUIN AUTOMOTIVE SYSTEM,OUTLET ASM-I/P,ARM225LBA
84774815,969789283,NINGBO JOYSONQUIN AUTOMOTIVE SYSTEM,OUTLET ASM-I/P,ARM225LBA
84774817,969789283,NINGBO JOYSONQUIN AUTOMOTIVE SYSTEM,OUTLET ASM-I/P,ARM225LBA
84774819,969789283,NINGBO JOYSONQUIN AUTOMOTIVE SYSTEM,OUTLET ASM-I/P,ARM225LBA
84774820,969789283,NINGBO JOYSONQUIN AUTOMOTIVE SYSTEM,OUTLET ASM-I/P,ARM225LBA
84774825,969789283,NINGBO JOYSONQUIN AUTOMOTIVE SYSTEM,OUTLET ASM-I/P,ARM225LBA
84774826,969789283,NINGBO JOYSONQUIN AUTOMOTIVE SYSTEM,OUTLET ASM-I/P,ARM225LBA
84774827,969789283,NINGBO JOYSONQUIN AUTOMOTIVE SYSTEM,OUTLET ASM-I/P,ARM225LBA
84774829,969789283,NINGBO JOYSONQUIN AUTOMOTIVE SYSTEM,OUTLET ASM-I/P,ARM225LBA
84774831,969789283,NINGBO JOYSONQUIN AUTOMOTIVE SYSTEM,OUTLET ASM-I/P,ARM225LBA
84774832,969789283,NINGBO JOYSONQUIN AUTOMOTIVE SYSTEM,OUTLET ASM-I/P,ARM225LBA
84774834,969789283,NINGBO JOYSONQUIN AUTOMOTIVE SYSTEM,OUTLET ASM-I/P,ARM225LBA
84774836,969789283,NINGBO JOYSONQUIN AUTOMOTIVE SYSTEM,OUTLET ASM-I/P,ARM225LBA
84778927,969789283,NINGBO JOYSONQUIN AUTOMOTIVE SYSTEM,OUTLET ASM-I/P,ARM225LBA
84778928,969789283,NINGBO JOYSONQUIN AUTOMOTIVE SYSTEM,OUTLET ASM-I/P,ARM225LBA
84778929,969789283,NINGBO JOYSONQUIN AUTOMOTIVE SYSTEM,OUTLET ASM-I/P,ARM225LBA
84778931,969789283,NINGBO JOYSONQUIN AUTOMOTIVE SYSTEM,OUTLET ASM-I/P,ARM225LBA
84778933,969789283,NINGBO JOYSONQUIN AUTOMOTIVE SYSTEM,OUTLET ASM-I/P,ARM225LBA
84778934,969789283,SRG GLOBAL (SUZHOU) CO LTD,PLATE ASM-E/GAT,ARM225LBA
84778935,969789283,SHANGHAI YANFENG JINQIAO AUTOMOTIVE,GRILLE ASM-RDO,ARM225LBA
84778937,969789283,NINGBO JOYSON TECHNOLOGY CO LTD,HANDLE ASM-R/RL,ARM225LBA
84835804,969789283,NINGBO JOYSON TECHNOLOGY CO LTD,HANDLE ASM-R/RL,ARM225LBA
84839551,969789283,NINGBO JOYSON TECHNOLOGY CO LTD,HANDLE ASM-R/RL,ARM225LBA
84839552,969789283,NINGBO JOYSON TECHNOLOGY CO LTD,HANDLE ASM-R/RL,ARM225LBA
84856698,969789283,NINGBO JOYSON TECHNOLOGY CO LTD,HOOK ASM-COAT,ARM225LBA
84856699,969789283,NINGBO JOYSON TECHNOLOGY CO LTD,HOOK ASM-COAT,ARM225LBA
84856700,969789283,NINGBO JOYSON TECHNOLOGY CO LTD,HOOK ASM-COAT,ARM225LBA
84856701,969789283,NINGBO JOYSON TECHNOLOGY CO LTD,HOOK ASM-COAT,ARM225LBA
84868125,969789283,NINGBO JOYSON TECHNOLOGY CO LTD,HOOK ASM-COAT,ARM225LBA
84868126,969789283,NINGBO JOYSON TECHNOLOGY CO LTD,HOOK ASM-COAT,ARM225LBA
84901511,969789283,GUANGZHOU JINZHONG AUTO PARTS MFG,CAP-WHL TR,ARM225LBA
84901512,969789283,GUANGZHOU JINZHONG AUTO PARTS MFG,CAP ASM-FRT & R,ARM225LBA
84901515,969789283,GUANGZHOU JINZHONG AUTO PARTS MFG,CAP,ARM225LBA
84901517,969789283,GUANGZHOU JINZHONG AUTO PARTS MFG,CAP ASM-FRT & R,ARM225LBA
84901518,969789283,GUANGZHOU JINZHONG AUTO PARTS MFG,CAP ASM-FRT & R,ARM225LBA
84901519,969789283,SHANGHAI TIANMA MICRO-ELECTRONICS C,CONTROL ASM-HTR,ARM225LBA
84901521,969789283,SHANGHAI TIANMA MICRO-ELECTRONICS C,CONTROL ASM-HTR,ARM225LBA
84901523,969789283,HUIZHOU KEEN POINT PRECISION PLASTI,APPLIQUE ASM-I/,ARM225LBA
84901524,969789283,HUIZHOU KEEN POINT PRECISION PLASTI,MOLDING-TR ACNT,ARM225LBA
84901525,969789283,HUIZHOU KEEN POINT PRECISION PLASTI,PLATE ASM-R/FLR,ARM225LBA
84901527,969789283,HEBI THB INTERNATIONAL ELECTRIC CO,CORD ASM-ENG CO,ARM225LBA
84920560,969789283,HEBI THB INTERNATIONAL ELECTRIC CO,CORD ASM-ENG CO,ARM225LBA
85594225,969789283,HEBI THB INTERNATIONAL ELECTRIC CO,CORD ASM-ENG CO,ARM225LBA
85594226,969789283,AMPHENOL AIRWAVE (HAIYAN),AMPLIFIER ASM-R,ARM225LBA
85655389,969789283,AMPHENOL AIRWAVE (HAIYAN),AMPLIFIER ASM-R,ARM225LBA
85655390,969789283,LG ELECTRONICS VIETNAM HAI PHONG CO,MODULE ASM-AUDI,ARM225LBA
86379642,969789283,LG ELECTRONICS VIETNAM HAI PHONG CO,MODULE ASM-AUDI,ARM225LBA
86379643,969789283,LG ELECTRONICS VIETNAM HAI PHONG CO,MODULE ASM-AUDI,ARM225LBA
86409462,969789283,SAMJIN AMERICA CORP,W/LUG=NUT,ARM225LBA
86409463,969789283,SAMJIN AMERICA CORP,NUT,ARM225LBA
87834415,969789283,SAMJIN AMERICA CORP,NUT,ARM225LBA
84856835,969789283,SAMJIN AMERICA CORP,NUT,ARM225LC
84856836,969789283,WITTE AUTOMOTIVE BULGARIA EOOD,LATCH ASM-L/GAT,ARM225LC
84856837,969789283,KIEKERT DE MEXICO SA DE CV,LATCH ASM-L/GAT,ARM225LC
84856838,969789283,AUMOVIO MEXICO S DE RL DE CV,HARNESS ASM-FRT,ARM225LC
84966164,969789283,AUMOVIO MEXICO S DE RL DE CV,HARNESS ASM-FRT,ARM225LC
84966165,969789283,AUMOVIO MEXICO S DE RL DE CV,HARNESS ASM-FRT,ARM225LC
84966166,969789283,AUMOVIO MEXICO S DE RL DE CV,HARNESS ASM-FRT,ARM225LC
84966167,969789283,AUMOVIO MEXICO S DE RL DE CV,HARNESS ASM-FRT,ARM225LC
84966168,969789283,AUMOVIO MEXICO S DE RL DE CV,HARNESS ASM-FRT,ARM225LC
84966169,969789283,MARTINREA DEVELOPMENTS DE,REINFORCEMENT A,ARM225LC
84966170,969789283,MARTINREA DEVELOPMENTS DE,REINFORCEMENT A,ARM225LC
84966171,969789283,INTEVA PRODUCTS DE MEXICO,CARRIER ASM-I/P,ARM225LC
85799724,969789283,INTEVA PRODUCTS DE MEXICO,PANEL ASM-I/P U,ARM225LC
85799725,969789283,INTEVA PRODUCTS DE MEXICO,PANEL ASM-I/P U,ARM225LC
85799726,969789283,INTEVA PRODUCTS DE MEXICO,PANEL ASM-I/P U,ARM225LC
85799727,969789283,INTEVA PRODUCTS DE MEXICO,PANEL ASM-I/P U,ARM225LC
85799728,969789283,INTEVA PRODUCTS DE MEXICO,PANEL ASM-I/P U,ARM225LC
85799729,969789283,INTEVA PRODUCTS DE MEXICO,EXTENSION ASM-I,ARM225LC
85799730,969789283,INTEVA PRODUCTS DE MEXICO,COMPARTMENT ASM,ARM225LC
85799731,969789283,INTEVA PRODUCTS DE MEXICO,COMPARTMENT ASM,ARM225LC
85799732,969789283,INTEVA PRODUCTS DE MEXICO,COMPARTMENT ASM,ARM225LC
85799733,969789283,INTEVA PRODUCTS DE MEXICO,COMPARTMENT ASM,ARM225LC
85799734,969789283,INTEVA PRODUCTS DE MEXICO,COMPARTMENT ASM,ARM225LC
85799735,969789283,INTEVA PRODUCTS DE MEXICO,PANEL ASM-I/P U,ARM225LC
85799736,969789283,INTEVA PRODUCTS DE MEXICO,CARRIER ASM-I/P,ARM225LC
85799737,969789283,INTEVA PRODUCTS DE MEXICO,HOOD ASM-I/P IN,ARM225LC
85799738,969789283,INTEVA PRODUCTS DE MEXICO,HOOD ASM-I/P IN,ARM225LC
85799739,969789283,INTEVA PRODUCTS DE MEXICO,HOOD ASM-I/P IN,ARM225LC
85577237,110362582,INTEVA PRODUCTS DE MEXICO,HOOD ASM-I/P IN,ARM230L
85577239,110362582,INTEVA PRODUCTS DE MEXICO,COMPARTMENT ASM,ARM230L
84945404,110362582,INTEVA PRODUCTS DE MEXICO,PANEL ASM-I/P U,ARM230L
85611496,110362582,INTEVA PRODUCTS DE MEXICO,PANEL ASM-I/P U,ARM230L
85611497,110362582,INTEVA PRODUCTS DE MEXICO,PANEL ASM-I/P U,ARM230L
86779728,110362582,INTEVA PRODUCTS DE MEXICO,PANEL ASM-I/P U,ARM230L
85865359,620896436,INTEVA PRODUCTS DE MEXICO,PANEL ASM-I/P U,ARM232L
85871356,620896436,INTEVA PRODUCTS DE MEXICO,PANEL ASM-I/P U,ARM232L
85871365,620896436,INTEVA PRODUCTS DE MEXICO,PANEL ASM-I/P U,ARM232L
86298287,620896436,INTEVA PRODUCTS DE MEXICO,PANEL ASM-I/P U,ARM232L
86298289,620896436,INTEVA PRODUCTS DE MEXICO,PANEL ASM-I/P U,ARM232L
86298290,620896436,INTEVA PRODUCTS DE MEXICO,PANEL ASM-I/P U,ARM232L
86298291,620896436,INTEVA PRODUCTS DE MEXICO,PANEL ASM-I/P U,ARM232L
86298292,620896436,INTEVA PRODUCTS DE MEXICO,COMPARTMENT ASM,ARM232L
86343525,620896436,INTEVA PRODUCTS DE MEXICO,COMPARTMENT ASM,ARM232L
86345647,620896436,INTEVA PRODUCTS DE MEXICO,COMPARTMENT ASM,ARM232L
86345648,620896436,INTEVA PRODUCTS DE MEXICO,COMPARTMENT ASM,ARM232L
86345649,620896436,INTEVA PRODUCTS DE MEXICO,COMPARTMENT ASM,ARM232L
86345651,620896436,INTEVA PRODUCTS DE MEXICO,COMPARTMENT ASM,ARM232L
86345653,620896436,INTEVA PRODUCTS DE MEXICO,COMPARTMENT ASM,ARM232L
86345656,620896436,INTEVA PRODUCTS DE MEXICO,EXTENSION ASM-I,ARM232L
86357178,620896436,INTEVA PRODUCTS DE MEXICO,EXTENSION ASM-I,ARM232L
86360050,620896436,INTEVA PRODUCTS DE MEXICO,EXTENSION ASM-I,ARM232L
86360051,620896436,ALLIANCE INTERIORS LLC,INSULATOR-RR W/,ARM232L
86360053,620896436,ALLIANCE INTERIORS LLC,INSULATOR-RR W/,ARM232L
86360054,620896436,ALLIANCE INTERIORS LLC,INSULATOR-RR W/,ARM232L
86363659,620896436,ALLIANCE INTERIORS LLC,INSULATOR-RR W/,ARM232L
86363660,620896436,HELLERMANNTYTON CORP,STRAP,ARM232L
86366743,620896436,HELLERMANNTYTON CORP,CLIP-WRG HARN,ARM232L
86366746,620896436,CYPRIUM LLC,HARNESS PK,ARM232L
86410690,620896436,CYPRIUM LLC,COVER-F/CMPT FU,ARM232L
86410691,620896436,CYPRIUM LLC,HARNESS ASM-F/T,ARM232L
86410692,620896436,CYPRIUM LLC,BLOCK ASM-BAT D,ARM232L
86410693,620896436,CYPRIUM LLC,BLOCK ASM-BAT D,ARM232L
86410695,620896436,CYPRIUM LLC,BLOCK ASM-BAT D,ARM232L
86410696,620896436,CYPRIUM LLC,BLOCK ASM-I/P W,ARM232L
86459091,620896436,CYPRIUM LLC,BLOCK ASM-BODY,ARM232L
86459092,620896436,CYPRIUM LLC,HARNESS AS,ARM232L
86459094,620896436,CYPRIUM LLC,HARNESS AS,ARM232L
84979531,620896436,CYPRIUM LLC,HARNESS AS,ARM232L
84979532,620896436,CYPRIUM LLC,HARNESS ASM-FRT,ARM232L
85143443,620896436,CYPRIUM LLC,HARNESS ASM-FRT,ARM232L
85143445,620896436,CYPRIUM LLC,HARNESS ASM-FRT,ARM232L
85143447,620896436,CYPRIUM LLC,HARNESS ASM-FRT,ARM232L
85143449,620896436,CYPRIUM LLC,HARNESS ASM-FRT,ARM232L
86784310,620896436,CYPRIUM LLC,HARNESS ASM-FRT,ARM232L
86784311,620896436,CYPRIUM LLC,HARNESS ASM-FRT,ARM232L
87848630,620896436,CYPRIUM LLC,HARNESS ASM-FRT,ARM232L
87848631,620896436,CYPRIUM LLC,HARNESS ASM-FRT,ARM232L
87848632,620896436,CYPRIUM LLC,HARNESS ASM-FRT,ARM232L
87848633,620896436,CYPRIUM LLC,HARNESS ASM-FRT,ARM232L
87848662,620896436,CYPRIUM LLC,HARNESS ASM-FRT,ARM232L
87848663,620896436,CYPRIUM LLC,HARNESS ASM-FRT,ARM232L
87850367,620896436,CYPRIUM LLC,HARNESS ASM-FRT,ARM232L
87850368,620896436,CYPRIUM LLC,HARNESS ASM-F/F,ARM232L
86345643,620896436,CYPRIUM LLC,HARNESS ASM-F/F,ARM232L
86345645,620896436,CYPRIUM LLC,HARNESS ASM-F/F,ARM232L
86345652,620896436,CYPRIUM LLC,HARNESS ASM-F/F,ARM232L
86345654,620896436,CYPRIUM LLC,HARNESS ASM-F/F,ARM232L
86363657,620896436,CYPRIUM LLC,HARNESS ASM-F/F,ARM232L
86363658,620896436,CYPRIUM LLC,HARNESS ASM-F/F,ARM232L
86363662,620896436,CYPRIUM LLC,HARNESS ASM-F/F,ARM232L
86363663,620896436,CYPRIUM LLC,HARNESS ASM-F/F,ARM232L
86366744,620896436,CYPRIUM LLC,HARNESS ASM-F/F,ARM232L
86366745,620896436,CYPRIUM LLC,HARNESS ASM-F/F,ARM232L
86366748,620896436,CYPRIUM LLC,HARNESS ASM-F/F,ARM232L
85880228,119311968,CYPRIUM LLC,HARNESS ASM-F/F,ARM250LA
85795206,119311968,CYPRIUM LLC,HARNESS ASM-F/F,ARM250LA
85795207,119311968,CYPRIUM LLC,HARNESS ASM-F/F,ARM250LA
86593286,119311968,CYPRIUM LLC,HARNESS ASM-F/F,ARM250LA
86820514,119311968,CYPRIUM LLC,HARNESS ASM-F/F,ARM250LA
85692219,119311968,CYPRIUM LLC,HARNESS ASM-F/F,ARM250LA
85795209,119311968,CYPRIUM LLC,HARNESS ASM-F/F,ARM250LA
84817238,000289025,CYPRIUM LLC,HARNESS ASM-F/F,ARM260L
84871018,000289025,CYPRIUM LLC,HARNESS ASM-F/F,ARM260L
85090079,000289025,CYPRIUM LLC,HARNESS ASM-F/F,ARM260L
85090080,000289025,CYPRIUM LLC,HARNESS ASM-CHA,ARM260L
85732689,000289025,CYPRIUM LLC,HARNESS ASM-CHA,ARM260L
85847301,080924263,CYPRIUM LLC,HARNESS ASM-CHA,ARM260L
84272986,080924263,CYPRIUM LLC,HARNESS ASM-CHA,ARM260L
84272987,080924263,CYPRIUM LLC,HARNESS ASM-CHA,ARM260L
84272988,080924263,CYPRIUM LLC,HARNESS ASM-CHA,ARM260L
85541741,080924263,CYPRIUM LLC,HARNESS ASM-CHA,ARM260L
85746240,129617036,CYPRIUM LLC,HARNESS ASM-CHA,ARM270L
85746241,129617036,CYPRIUM LLC,HARNESS ASM-CHA,ARM270L
85777735,129617036,CYPRIUM LLC,HARNESS ASM-CHA,ARM270L
85777736,129617036,CYPRIUM LLC,HARNESS ASM-CHA,ARM270L
85784554,129617036,CYPRIUM LLC,HARNESS ASM-CHA,ARM270L
85784555,129617036,CYPRIUM LLC,HARNESS ASM-CHA,ARM270L
85873622,129617036,CYPRIUM LLC,HARNESS ASM-CHA,ARM270L
85873623,129617036,CYPRIUM LLC,HARNESS ASM-CHA,ARM270L
86449355,129617036,CYPRIUM LLC,HARNESS ASM-CHA,ARM270L
86449356,129617036,CYPRIUM LLC,HARNESS ASM-CHA,ARM270L
86450538,129617036,CYPRIUM LLC,HARNESS ASM-CHA,ARM270L
86450539,129617036,CYPRIUM LLC,HARNESS ASM-CHA,ARM270L
86793697,079753865,CYPRIUM LLC,HARNESS ASM-CHA,ARM300A
87825529,079753865,CYPRIUM LLC,HARNESS ASM-CHA,ARM300A
87825530,079753865,CYPRIUM LLC,HARNESS ASM-CHA,ARM300A
85746083,966669645,CYPRIUM LLC,HARNESS ASM-CHA,ARM310LB
85746084,966669645,CYPRIUM LLC,HARNESS ASM-CHA,ARM310LB
85746085,966669645,CYPRIUM LLC,HARNESS ASM-CHA,ARM310LB
84604742,000782569,CYPRIUM LLC,HARNESS ASM-CHA,ARM315VY
84726383,000782569,CYPRIUM LLC,HARNESS ASM-CHA,ARM315VY
87848888,000782569,CYPRIUM LLC,HARNESS ASM-CHA,ARM315VY
86797262,808141266,CYPRIUM LLC,HARNESS ASM-CHA,ARM320A
87823228,808141266,CYPRIUM LLC,HARNESS ASM-CHA,ARM320F
87823229,808141266,CYPRIUM LLC,HARNESS ASM-CHA,ARM320F
84664454,808141266,CYPRIUM LLC,HARNESS ASM-CHA,ARM320L
84664455,808141266,CYPRIUM LLC,HARNESS ASM-CHA,ARM320L
84977700,808141266,CYPRIUM LLC,HARNESS ASM-CHA,ARM320L
84977702,808141266,CYPRIUM LLC,HARNESS ASM-CHA,ARM320L
85849268,839434800,CYPRIUM LLC,HARNESS ASM-CHA,ARM350LA
85849269,839434800,CYPRIUM LLC,HARNESS ASM-CHA,ARM350LA
85849270,839434800,CYPRIUM LLC,HARNESS ASM-CHA,ARM350LA
85849271,839434800,CYPRIUM LLC,HARNESS ASM-CHA,ARM350LA
85849272,839434800,CYPRIUM LLC,HARNESS ASM-CHA,ARM350LA
85849273,839434800,CYPRIUM LLC,HARNESS ASM-CHA,ARM350LA
85849274,839434800,CYPRIUM LLC,HARNESS ASM-CHA,ARM350LA
85849275,839434800,CYPRIUM LLC,HARNESS ASM-CHA,ARM350LA
85849276,839434800,CYPRIUM LLC,HARNESS ASM-CHA,ARM350LA
85849277,839434800,CYPRIUM LLC,HARNESS ASM-CHA,ARM350LA
85849278,839434800,CYPRIUM LLC,HARNESS ASM-CHA,ARM350LA
85849279,839434800,CYPRIUM LLC,HARNESS ASM-CHA,ARM350LA
85849280,839434800,CYPRIUM LLC,HARNESS ASM-CHA,ARM350LA
85849281,839434800,CYPRIUM LLC,HARNESS ASM-CHA,ARM350LA
85849282,839434800,CYPRIUM LLC,HARNESS ASM-CHA,ARM350LA
85849283,839434800,CYPRIUM LLC,HARNESS ASM-CHA,ARM350LA
85849284,839434800,CYPRIUM LLC,HARNESS ASM-CHA,ARM350LA
85849285,839434800,CYPRIUM LLC,HARNESS ASM-CHA,ARM350LA
85849356,839434800,CYPRIUM LLC,HARNESS ASM-CHA,ARM350LA
85849357,839434800,CYPRIUM LLC,HARNESS ASM-CHA,ARM350LA
85849358,839434800,CYPRIUM LLC,HARNESS ASM-CHA,ARM350LA
85849359,839434800,CYPRIUM LLC,HARNESS ASM-CHA,ARM350LA
85849360,839434800,CYPRIUM LLC,HARNESS ASM-CHA,ARM350LA
85849361,839434800,CYPRIUM LLC,HARNESS ASM-CHA,ARM350LA
85849362,839434800,CYPRIUM LLC,HARNESS ASM-CHA,ARM350LA
85849363,839434800,CYPRIUM LLC,HARNESS ASM-CHA,ARM350LA
85849364,839434800,CYPRIUM LLC,HARNESS ASM-CHA,ARM350LA
85849365,839434800,CYPRIUM LLC,HARNESS ASM-CHA,ARM350LA
85849367,839434800,CYPRIUM LLC,HARNESS ASM-CHA,ARM350LA
85849368,839434800,CYPRIUM LLC,HARNESS ASM-CHA,ARM350LA
85849369,839434800,CYPRIUM LLC,HARNESS ASM-CHA,ARM350LA
85849370,839434800,CYPRIUM LLC,HARNESS ASM-CHA,ARM350LA
85849371,839434800,CYPRIUM LLC,HARNESS ASM-CHA,ARM350LA
85849372,839434800,CYPRIUM LLC,HARNESS ASM-CHA,ARM350LA
86292317,839434800,CYPRIUM LLC,HARNESS ASM-CHA,ARM350LA
86292318,839434800,CYPRIUM LLC,HARNESS ASM-CHA,ARM350LA
86292319,839434800,CYPRIUM LLC,HARNESS ASM-CHA,ARM350LA
86292320,839434800,CYPRIUM LLC,HARNESS ASM-CHA,ARM350LA
86292321,839434800,CYPRIUM LLC,HARNESS ASM-CHA,ARM350LA
86292324,839434800,CYPRIUM LLC,HARNESS ASM-CHA,ARM350LA
86292325,839434800,CYPRIUM LLC,HARNESS ASM-CHA,ARM350LA
86292326,839434800,CYPRIUM LLC,HARNESS ASM-CHA,ARM350LA
86292327,839434800,CYPRIUM LLC,HARNESS ASM-CHA,ARM350LA
86292328,839434800,CYPRIUM LLC,HARNESS ASM-CHA,ARM350LA
86292330,839434800,CYPRIUM LLC,HARNESS ASM-CHA,ARM350LA
86292331,839434800,CYPRIUM LLC,HARNESS ASM-ENG,ARM350LA
86292332,839434800,CYPRIUM LLC,HARNESS ASM-ENG,ARM350LA
86292344,839434800,CYPRIUM LLC,HARNESS ASM-ENG,ARM350LA
86292345,839434800,CYPRIUM LLC,HARNESS ASM-ENG,ARM350LA
86292346,839434800,CYPRIUM LLC,HARNESS ASM-ENG,ARM350LA
86350283,839434800,CYPRIUM LLC,HARNESS ASM-ENG,ARM350LA
86350284,839434800,CYPRIUM LLC,HARNESS ASM-ENG,ARM350LA
86350285,839434800,CYPRIUM LLC,HARNESS ASM-BOD,ARM350LA
86350286,839434800,CYPRIUM LLC,HARNESS ASM-BOD,ARM350LA
86350287,839434800,CYPRIUM LLC,HARNESS ASM-BOD,ARM350LA
86350288,839434800,CYPRIUM LLC,HARNESS ASM-BOD,ARM350LA
86350289,839434800,CYPRIUM LLC,HARNESS ASM-BOD,ARM350LA
86350290,839434800,CYPRIUM LLC,HARNESS ASM-BOD,ARM350LA
86350291,839434800,CYPRIUM LLC,HARNESS ASM-BOD,ARM350LA
86350292,839434800,CYPRIUM LLC,HARNESS ASM-BOD,ARM350LA
86350293,839434800,CYPRIUM LLC,HARNESS ASM-BOD,ARM350LA
86350294,839434800,CYPRIUM LLC,HARNESS ASM-BOD,ARM350LA
86350295,839434800,CYPRIUM LLC,HARNESS ASM-BOD,ARM350LA
86350296,839434800,CYPRIUM LLC,HARNESS ASM-BOD,ARM350LA
86350297,839434800,CYPRIUM LLC,HARNESS ASM-BOD,ARM350LA
86350298,839434800,CYPRIUM LLC,HARNESS ASM-BOD,ARM350LA
86350299,839434800,CYPRIUM LLC,HARNESS ASM-BOD,ARM350LA
86350300,839434800,CYPRIUM LLC,HARNESS ASM-BOD,ARM350LA
86350301,839434800,CYPRIUM LLC,HARNESS ASM-BOD,ARM350LA
86350302,839434800,CYPRIUM LLC,HARNESS ASM-BOD,ARM350LA
86350304,839434800,CYPRIUM LLC,HARNESS ASM-BOD,ARM350LA
86350305,839434800,CYPRIUM LLC,HARNESS ASM-BOD,ARM350LA
86350306,839434800,CYPRIUM LLC,HARNESS ASM-BOD,ARM350LA
86350307,839434800,CYPRIUM LLC,HARNESS ASM-BOD,ARM350LA
86350308,839434800,CYPRIUM LLC,HARNESS ASM-BOD,ARM350LA
86350311,839434800,CYPRIUM LLC,HARNESS ASM-BOD,ARM350LA
86350312,839434800,CYPRIUM LLC,HARNESS ASM-BOD,ARM350LA
86350313,839434800,CYPRIUM LLC,HARNESS ASM-BOD,ARM350LA
86350314,839434800,CYPRIUM LLC,HARNESS ASM-BOD,ARM350LA
86350315,839434800,CYPRIUM LLC,HARNESS ASM-BOD,ARM350LA
86350316,839434800,CYPRIUM LLC,HARNESS ASM-BOD,ARM350LA
86405612,839434800,CYPRIUM LLC,HARNESS ASM-BOD,ARM350LA
86405613,839434800,CYPRIUM LLC,HARNESS ASM-BOD,ARM350LA
86405614,839434800,CYPRIUM LLC,HARNESS ASM-BOD,ARM350LA
86405615,839434800,CYPRIUM LLC,HARNESS ASM-BOD,ARM350LA
86405616,839434800,CYPRIUM LLC,HARNESS ASM-BOD,ARM350LA
86405617,839434800,CYPRIUM LLC,HARNESS ASM-BOD,ARM350LA
86405619,839434800,CYPRIUM LLC,HARNESS ASM-BOD,ARM350LA
86405620,839434800,CYPRIUM LLC,HARNESS ASM-BOD,ARM350LA
86405621,839434800,CYPRIUM LLC,HARNESS ASM-BOD,ARM350LA
86405622,839434800,CYPRIUM LLC,HARNESS ASM-BOD,ARM350LA
86405623,839434800,CYPRIUM LLC,HARNESS ASM-BOD,ARM350LA
86405624,839434800,CYPRIUM LLC,HARNESS ASM-BOD,ARM350LA
86405625,839434800,CYPRIUM LLC,HARNESS ASM-BOD,ARM350LA
86405626,839434800,CYPRIUM LLC,HARNESS ASM-BOD,ARM350LA
86405627,839434800,CYPRIUM LLC,HARNESS ASM-BOD,ARM350LA
86405628,839434800,CYPRIUM LLC,HARNESS ASM-BOD,ARM350LA
86405629,839434800,CYPRIUM LLC,HARNESS ASM-BOD,ARM350LA
86405630,839434800,CYPRIUM LLC,HARNESS ASM-BOD,ARM350LA
86405633,839434800,CYPRIUM LLC,HARNESS ASM-BOD,ARM350LA
86405634,839434800,CYPRIUM LLC,HARNESS ASM-BOD,ARM350LA
86405635,839434800,CYPRIUM LLC,HARNESS ASM-BOD,ARM350LA
86405636,839434800,CYPRIUM LLC,HARNESS ASM-BOD,ARM350LA
86405637,839434800,CYPRIUM LLC,HARNESS ASM-BOD,ARM350LA
86405640,839434800,CYPRIUM LLC,HARNESS ASM-BOD,ARM350LA
86405641,839434800,CYPRIUM LLC,HARNESS ASM-BOD,ARM350LA
86405642,839434800,CYPRIUM LLC,HARNESS ASM-BOD,ARM350LA
86405643,839434800,CYPRIUM LLC,HARNESS ASM-BOD,ARM350LA
86405644,839434800,CYPRIUM LLC,HARNESS ASM-BOD,ARM350LA
86405645,839434800,CYPRIUM LLC,HARNESS ASM-BOD,ARM350LA
85849297,839434800,CYPRIUM LLC,HARNESS ASM-BOD,ARM350LA
85849376,839434800,CYPRIUM LLC,HARNESS ASM-BOD,ARM350LA
86292323,839434800,CYPRIUM LLC,HARNESS ASM-BOD,ARM350LA
86350303,839434800,CYPRIUM LLC,HARNESS ASM-BOD,ARM350LA
85560226,121584338,CYPRIUM LLC,HARNESS ASM-BOD,ARM400A
13561034,183117860,CYPRIUM LLC,HARNESS ASM-BOD,ARM420LA
13561046,183117860,CYPRIUM LLC,HARNESS ASM-BOD,ARM420LA
85063115,183117860,CYPRIUM LLC,HARNESS ASM-BOD,ARM420LA
85697035,608167276,CYPRIUM LLC,HARNESS ASM-BOD,ARM450VA
85697036,608167276,CYPRIUM LLC,HARNESS ASM-BOD,ARM450VA
85697037,608167276,CYPRIUM LLC,HARNESS ASM-BOD,ARM450VA
85697038,608167276,CYPRIUM LLC,HARNESS ASM-BOD,ARM450VA
85752870,081348326,CYPRIUM LLC,HARNESS ASM-BOD,ARM455V
86270044,081348326,CYPRIUM LLC,HARNESS ASM-BOD,ARM455V
86423640,081348326,CYPRIUM LLC,HARNESS ASM-BOD,ARM455V
86372102,966606340,CYPRIUM LLC,HARNESS ASM-BOD,ARM480A
86372103,966606340,CYPRIUM LLC,HARNESS ASM-BOD,ARM480A
86474099,966606340,CYPRIUM LLC,HARNESS ASM-BOD,ARM480A
86474100,966606340,CYPRIUM LLC,HARNESS ASM-BOD,ARM480A
86474101,966606340,CYPRIUM LLC,HARNESS ASM-BOD,ARM480A
85643862,966606340,CYPRIUM LLC,HARNESS ASM-BOD,ARM480A
85643863,966606340,CYPRIUM LLC,HARNESS ASM-BOD,ARM480A
85643864,966606340,CYPRIUM LLC,HARNESS ASM-BOD,ARM480A
85852306,607039732,CYPRIUM LLC,HARNESS ASM-BOD,ARM530LAY
85852330,607039732,CYPRIUM LLC,HARNESS ASM-I/P,ARM530LAY
85852332,607039732,CYPRIUM LLC,HARNESS ASM-I/P,ARM530LAY
86361197,607039732,CYPRIUM LLC,HARNESS ASM-I/P,ARM530LAY
86361199,607039732,CYPRIUM LLC,HARNESS ASM-I/P,ARM530LAY
86361200,607039732,CYPRIUM LLC,HARNESS ASM-I/P,ARM530LAY
86361201,607039732,CYPRIUM LLC,HARNESS ASM-I/P,ARM530LAY
86361202,607039732,CYPRIUM LLC,HARNESS ASM-I/P,ARM530LAY
86381595,607039732,CYPRIUM LLC,HARNESS ASM-I/P,ARM530LAY
86381596,607039732,CYPRIUM LLC,HARNESS ASM-I/P,ARM530LAY
86381597,607039732,CYPRIUM LLC,HARNESS ASM-I/P,ARM530LAY
86381598,607039732,CYPRIUM LLC,HARNESS ASM-I/P,ARM530LAY
86381599,607039732,CYPRIUM LLC,HARNESS ASM-I/P,ARM530LAY
86381600,607039732,CYPRIUM LLC,HARNESS ASM-I/P,ARM530LAY
86381601,607039732,CYPRIUM LLC,HARNESS ASM-I/P,ARM530LAY
86381603,607039732,CYPRIUM LLC,HARNESS ASM-I/P,ARM530LAY
86381604,607039732,CYPRIUM LLC,HARNESS ASM-I/P,ARM530LAY
86381605,607039732,CYPRIUM LLC,HARNESS ASM-I/P,ARM530LAY
86381606,607039732,CYPRIUM LLC,HARNESS ASM-I/P,ARM530LAY
86381607,607039732,CYPRIUM LLC,HARNESS ASM-I/P,ARM530LAY
86381608,607039732,CYPRIUM LLC,HARNESS ASM-I/P,ARM530LAY
86381609,607039732,CYPRIUM LLC,HARNESS ASM-I/P,ARM530LAY
86381610,607039732,CYPRIUM LLC,HARNESS ASM-I/P,ARM530LAY
86381613,607039732,CYPRIUM LLC,HARNESS ASM-I/P,ARM530LAY
86381614,607039732,CYPRIUM LLC,HARNESS ASM-I/P,ARM530LAY
86381615,607039732,CYPRIUM LLC,HARNESS ASM-I/P,ARM530LAY
86381616,607039732,CYPRIUM LLC,HARNESS ASM-I/P,ARM530LAY
86381617,607039732,CYPRIUM LLC,HARNESS ASM-I/P,ARM530LAY
86381618,607039732,CYPRIUM LLC,HARNESS ASM-I/P,ARM530LAY
86381619,607039732,CYPRIUM LLC,HARNESS ASM-I/P,ARM530LAY
86381621,607039732,CYPRIUM LLC,HARNESS ASM-I/P,ARM530LAY
86381622,607039732,CYPRIUM LLC,HARNESS ASM-I/P,ARM530LAY
86381623,607039732,CYPRIUM LLC,HARNESS ASM-I/P,ARM530LAY
86381624,607039732,CYPRIUM LLC,HARNESS ASM-I/P,ARM530LAY
86381625,607039732,CYPRIUM LLC,HARNESS ASM-I/P,ARM530LAY
86381626,607039732,CYPRIUM LLC,HARNESS ASM-I/P,ARM530LAY
86381627,607039732,CYPRIUM LLC,HARNESS ASM-I/P,ARM530LAY
86381628,607039732,CYPRIUM LLC,HARNESS ASM-I/P,ARM530LAY
86381629,607039732,CYPRIUM LLC,HARNESS ASM-I/P,ARM530LAY
86381631,607039732,CYPRIUM LLC,HARNESS ASM-I/P,ARM530LAY
86381632,607039732,CYPRIUM LLC,HARNESS ASM-I/P,ARM530LAY
86381633,607039732,CYPRIUM LLC,HARNESS ASM-I/P,ARM530LAY
86381634,607039732,CYPRIUM LLC,HARNESS ASM-I/P,ARM530LAY
86381635,607039732,CYPRIUM LLC,HARNESS ASM-I/P,ARM530LAY
86381636,607039732,CYPRIUM LLC,HARNESS ASM-I/P,ARM530LAY
86381637,607039732,CYPRIUM LLC,HARNESS ASM-I/P,ARM530LAY
86381638,607039732,CYPRIUM LLC,HARNESS ASM-I/P,ARM530LAY
86381639,607039732,CYPRIUM LLC,HARNESS ASM-I/P,ARM530LAY
86381640,607039732,CYPRIUM LLC,HARNESS ASM-I/P,ARM530LAY
86381641,607039732,CYPRIUM LLC,HARNESS ASM-I/P,ARM530LAY
86381643,607039732,CYPRIUM LLC,HARNESS ASM-I/P,ARM530LAY
86381645,607039732,CYPRIUM LLC,HARNESS ASM-I/P,ARM530LAY
86381647,607039732,CYPRIUM LLC,HARNESS ASM-I/P,ARM530LAY
86381648,607039732,CYPRIUM LLC,HARNESS ASM-I/P,ARM530LAY
86381649,607039732,CYPRIUM LLC,HARNESS ASM-I/P,ARM530LAY
86381650,607039732,CYPRIUM LLC,HARNESS ASM-I/P,ARM530LAY
86381651,607039732,CYPRIUM LLC,HARNESS ASM-I/P,ARM530LAY
86381652,607039732,CYPRIUM LLC,HARNESS ASM-I/P,ARM530LAY
86381653,607039732,CYPRIUM LLC,HARNESS ASM-I/P,ARM530LAY
86381654,607039732,CYPRIUM LLC,HARNESS ASM-I/P,ARM530LAY
86381655,607039732,CYPRIUM LLC,HARNESS ASM-I/P,ARM530LAY
86381656,607039732,CYPRIUM LLC,HARNESS ASM-I/P,ARM530LAY
86381657,607039732,CYPRIUM LLC,HARNESS ASM-I/P,ARM530LAY
86381658,607039732,CYPRIUM LLC,HARNESS ASM-I/P,ARM530LAY
86381659,607039732,CYPRIUM LLC,HARNESS ASM-I/P,ARM530LAY
86381660,607039732,CYPRIUM LLC,HARNESS ASM-I/P,ARM530LAY
86381661,607039732,CYPRIUM LLC,HARNESS ASM-I/P,ARM530LAY
86381662,607039732,CYPRIUM LLC,HARNESS ASM-I/P,ARM530LAY
86381663,607039732,CYPRIUM LLC,HARNESS ASM-I/P,ARM530LAY
86381664,607039732,CYPRIUM LLC,HARNESS ASM-I/P,ARM530LAY
86381665,607039732,CYPRIUM LLC,HARNESS ASM-I/P,ARM530LAY
86381666,607039732,CYPRIUM LLC,HARNESS ASM-I/P,ARM530LAY
86381667,607039732,CYPRIUM LLC,HARNESS ASM-I/P,ARM530LAY
86381668,607039732,CYPRIUM LLC,HARNESS ASM-I/P,ARM530LAY
86381669,607039732,CYPRIUM LLC,HARNESS ASM-I/P,ARM530LAY
86381670,607039732,CYPRIUM LLC,HARNESS ASM-I/P,ARM530LAY
86381672,607039732,CYPRIUM LLC,HARNESS ASM-I/P,ARM530LAY
86381673,607039732,CYPRIUM LLC,HARNESS ASM-I/P,ARM530LAY
86381674,607039732,CYPRIUM LLC,HARNESS ASM-I/P,ARM530LAY
86381675,607039732,CYPRIUM LLC,HARNESS ASM-I/P,ARM530LAY
86381676,607039732,CYPRIUM LLC,HARNESS ASM-I/P,ARM530LAY
86381677,607039732,CYPRIUM LLC,HARNESS ASM-I/P,ARM530LAY
86381678,607039732,CYPRIUM LLC,HARNESS ASM-I/P,ARM530LAY
86381679,607039732,CYPRIUM LLC,HARNESS ASM-I/P,ARM530LAY
86381680,607039732,CYPRIUM LLC,HARNESS ASM-I/P,ARM530LAY
86381681,607039732,CYPRIUM LLC,HARNESS ASM-I/P,ARM530LAY
86387228,607039732,CYPRIUM LLC,HARNESS ASM-I/P,ARM530LAY
86387229,607039732,CYPRIUM LLC,HARNESS ASM-I/P,ARM530LAY
86406471,607039732,CYPRIUM LLC,HARNESS ASM-I/P,ARM530LAY
86406472,607039732,CYPRIUM LLC,HARNESS ASM-I/P,ARM530LAY
86406473,607039732,CYPRIUM LLC,HARNESS ASM-I/P,ARM530LAY
86406474,607039732,CYPRIUM LLC,HARNESS ASM-I/P,ARM530LAY
86406475,607039732,CYPRIUM LLC,HARNESS ASM-BOD,ARM530LAY
86406476,607039732,CYPRIUM LLC,HARNESS ASM-F/F,ARM530LAY
86406477,607039732,CYPRIUM LLC,HARNESS ASM-I/P,ARM530LAY
86406479,607039732,CYPRIUM LLC,HARNESS ASM-L/G,ARM530LAY
86406480,607039732,CYPRIUM LLC,HARNESS ASM-L/G,ARM530LAY
86406481,607039732,CYPRIUM LLC,HARNESS ASM-L/G,ARM530LAY
86406482,607039732,CYPRIUM LLC,HARNESS ASM-L/G,ARM530LAY
86406483,607039732,CYPRIUM LLC,HARNESS ASM-L/G,ARM530LAY
86406484,607039732,CYPRIUM LLC,HARNESS ASM-L/G,ARM530LAY
86406485,607039732,CYPRIUM LLC,HARNESS ASM-L/G,ARM530LAY
86406486,607039732,CYPRIUM LLC,HARNESS ASM-BOD,ARM530LAY
86406487,607039732,CYPRIUM LLC,HARNESS ASM-BOD,ARM530LAY
86406488,607039732,CYPRIUM LLC,HARNESS ASM-BOD,ARM530LAY
86406489,607039732,CYPRIUM LLC,HARNESS ASM-BOD,ARM530LAY
86406490,607039732,CYPRIUM LLC,HARNESS ASM-BOD,ARM530LAY
86406492,607039732,CYPRIUM LLC,HARNESS ASM-BOD,ARM530LAY
86406494,607039732,CYPRIUM LLC,HARNESS ASM-BOD,ARM530LAY
86406495,607039732,CYPRIUM LLC,HARNESS ASM-BOD,ARM530LAY
86406496,607039732,CYPRIUM LLC,HARNESS ASM-BOD,ARM530LAY
86406497,607039732,CYPRIUM LLC,HARNESS ASM-BOD,ARM530LAY
86406498,607039732,CYPRIUM LLC,HARNESS ASM-BOD,ARM530LAY
86406499,607039732,CYPRIUM LLC,HARNESS ASM-BOD,ARM530LAY
86406500,607039732,CYPRIUM LLC,HARNESS ASM-BOD,ARM530LAY
86406501,607039732,CYPRIUM LLC,HARNESS ASM-BOD,ARM530LAY
86406502,607039732,CYPRIUM LLC,HARNESS ASM-I/P,ARM530LAY
86406503,607039732,CYPRIUM LLC,HARNESS ASM-I/P,ARM530LAY
86406505,607039732,CYPRIUM LLC,HARNESS ASM-I/P,ARM530LAY
86406506,607039732,CYPRIUM LLC,HARNESS ASM-I/P,ARM530LAY
86406507,607039732,CYPRIUM LLC,HARNESS ASM-I/P,ARM530LAY
86406508,607039732,CYPRIUM LLC,HARNESS ASM-I/P,ARM530LAY
86406509,607039732,CYPRIUM LLC,HARNESS ASM-I/P,ARM530LAY
86406510,607039732,CYPRIUM LLC,HARNESS ASM-I/P,ARM530LAY
86406511,607039732,CYPRIUM LLC,HARNESS ASM-I/P,ARM530LAY
86406512,607039732,CYPRIUM LLC,HARNESS ASM-I/P,ARM530LAY
86406514,607039732,CYPRIUM LLC,HARNESS ASM-I/P,ARM530LAY
86406515,607039732,CYPRIUM LLC,HARNESS ASM-I/P,ARM530LAY
86406516,607039732,CYPRIUM LLC,HARNESS ASM-I/P,ARM530LAY
86406517,607039732,CYPRIUM LLC,HARNESS ASM-I/P,ARM530LAY
86406519,607039732,CYPRIUM LLC,HARNESS ASM-I/P,ARM530LAY
86406520,607039732,CYPRIUM LLC,HARNESS ASM-I/P,ARM530LAY
86406521,607039732,CYPRIUM LLC,HARNESS ASM-DIF,ARM530LAY
86406522,607039732,CYPRIUM LLC,HARNESS ASM-TRF,ARM530LAY
86406523,607039732,VOSS AUTOMOTIVE INC,BRACKET-EMIS RD,ARM530LAY
86406524,607039732,NTN DRIVESHAFT INC,SHAFT ASM-RR WH,ARM530LAY
86406525,607039732,NTN DRIVESHAFT INC,SHAFT ASM-RR WH,ARM530LAY
86406526,607039732,NTN DRIVESHAFT INC,SHAFT ASM-RR WH,ARM530LAY
86406527,607039732,NTN DRIVESHAFT INC,SHAFT ASM-RR WH,ARM530LAY
86406529,607039732,CYPRIUM LLC,HARNESS ASM-FWD,ARM530LAY
86406530,607039732,CYPRIUM LLC,HARNESS ASM-FWD,ARM530LAY
86406532,607039732,CYPRIUM LLC,HARNESS ASM-RR,ARM530LAY
86406533,607039732,CYPRIUM LLC,HARNESS ASM-RR,ARM530LAY
86406534,607039732,CYPRIUM LLC,HARNESS ASM-RR,ARM530LAY
86406535,607039732,CYPRIUM LLC,HARNESS ASM-RR,ARM530LAY
86406536,607039732,CYPRIUM LLC,HARNESS ASM-RR,ARM530LAY
86406537,607039732,CYPRIUM LLC,HARNESS ASM-RR,ARM530LAY
86406538,607039732,CYPRIUM LLC,HARNESS ASM-RR,ARM530LAY
86406539,607039732,CYPRIUM LLC,HARNESS ASM-RR,ARM530LAY
86406540,607039732,CYPRIUM LLC,HARNESS ASM-RR,ARM530LAY
86406542,607039732,CYPRIUM LLC,HARNESS ASM-RR,ARM530LAY
86406543,607039732,CYPRIUM LLC,HARNESS ASM-RR,ARM530LAY
86406544,607039732,CYPRIUM LLC,HARNESS ASM-RR,ARM530LAY
86406545,607039732,CYPRIUM LLC,HARNESS ASM-RR,ARM530LAY
86406546,607039732,CYPRIUM LLC,HARNESS ASM-RR,ARM530LAY
86406547,607039732,CYPRIUM LLC,HARNESS ASM-RR,ARM530LAY
86406548,607039732,CYPRIUM LLC,HARNESS ASM-RR,ARM530LAY
86406549,607039732,CYPRIUM LLC,HARNESS ASM-RR,ARM530LAY
86406550,607039732,CYPRIUM LLC,HARNESS ASM-RR,ARM530LAY
86406551,607039732,CYPRIUM LLC,HARNESS ASM-RR,ARM530LAY
86420915,607039732,CYPRIUM LLC,HARNESS ASM-RR,ARM530LAY
86420916,607039732,CYPRIUM LLC,HARNESS ASM-RR,ARM530LAY
86420917,607039732,CYPRIUM LLC,HARNESS ASM-RR,ARM530LAY
86420918,607039732,CYPRIUM LLC,HARNESS ASM-RR,ARM530LAY
86422348,607039732,CYPRIUM LLC,HARNESS ASM-RR,ARM530LAY
86426009,607039732,CYPRIUM LLC,HARNESS ASM-RR,ARM530LAY
86426010,607039732,CYPRIUM LLC,HARNESS ASM-RR,ARM530LAY
86372339,607039732,CYPRIUM LLC,HARNESS ASM-RR,ARM530LBY
86372340,607039732,CYPRIUM LLC,HARNESS ASM-RR,ARM530LBY
86372341,607039732,CYPRIUM LLC,HARNESS ASM-HDL,ARM530LBY
86372342,607039732,CYPRIUM LLC,HARNESS ASM-HDL,ARM530LBY
86372343,607039732,CYPRIUM LLC,HARNESS ASM-HDL,ARM530LBY
86372345,607039732,CYPRIUM LLC,HARNESS ASM-HDL,ARM530LBY
86372346,607039732,CYPRIUM LLC,HARNESS ASM-HDL,ARM530LBY
86372347,607039732,CYPRIUM LLC,HARNESS ASM-HDL,ARM530LBY
86372348,607039732,CYPRIUM LLC,HARNESS ASM-HDL,ARM530LBY
86372349,607039732,CYPRIUM LLC,HARNESS ASM-HDL,ARM530LBY
86372350,607039732,CYPRIUM LLC,HARNESS ASM-HDL,ARM530LBY
86372351,607039732,CYPRIUM LLC,HARNESS ASM-HDL,ARM530LBY
86372352,607039732,CYPRIUM LLC,HARNESS ASM-HDL,ARM530LBY
86372353,607039732,CYPRIUM LLC,HARNESS ASM-HDL,ARM530LBY
86372354,607039732,CYPRIUM LLC,HARNESS ASM-HDL,ARM530LBY
86372355,607039732,CYPRIUM LLC,HARNESS ASM-HDL,ARM530LBY
86372356,607039732,CYPRIUM LLC,HARNESS ASM-HDL,ARM530LBY
86372357,607039732,CYPRIUM LLC,HARNESS ASM-HDL,ARM530LBY
86372359,607039732,CYPRIUM LLC,HARNESS ASM-HDL,ARM530LBY
86372360,607039732,CYPRIUM LLC,HARNESS ASM-HDL,ARM530LBY
86372361,607039732,CYPRIUM LLC,HARNESS ASM-HDL,ARM530LBY
86372362,607039732,CYPRIUM LLC,HARNESS ASM-HDL,ARM530LBY
86372363,607039732,CYPRIUM LLC,HARNESS ASM-HDL,ARM530LBY
86372364,607039732,CYPRIUM LLC,HARNESS ASM-HDL,ARM530LBY
86372367,607039732,CYPRIUM LLC,HARNESS ASM-HDL,ARM530LBY
86372370,607039732,CYPRIUM LLC,HARNESS ASM-HDL,ARM530LBY
86372371,607039732,CYPRIUM LLC,HARNESS ASM-HDL,ARM530LBY
86372372,607039732,CYPRIUM LLC,HARNESS ASM-HDL,ARM530LBY
86372373,607039732,CYPRIUM LLC,HARNESS ASM-HDL,ARM530LBY
86372376,607039732,CYPRIUM LLC,HARNESS ASM-HDL,ARM530LBY
86372377,607039732,CYPRIUM LLC,HARNESS ASM-HDL,ARM530LBY
86372381,607039732,CYPRIUM LLC,HARNESS ASM-HDL,ARM530LBY
86372382,607039732,JOYSON SAFETY SYSTEMS ACQUISITION L,COVER-STRG WHL,ARM530LBY
86372385,607039732,JOYSON SAFETY SYSTEMS ACQUISITION L,COVER-STRG WHL,ARM530LBY
86372386,607039732,JOYSON SAFETY SYSTEMS ACQUISITION L,COVER,ARM530LBY
86372388,607039732,JOYSON SAFETY SYSTEMS ACQUISITION L,COVER-STRG WHL,ARM530LBY
86372389,607039732,JOYSON SAFETY SYSTEMS ACQUISITION L,COVER,ARM530LBY
86372390,607039732,JOYSON SAFETY SYSTEMS ACQUISITION L,COVER-STRG WHL,ARM530LBY
86372391,607039732,JOYSON SAFETY SYSTEMS ACQUISITION L,WHEEL ASM-STRG,ARM530LBY
86372393,607039732,JOYSON SAFETY SYSTEMS ACQUISITION L,WHEEL ASM-STRG,ARM530LBY
86372394,607039732,JOYSON SAFETY SYSTEMS ACQUISITION L,WHEEL ASM-STRG,ARM530LBY
86372395,607039732,JOYSON SAFETY SYSTEMS ACQUISITION L,WHEEL ASM-STRG,ARM530LBY
86372397,607039732,JOYSON SAFETY SYSTEMS ACQUISITION L,WHEEL ASM-STRG,ARM530LBY
86372398,607039732,JOYSON SAFETY SYSTEMS ACQUISITION L,WHEEL ASM-STRG,ARM530LBY
86372399,607039732,JOYSON SAFETY SYSTEMS ACQUISITION L,WHEEL ASM-STRG,ARM530LBY
86372400,607039732,JOYSON SAFETY SYSTEMS ACQUISITION L,WHEEL ASM-STRG,ARM530LBY
86372401,607039732,JOYSON SAFETY SYSTEMS ACQUISITION L,WHEEL ASM-STRG,ARM530LBY
86372402,607039732,JOYSON SAFETY SYSTEMS ACQUISITION L,WHEEL ASM-STRG,ARM530LBY
86372403,607039732,JOYSON SAFETY SYSTEMS ACQUISITION L,WHEEL ASM-STRG,ARM530LBY
86372404,607039732,JOYSON SAFETY SYSTEMS ACQUISITION L,WHEEL ASM-STRG,ARM530LBY
86372406,607039732,JOYSON SAFETY SYSTEMS ACQUISITION L,WHEEL ASM-STRG,ARM530LBY
86372407,607039732,JOYSON SAFETY SYSTEMS ACQUISITION L,WHEEL ASM-STRG,ARM530LBY
86372408,607039732,JOYSON SAFETY SYSTEMS ACQUISITION L,WHEEL ASM-STRG,ARM530LBY
86372409,607039732,JOYSON SAFETY SYSTEMS ACQUISITION L,WHEEL ASM-STRG,ARM530LBY
86372411,607039732,JOYSON SAFETY SYSTEMS ACQUISITION L,WHEEL ASM-STRG,ARM530LBY
86372414,607039732,JOYSON SAFETY SYSTEMS ACQUISITION L,WHEEL ASM-STRG,ARM530LBY
86372417,607039732,JOYSON SAFETY SYSTEMS ACQUISITION L,WHEEL ASM-STRG,ARM530LBY
86372418,607039732,JOYSON SAFETY SYSTEMS ACQUISITION L,WHEEL ASM-STRG,ARM530LBY
86372419,607039732,JOYSON SAFETY SYSTEMS ACQUISITION L,WHEEL ASM-STRG,ARM530LBY
86372423,607039732,JOYSON SAFETY SYSTEMS ACQUISITION L,WHEEL ASM-STRG,ARM530LBY
86372424,607039732,JOYSON SAFETY SYSTEMS ACQUISITION L,WHEEL ASM-STRG,ARM530LBY
86372425,607039732,JOYSON SAFETY SYSTEMS ACQUISITION L,WHEEL ASM-STRG,ARM530LBY
86372426,607039732,JOYSON SAFETY SYSTEMS ACQUISITION L,WHEEL ASM-STRG,ARM530LBY
86372427,607039732,JOYSON SAFETY SYSTEMS ACQUISITION L,WHEEL ASM-STRG,ARM530LBY
86372428,607039732,JOYSON SAFETY SYSTEMS ACQUISITION L,WHEEL ASM-STRG,ARM530LBY
86372430,607039732,JOYSON SAFETY SYSTEMS ACQUISITION L,WHEEL ASM-STRG,ARM530LBY
86372431,607039732,JOYSON SAFETY SYSTEMS ACQUISITION L,AIRBAG ASM-STRG,ARM530LBY
86372432,607039732,JOYSON SAFETY SYSTEMS ACQUISITION L,AIRBAG ASM-STRG,ARM530LBY
86372433,607039732,JOYSON SAFETY SYSTEMS ACQUISITION L,AIRBAG ASM-STRG,ARM530LBY
86372434,607039732,JOYSON SAFETY SYSTEMS ACQUISITION L,AIRBAG ASM-STRG,ARM530LBY
86372435,607039732,JOYSON SAFETY SYSTEMS ACQUISITION L,AIRBAG ASM-STRG,ARM530LBY
86372436,607039732,JOYSON SAFETY SYSTEMS ACQUISITION L,AIRBAG ASM-STRG,ARM530LBY
86372437,607039732,JOYSON SAFETY SYSTEMS ACQUISITION L,AIRBAG ASM-STRG,ARM530LBY
86372438,607039732,JOYSON SAFETY SYSTEMS ACQUISITION L,AIRBAG ASM-STRG,ARM530LBY
86372439,607039732,JOYSON SAFETY SYSTEMS ACQUISITION L,AIRBAG ASM-STRG,ARM530LBY
86372440,607039732,JOYSON SAFETY SYSTEMS ACQUISITION L,AIRBAG ASM-STRG,ARM530LBY
86372441,607039732,JOYSON SAFETY SYSTEMS ACQUISITION L,AIRBAG ASM-STRG,ARM530LBY
86372442,607039732,JOYSON SAFETY SYSTEMS ACQUISITION L,AIRBAG ASM-STRG,ARM530LBY
86372443,607039732,JOYSON SAFETY SYSTEMS ACQUISITION L,AIRBAG ASM-STRG,ARM530LBY
86372444,607039732,JOYSON SAFETY SYSTEMS ACQUISITION L,WHEEL ASM-STRG,ARM530LBY
86406504,607039732,JOYSON SAFETY SYSTEMS ACQUISITION L,WHEEL ASM-STRG,ARM530LBY
86407138,607039732,JOYSON SAFETY SYSTEMS ACQUISITION L,WHEEL ASM-STRG,ARM530LBY
86407139,607039732,JOYSON SAFETY SYSTEMS ACQUISITION L,WHEEL ASM-STRG,ARM530LBY
86407140,607039732,JOYSON SAFETY SYSTEMS ACQUISITION L,WHEEL ASM-STRG,ARM530LBY
86407141,607039732,JOYSON SAFETY SYSTEMS ACQUISITION L,WHEEL ASM-STRG,ARM530LBY
86407142,607039732,JOYSON SAFETY SYSTEMS ACQUISITION L,WHEEL ASM-STRG,ARM530LBY
86407143,607039732,JOYSON SAFETY SYSTEMS ACQUISITION L,WHEEL ASM-STRG,ARM530LBY
86407144,607039732,JOYSON SAFETY SYSTEMS ACQUISITION L,WHEEL ASM-STRG,ARM530LBY
86407145,607039732,JOYSON SAFETY SYSTEMS ACQUISITION L,WHEEL ASM-STRG,ARM530LBY
86407146,607039732,JOYSON SAFETY SYSTEMS ACQUISITION L,WHEEL ASM-STRG,ARM530LBY
86407147,607039732,JOYSON SAFETY SYSTEMS ACQUISITION L,WHEEL ASM-STRG,ARM530LBY
86407148,607039732,JOYSON SAFETY SYSTEMS ACQUISITION L,WHEEL ASM-STRG,ARM530LBY
86407149,607039732,JOYSON SAFETY SYSTEMS ACQUISITION L,WHEEL ASM-STRG,ARM530LBY
86407150,607039732,JOYSON SAFETY SYSTEMS ACQUISITION L,WHEEL ASM-STRG,ARM530LBY
86407151,607039732,JOYSON SAFETY SYSTEMS ACQUISITION L,WHEEL ASM-STRG,ARM530LBY
86407152,607039732,JOYSON SAFETY SYSTEMS ACQUISITION L,WHEEL ASM-STRG,ARM530LBY
86407153,607039732,JOYSON SAFETY SYSTEMS ACQUISITION L,WHEEL ASM-STRG,ARM530LBY
86407154,607039732,JOYSON SAFETY SYSTEMS ACQUISITION L,WHEEL ASM-STRG,ARM530LBY
86407155,607039732,JOYSON SAFETY SYSTEMS ACQUISITION L,WHEEL ASM-STRG,ARM530LBY
86407156,607039732,JOYSON SAFETY SYSTEMS ACQUISITION L,WHEEL ASM-STRG,ARM530LBY
86407157,607039732,JOYSON SAFETY SYSTEMS ACQUISITION L,WHEEL ASM-STRG,ARM530LBY
86407158,607039732,JOYSON SAFETY SYSTEMS ACQUISITION L,WHEEL ASM-STRG,ARM530LBY
86407159,607039732,JOYSON SAFETY SYSTEMS ACQUISITION L,WHEEL ASM-STRG,ARM530LBY
86407160,607039732,JOYSON SAFETY SYSTEMS ACQUISITION L,WHEEL ASM-STRG,ARM530LBY
86407161,607039732,JOYSON SAFETY SYSTEMS ACQUISITION L,WHEEL ASM-STRG,ARM530LBY
86407162,607039732,JOYSON SAFETY SYSTEMS ACQUISITION L,WHEEL ASM-STRG,ARM530LBY
86407163,607039732,JOYSON SAFETY SYSTEMS ACQUISITION L,WHEEL ASM-STRG,ARM530LBY
86407164,607039732,JOYSON SAFETY SYSTEMS ACQUISITION L,WHEEL ASM-STRG,ARM530LBY
86407165,607039732,JOYSON SAFETY SYSTEMS ACQUISITION L,WHEEL ASM-STRG,ARM530LBY
86407166,607039732,JOYSON SAFETY SYSTEMS ACQUISITION L,WHEEL ASM-STRG,ARM530LBY
86407167,607039732,JOYSON SAFETY SYSTEMS ACQUISITION L,WHEEL ASM-STRG,ARM530LBY
86407168,607039732,JOYSON SAFETY SYSTEMS ACQUISITION L,WHEEL ASM-STRG,ARM530LBY
86407169,607039732,JOYSON SAFETY SYSTEMS ACQUISITION L,WHEEL ASM-STRG,ARM530LBY
86407170,607039732,JOYSON SAFETY SYSTEMS ACQUISITION L,COVER-STRG WHL,ARM530LBY
86407171,607039732,JOYSON SAFETY SYSTEMS ACQUISITION L,COVER-STRG WHL,ARM530LBY
86407172,607039732,JOYSON SAFETY SYSTEMS ACQUISITION L,COVER-STRG WHL,ARM530LBY
86407173,607039732,JOYSON SAFETY SYSTEMS ACQUISITION L,COVER-STRG WHL,ARM530LBY
86407174,607039732,JOYSON SAFETY SYSTEMS ACQUISITION L,COVER-STRG WHL,ARM530LBY
86407175,607039732,JOYSON SAFETY SYSTEMS ACQUISITION L,COVER-STRG WHL,ARM530LBY
86407176,607039732,JOYSON SAFETY SYSTEMS ACQUISITION L,COVER-STRG WHL,ARM530LBY
86407177,607039732,JOYSON SAFETY SYSTEMS ACQUISITION L,COVER-STRG WHL,ARM530LBY
86407178,607039732,JOYSON SAFETY SYSTEMS ACQUISITION L,COVER-STRG WHL,ARM530LBY
86407179,607039732,JOYSON SAFETY SYSTEMS ACQUISITION L,COVER-STRG WHL,ARM530LBY
86407180,607039732,CREATIVE FOAM CORP,TAPE-BODY L/PLR,ARM530LBY
86407181,607039732,CREATIVE FOAM CORP,INSULATOR-M/TEL,ARM530LBY
86407182,607039732,CREATIVE FOAM CORP,TAPE-HDLNG T/PN,ARM530LBY
86407183,607039732,CREATIVE FOAM CORP,TAPE-F/FLR CNSL,ARM530LBY
86407184,607039732,CADILLAC PRODUCTS INC,DEFLECTOR ASM-A,ARM530LBY
86407185,607039732,CADILLAC PRODUCTS INC,DEFLECTOR ASM-A,ARM530LBY
86407186,607039732,CADILLAC PRODUCTS INC,DEFLECTOR ASM-A,ARM530LBY
86407187,607039732,CADILLAC PRODUCTS INC,DEFLECTOR ASM-A,ARM530LBY
86407188,607039732,CADILLAC PRODUCTS INC,DEFLECTOR ASM-F,ARM530LBY
86407189,607039732,CADILLAC PRODUCTS INC,DEFLECTOR ASM-F,ARM530LBY
86407190,607039732,TAEYANG AMERICA CORP,STUD-SUSPN,ARM530LBY
86407191,607039732,TAEYANG AMERICA CORP,STUD - DBL END,ARM530LBY
86407192,607039732,TAEYANG AMERICA CORP,BOLT/SCREW,ARM530LBY
86407193,607039732,TAEYANG AMERICA CORP,BOLT/SCREW,ARM530LBY
86407194,607039732,TAEYANG AMERICA CORP,BOLT/SCREW,ARM530LBY
86407195,607039732,TAEYANG AMERICA CORP,BOLT/SCREW,ARM530LBY
86407196,607039732,TAEYANG AMERICA CORP,SCREW-FLT 90 DE,ARM530LBY
86407197,607039732,TAEYANG AMERICA CORP,BOLT-HEX HEAD,ARM530LBY
86407199,607039732,TAEYANG AMERICA CORP,BOLT - HVY HX A,ARM530LBY
86407200,607039732,TAEYANG AMERICA CORP,BOLT/SCREW,ARM530LBY
86407201,607039732,TAEYANG AMERICA CORP,BOLT/SCREW-.,ARM530LBY
86407202,607039732,TAEYANG AMERICA CORP,BOLT/SCREW-.,ARM530LBY
86407203,607039732,TAEYANG AMERICA CORP,SCREW - FLAT HE,ARM530LBY
86407204,607039732,TAEYANG AMERICA CORP,E/PIPE=STUD,ARM530LBY
86407205,607039732,CTS CORP,SENSOR ASM-RR S,ARM530LBY
86407206,607039732,CTS CORP,SENSOR ASM-RR S,ARM530LBY
86407207,607039732,CTS CORP,SENSOR ASM-FRT,ARM530LBY
86407210,607039732,CTS CORP,SENSOR ASM-FRT,ARM530LBY
86407211,607039732,SUMMIT POLYMERS VIETNAM CO LTD,BEZEL-AUX A/C A,ARM530LBY
86407212,607039732,SUMMIT POLYMERS VIETNAM CO LTD,BEZEL-AUX A/C A,ARM530LBY
86407214,607039732,SUMMIT POLYMERS VIETNAM CO LTD,OUTLET ASM-AUX,ARM530LBY
86407215,607039732,SUMMIT POLYMERS VIETNAM CO LTD,OUTLET ASM-AUX,ARM530LBY
86407216,607039732,SUMMIT POLYMERS VIETNAM CO LTD,BEZEL-AUX A/C A,ARM530LBY
86407217,607039732,SUMMIT POLYMERS VIETNAM CO LTD,OUTLET ASM-AUX,ARM530LBY
86407218,607039732,SUMMIT POLYMERS VIETNAM CO LTD,OUTLET ASM-AUX,ARM530LBY
86407219,607039732,SUMMIT POLYMERS VIETNAM CO LTD,OUTLET ASM-AUX,ARM530LBY
86407220,607039732,SUMMIT POLYMERS VIETNAM CO LTD,OUTLET ASM-AUX,ARM530LBY
86407224,607039732,SUMMIT POLYMERS VIETNAM CO LTD,OUTLET ASM-AUX,ARM530LBY
86407225,607039732,SUMMIT POLYMERS VIETNAM CO LTD,BEZEL-AUX A/C A,ARM530LBY
86407226,607039732,ADAC PLASTICS INC,INSULATOR-FRT S,ARM530LBY
86407227,607039732,ADAC PLASTICS INC,APPLIQUE ASM-RR,ARM530LBY
86407228,607039732,ADAC PLASTICS INC,APPLIQUE ASM-RR,ARM530LBY
86407229,607039732,ADAC PLASTICS INC,APPLIQUE ASM-RR,ARM530LBY
86407230,607039732,ADAC PLASTICS INC,APPLIQUE ASM-RR,ARM530LBY
86407232,607039732,ADAC PLASTICS INC,APPLIQUE ASM-RR,ARM530LBY
86407235,607039732,ADAC PLASTICS INC,APPLIQUE ASM-RR,ARM530LBY
86407236,607039732,ADAC PLASTICS INC,APPLIQUE ASM-RR,ARM530LBY
86407237,607039732,ADAC PLASTICS INC,APPLIQUE ASM-RR,ARM530LBY
86407240,607039732,ADAC PLASTICS INC,HANDLE ASM-RR S,ARM530LBY
84336357,607039732,ADAC PLASTICS INC,HANDLE ASM-RR S,ARM530LCY
84898068,607039732,ADAC PLASTICS INC,HANDLE ASM-RR S,ARM530LCY
85015812,607039732,ADAC PLASTICS INC,HANDLE ASM-RR S,ARM530LCY
85015814,607039732,ADAC PLASTICS INC,HANDLE ASM-FRT,ARM530LCY
85015815,607039732,ADAC PLASTICS INC,HANDLE ASM-FRT,ARM530LCY
85070394,607039732,ADAC PLASTICS INC,HANDLE ASM-FRT,ARM530LCY
85599636,607039732,ADAC PLASTICS INC,HANDLE ASM-FRT,ARM530LCY
85850715,607039732,ADAC PLASTICS INC,HANDLE ASM,ARM530LCY
85850718,607039732,ADAC PLASTICS INC,APPLIQUE A,ARM530LCY
85850722,607039732,ADAC PLASTICS INC,HANDLE ASM-FRT,ARM530LCY
85850723,607039732,ADAC PLASTICS INC,HANDLE ASM-FRT,ARM530LCY
86300255,607039732,ADAC PLASTICS INC,HANDLE ASM-FRT,ARM530LCY
86300256,607039732,ADAC PLASTICS INC,HANDLE ASM-FRT,ARM530LCY
86300257,607039732,ADAC PLASTICS INC,HANDLE ASM-FRT,ARM530LCY
86300258,607039732,ADAC PLASTICS INC,HANDLE ASM-FRT,ARM530LCY
86300259,607039732,ADAC PLASTICS INC,HANDLE ASM-RR S,ARM530LCY
86300260,607039732,ADAC PLASTICS INC,HANDLE ASM-RR S,ARM530LCY
86300261,607039732,ADAC PLASTICS INC,HANDLE ASM-RR S,ARM530LCY
86380104,607039732,ADAC PLASTICS INC,HANDLE ASM-RR S,ARM530LCY
86380105,607039732,ADAC PLASTICS INC,HANDLE ASM-RR S,ARM530LCY
86380106,607039732,ADAC PLASTICS INC,HANDLE ASM-RR S,ARM530LCY
86380107,607039732,ADAC PLASTICS INC,HANDLE ASM-FRT,ARM530LCY
86380108,607039732,ADAC PLASTICS INC,HANDLE ASM-FRT,ARM530LCY
86380109,607039732,ADAC PLASTICS INC,HANDLE ASM-FRT,ARM530LCY
86380110,607039732,ADAC PLASTICS INC,HANDLE ASM-FRT,ARM530LCY
86380111,607039732,ADAC PLASTICS INC,HANDLE ASM-RR S,ARM530LCY
86380112,607039732,ADAC PLASTICS INC,HANDLE ASM-RR S,ARM530LCY
86380113,607039732,ADAC PLASTICS INC,HANDLE ASM-RR S,ARM530LCY
86380114,607039732,ADAC PLASTICS INC,HANDLE ASM-RR S,ARM530LCY
86380115,607039732,ADAC PLASTICS INC,HANDLE ASM-FRT,ARM530LCY
86380116,607039732,ADAC PLASTICS INC,HANDLE ASM-FRT,ARM530LCY
86380117,607039732,ADAC PLASTICS INC,HANDLE ASM-FRT,ARM530LCY
86406833,607039732,ADAC PLASTICS INC,HANDLE ASM-FRT,ARM530LCY
86406834,607039732,ADAC PLASTICS INC,HANDLE ASM-FRT,ARM530LCY
86406835,607039732,ADAC PLASTICS INC,HANDLE ASM-FRT,ARM530LCY
86406836,607039732,ADAC PLASTICS INC,HANDLE ASM-FRT,ARM530LCY
86406837,607039732,ADAC PLASTICS INC,HANDLE ASM-FRT,ARM530LCY
86406838,607039732,ADAC PLASTICS INC,HANDLE ASM-FRT,ARM530LCY
86406839,607039732,ADAC PLASTICS INC,HANDLE ASM-FRT,ARM530LCY
86406840,607039732,ADAC PLASTICS INC,HANDLE ASM-RR S,ARM530LCY
86406841,607039732,ADAC PLASTICS INC,HANDLE ASM-RR S,ARM530LCY
86406842,607039732,ADAC PLASTICS INC,HANDLE ASM-RR S,ARM530LCY
86406843,607039732,ADAC PLASTICS INC,HANDLE ASM-RR S,ARM530LCY
86406844,607039732,ADAC PLASTICS INC,HANDLE ASM-RR S,ARM530LCY
86406845,607039732,ADAC PLASTICS INC,HANDLE ASM-RR S,ARM530LCY
86406846,607039732,ADAC PLASTICS INC,HANDLE ASM-RR S,ARM530LCY
86406881,607039732,ADAC PLASTICS INC,HANDLE ASM-RR S,ARM530LCY
86406882,607039732,ADAC PLASTICS INC,HANDLE ASM-RR S,ARM530LCY
86410697,607039732,ADAC PLASTICS INC,HANDLE ASM-RR S,ARM530LCY
86410698,607039732,ADAC PLASTICS INC,HANDLE ASM-FRT,ARM530LCY
86410699,607039732,ADAC PLASTICS INC,HANDLE ASM-FRT,ARM530LCY
86410700,607039732,ADAC PLASTICS INC,HANDLE ASM-FRT,ARM530LCY
86410701,607039732,ADAC PLASTICS INC,HANDLE ASM-FRT,ARM530LCY
86410702,607039732,ADAC PLASTICS INC,HANDLE ASM-FRT,ARM530LCY
86410703,607039732,ADAC PLASTICS INC,HANDLE ASM-FRT,ARM530LCY
86772548,607039732,ADAC PLASTICS INC,HANDLE ASM-FRT,ARM530LCY
85027512,607039732,ADAC PLASTICS INC,HANDLE ASM-FRT,ARM530VY
85555049,607039732,ADAC PLASTICS INC,HANDLE ASM-FRT,ARM530VY
85565603,607039732,ADAC PLASTICS INC,HANDLE ASM-FRT,ARM530VY
85851235,607039732,ADAC PLASTICS INC,HANDLE ASM-RR S,ARM530VY
85851237,607039732,ADAC PLASTICS INC,HANDLE ASM-RR S,ARM530VY
85851253,607039732,ADAC PLASTICS INC,HANDLE ASM-RR S,ARM530VY
85851257,607039732,ADAC PLASTICS INC,HANDLE ASM-RR S,ARM530VY
86275705,607039732,ADAC PLASTICS INC,HANDLE ASM-RR S,ARM530VY
86275735,607039732,ADAC PLASTICS INC,HANDLE ASM-RR S,ARM530VY
86275762,607039732,ADAC PLASTICS INC,HANDLE ASM-RR S,ARM530VY
86275771,607039732,ADAC PLASTICS INC,HANDLE ASM-RR S,ARM530VY
86275787,607039732,ADAC PLASTICS INC,HANDLE ASM-RR S,ARM530VY
86349655,607039732,ADAC PLASTICS INC,HANDLE ASM-RR S,ARM530VY
86371966,607039732,ADAC PLASTICS INC,HANDLE ASM-FRT,ARM530VY
86371967,607039732,ADAC PLASTICS INC,HANDLE ASM-FRT,ARM530VY
86371968,607039732,ADAC PLASTICS INC,HANDLE ASM-FRT,ARM530VY
86371969,607039732,ADAC PLASTICS INC,HANDLE ASM-FRT,ARM530VY
86371971,607039732,ADAC PLASTICS INC,HANDLE ASM-FRT,ARM530VY
86371972,607039732,ADAC PLASTICS INC,HANDLE ASM-FRT,ARM530VY
86371973,607039732,ADAC PLASTICS INC,HANDLE ASM-FRT,ARM530VY
86371974,607039732,ADAC PLASTICS INC,HANDLE ASM-FRT,ARM530VY
86371975,607039732,ADAC PLASTICS INC,HANDLE ASM-FRT,ARM530VY
86371976,607039732,ADAC PLASTICS INC,HANDLE ASM-FRT,ARM530VY
86371978,607039732,ADAC PLASTICS INC,HANDLE ASM-RR S,ARM530VY
86371979,607039732,ADAC PLASTICS INC,HANDLE ASM-RR S,ARM530VY
86371980,607039732,ADAC PLASTICS INC,HANDLE ASM-RR S,ARM530VY
86371981,607039732,ADAC PLASTICS INC,HANDLE ASM-RR S,ARM530VY
86371982,607039732,ADAC PLASTICS INC,HANDLE ASM-RR S,ARM530VY
86371983,607039732,ADAC PLASTICS INC,HANDLE ASM-RR S,ARM530VY
86371984,607039732,ADAC PLASTICS INC,HANDLE ASM-RR S,ARM530VY
86371986,607039732,ADAC PLASTICS INC,HANDLE ASM-RR S,ARM530VY
86371987,607039732,ADAC PLASTICS INC,HANDLE ASM-RR S,ARM530VY
86371989,607039732,ADAC PLASTICS INC,HANDLE ASM-RR S,ARM530VY
86372231,607039732,ADAC PLASTICS INC,HANDLE ASM-FRT,ARM530VY
86372232,607039732,ADAC PLASTICS INC,HANDLE ASM-FRT,ARM530VY
86372233,607039732,ADAC PLASTICS INC,HANDLE ASM-FRT,ARM530VY
86372234,607039732,ADAC PLASTICS INC,HANDLE ASM-FRT,ARM530VY
86372237,607039732,ADAC PLASTICS INC,HANDLE ASM-FRT,ARM530VY
86372240,607039732,ADAC PLASTICS INC,HANDLE ASM-FRT,ARM530VY
86372241,607039732,ADAC PLASTICS INC,HANDLE ASM-FRT,ARM530VY
86372243,607039732,ADAC PLASTICS INC,HANDLE ASM-FRT,ARM530VY
86372247,607039732,ADAC PLASTICS INC,HANDLE ASM-FRT,ARM530VY
86372248,607039732,ADAC PLASTICS INC,HANDLE ASM-FRT,ARM530VY
86372249,607039732,ADAC PLASTICS INC,HANDLE ASM-FRT,ARM530VY
86372250,607039732,ADAC PLASTICS INC,HANDLE ASM-FRT,ARM530VY
86372252,607039732,ADAC PLASTICS INC,HANDLE ASM-FRT,ARM530VY
86372253,607039732,ADAC PLASTICS INC,HANDLE ASM-FRT,ARM530VY
86372254,607039732,ADAC PLASTICS INC,HANDLE ASM-FRT,ARM530VY
86372255,607039732,ADAC PLASTICS INC,HANDLE ASM-RR S,ARM530VY
86372256,607039732,ADAC PLASTICS INC,HANDLE ASM-RR S,ARM530VY
86372257,607039732,ADAC PLASTICS INC,HANDLE ASM-RR S,ARM530VY
86372258,607039732,ADAC PLASTICS INC,HANDLE ASM-RR S,ARM530VY
86372259,607039732,ADAC PLASTICS INC,HANDLE ASM-RR S,ARM530VY
86372260,607039732,ADAC PLASTICS INC,HANDLE ASM-RR S,ARM530VY
86372261,607039732,ADAC PLASTICS INC,HANDLE ASM-RR S,ARM530VY
86372265,607039732,ADAC PLASTICS INC,HANDLE ASM-RR S,ARM530VY
86372267,607039732,ADAC PLASTICS INC,HANDLE ASM-RR S,ARM530VY
86372268,607039732,ADAC PLASTICS INC,HANDLE ASM-RR S,ARM530VY
86372269,607039732,ADAC PLASTICS INC,HANDLE ASM-FRT,ARM530VY
86372270,607039732,ADAC PLASTICS INC,HANDLE ASM-FRT,ARM530VY
86372271,607039732,ADAC PLASTICS INC,HANDLE ASM-RR S,ARM530VY
86372272,607039732,ADAC PLASTICS INC,HANDLE ASM-RR S,ARM530VY
86372273,607039732,ADAC PLASTICS INC,HANDLE ASM-FRT,ARM530VY
86372274,607039732,ADAC PLASTICS INC,HANDLE ASM-FRT,ARM530VY
86372275,607039732,ADAC PLASTICS INC,HANDLE ASM-RR S,ARM530VY
86372276,607039732,ADAC PLASTICS INC,HANDLE ASM-RR S,ARM530VY
86372277,607039732,ADAC PLASTICS INC,HANDLE ASM-FRT,ARM530VY
86372279,607039732,WITZENMANN OPAVA SPOL SRO,PIPE-EGR,ARM530VY
86372281,607039732,SUZHOU SONAVOX ELECTRONICS CO LTD,SPEAKER ASM-RDO,ARM530VY
86372282,607039732,SUZHOU SONAVOX ELECTRONICS CO LTD,ALARM ASM-RR CL,ARM530VY
86372283,607039732,ANHUI ZHONGDING RUBBER PLASTIC PROD,VALVE ASM-PLNM,ARM530VY
86372284,607039732,NINGBO SWELL INDUSTRY CO LTD,PLATE ASM-FRT S,ARM530VY
86372285,607039732,NINGBO SWELL INDUSTRY CO LTD,PLATE ASM-L/GAT,ARM530VY
86372288,607039732,NINGBO SWELL INDUSTRY CO LTD,PLATE ASM-C-PIL,ARM530VY
86372291,607039732,NINGBO SWELL INDUSTRY CO LTD,PLATE ASM-C-PIL,ARM530VY
86372292,607039732,NINGBO SWELL INDUSTRY CO LTD,PLATE ASM-FRT S,ARM530VY
86372293,607039732,NINGBO SWELL INDUSTRY CO LTD,PLATE ASM-FRT S,ARM530VY
86372296,607039732,NINGBO SWELL INDUSTRY CO LTD,PLATE ASM-FRT S,ARM530VY
86372297,607039732,NINGBO SWELL INDUSTRY CO LTD,PLATE ASM-L/GAT,ARM530VY
86372298,607039732,NINGBO SWELL INDUSTRY CO LTD,PLATE ASM-L/GAT,ARM530VY
86372299,607039732,NINGBO SWELL INDUSTRY CO LTD,PLATE ASM-FRT S,ARM530VY
86372300,607039732,NINGBO SWELL INDUSTRY CO LTD,PLATE ASM-FRT S,ARM530VY
86372301,607039732,NINGBO SWELL INDUSTRY CO LTD,PLATE ASM-L/GAT,ARM530VY
86372302,607039732,NINGBO SWELL INDUSTRY CO LTD,PLATE ASM-L/GAT,ARM530VY
86372306,607039732,NINGBO SWELL INDUSTRY CO LTD,PLATE ASM-L/GAT,ARM530VY
86372307,607039732,NINGBO SWELL INDUSTRY CO LTD,PLATE ASM-L/GAT,ARM530VY
86372308,607039732,NINGBO SWELL INDUSTRY CO LTD,PLATE ASM-FRT S,ARM530VY
86372309,607039732,CARUX TECHNOLOGY TAIWAN INC,MODULE ASM-I/P,ARM530VY
86372312,607039732,CARUX TECHNOLOGY TAIWAN INC,MODULE ASM-I/P,ARM530VY
86372313,607039732,NEW THAI WHEEL MANUFACTURING CO LTD,WHEEL-22X9.0J A,ARM530VY
86372314,607039732,NEW THAI WHEEL MANUFACTURING CO LTD,WHEEL,ARM530VY
86372315,607039732,NEW THAI WHEEL MANUFACTURING CO LTD,WHEEL ASM,ARM530VY
86372316,607039732,NEW THAI WHEEL MANUFACTURING CO LTD,WHEEL,ARM530VY
86372317,607039732,NEW THAI WHEEL MANUFACTURING CO LTD,WHEEL,ARM530VY
86372318,607039732,NEW THAI WHEEL MANUFACTURING CO LTD,WHEEL-FRT & RR,ARM530VY
86372319,607039732,NEW THAI WHEEL MANUFACTURING CO LTD,WHEEL-FRT & RR,ARM530VY
86372320,607039732,NEW THAI WHEEL MANUFACTURING CO LTD,WHEEL-FRT & RR,ARM530VY
86372321,607039732,NEW THAI WHEEL MANUFACTURING CO LTD,WHEEL,ARM530VY
86372325,607039732,NEW THAI WHEEL MANUFACTURING CO LTD,WHEEL,ARM530VY
86372326,607039732,CONTITECH THERMOPOL ROMANIA SRL,BELT,ARM530VY
86372327,607039732,CONTITECH THERMOPOL ROMANIA SRL,BELT-ACSRY DR P,ARM530VY
86372328,607039732,WOOSHIN SAFETY SYSTEMS CO LTD,ADJUSTER ASM-F/,ARM530VY
86372329,607039732,KDS CO LTD,STRIKER-L/GATE,ARM530VY
86372330,607039732,KDS CO LTD,STRIKER ASM-FRT,ARM530VY
86372331,607039732,SAMBO AUTO CO LTD,BRACKET ASM-BEL,ARM530VY
86372337,607039732,DN AUTOMOTIVE CORPORATION,MOUNT ASM-ENG,ARM530VY
86372338,607039732,DN AUTOMOTIVE CORPORATION,MOUNT ASM-ENG,ARM530VY
86406227,607039732,DN AUTOMOTIVE CORPORATION,DAMPENER ASM-L/,ARM530VY
86406228,607039732,HANIL PRECISION CO LTD,STRUT ASM-HOOD,ARM530VY
86406229,607039732,HANIL PRECISION CO LTD,STRUT ASM-L/GAT,ARM530VY
86406230,607039732,HANIL PRECISION CO LTD,STRUT ASM-L/GAT,ARM530VY
86406231,607039732,SHINIL PRECISION IND CO LTD,EYE-FRT TOW,ARM530VY
86406232,607039732,SHINIL PRECISION IND CO LTD,EYE ASM-TOW,ARM530VY
86406233,607039732,MA TECH CO LTD,HINGE ASM-L/GAT,ARM530VY
86406234,607039732,MA TECH CO LTD,HINGE ASM-HOOD,ARM530VY
86406235,607039732,MA TECH CO LTD,HINGE ASM-HOOD,ARM530VY
86406236,607039732,SAMSHIN CHEMICAL CO LTD,EMBLEM ASM-R/CM,ARM530VY
86406237,607039732,SAMSHIN CHEMICAL CO LTD,EMBLEM ASM-R/CM,ARM530VY
86406238,607039732,SAMSHIN CHEMICAL CO LTD,PLATE ASM-L/GAT,ARM530VY
86406239,607039732,YM CO LTD,STUD-DOUBLE END,ARM530VY
86406240,607039732,YM CO LTD,STUD - METRIC T,ARM530VY
86406241,607039732,YM CO LTD,BOLT - HVY HX A,ARM530VY
86406242,607039732,YM CO LTD,BOLT/SCREW-O/PM,ARM530VY
86406243,607039732,YM CO LTD,BOLT/SCREW,ARM530VY
86406244,607039732,YM CO LTD,BOLT/SCREW-.,ARM530VY
86406245,607039732,YM CO LTD,BOLT/SCREW,ARM530VY
86406246,607039732,SUNGWOO CORP,REFLECTOR ASM-D,ARM530VY
86406247,607039732,CTR CO LTD,LINK ASM-FRT ST,ARM530VY
86406248,607039732,ILJIN GLOBAL CO LTD,HUB ASM,ARM530VY
86406250,607039732,ILJIN GLOBAL CO LTD,HUB ASM,ARM530VY
86406258,607039732,ILJIN GLOBAL CO LTD,HUB ASM,ARM530VY
86408874,607039732,TIANMA JAPAN LTD,CLUSTER ASM-INS,ARM530VY
86408875,607039732,TIANMA JAPAN LTD,CONTROL ASM-AM/,ARM530VY
86408876,607039732,TIANMA JAPAN LTD,CONTROL ASM-AM/,ARM530VY
86408877,607039732,VITESCO TECHNOLOGIES CZECH REPUBLIC,SENSOR ASM-NOX,ARM530VY
86408878,607039732,VITESCO TECHNOLOGIES CZECH REPUBLIC,SENSOR ASM-NOX,ARM530VY
86408879,607039732,VITESCO TECHNOLOGIES CZECH REPUBLIC,SENSOR ASM-NOX,ARM530VY
86408880,607039732,TEKNIA NASHVILLE LLC,HINGE ASM-FR S/,ARM530VY
86408882,607039732,TEKNIA NASHVILLE LLC,HINGE ASM-FR S/,ARM530VY
86408883,607039732,FRANKLIN ALUMINUM COMPANY INC,RAIL ASM-LUGG C,ARM530VY
86408884,607039732,FRANKLIN ALUMINUM COMPANY INC,RAIL ASM-LUGG C,ARM530VY
86408885,607039732,FRANKLIN ALUMINUM COMPANY INC,RAIL ASM-LUGG C,ARM530VY
86408886,607039732,FRANKLIN ALUMINUM COMPANY INC,RAIL ASM-LUGG C,ARM530VY
86408887,607039732,FRANKLIN ALUMINUM COMPANY INC,RAIL ASM-LUGG C,ARM530VY
86408888,607039732,FRANKLIN ALUMINUM COMPANY INC,RAIL ASM-LUGG C,ARM530VY
86408889,607039732,FRANKLIN ALUMINUM COMPANY INC,RAIL ASM-LUGG C,ARM530VY
86408891,607039732,FRANKLIN ALUMINUM COMPANY INC,RAIL ASM-LUGG C,ARM530VY
86408892,607039732,VPI ACQUISITION LLC,CAP ASM,ARM530VY
86408893,607039732,PANASONIC CORPORATION OF NORTH AMER,CAMERA ASM-FV V,ARM530VY
86408894,607039732,TORIN INC,STRAP ASM-SPA W,ARM530VY
86408895,607039732,ADAC STRATTEC LLC,BRACKET ASM-FRT,ARM530VY
86408896,607039732,ADAC STRATTEC LLC,BRACKET ASM-FRT,ARM530VY
86408898,607039732,ADAC STRATTEC LLC,BRACKET ASM-FRT,ARM530VY
86408900,607039732,ADAC STRATTEC LLC,BRACKET ASM-FRT,ARM530VY
86408901,607039732,ADAC STRATTEC LLC,BRACKET ASM-FRT,ARM530VY
86408902,607039732,ADAC STRATTEC LLC,BRACKET ASM-FRT,ARM530VY
86408903,607039732,ADAC STRATTEC LLC,BRACKET ASM-RR,ARM530VY
86408904,607039732,ADAC STRATTEC LLC,BRACKET ASM-RR,ARM530VY
86408905,607039732,VIBRACOUSTIC USA INC,MOUNT PKG-BODY,ARM530VY
86408906,607039732,VIBRACOUSTIC USA INC,MOUNT PKG-BODY,ARM530VY
86408907,607039732,VIBRACOUSTIC USA INC,CUSHION ASM-BOD,ARM530VY
86408908,607039732,VIBRACOUSTIC USA INC,CUSHION ASM-BOD,ARM530VY
86408910,607039732,VIBRACOUSTIC USA INC,CUSHION ASM-BOD,ARM530VY
86408911,607039732,VIBRACOUSTIC USA INC,CUSHION ASM-BOD,ARM530VY
86408912,607039732,STEPHEN GOULD CORP,SHPG=BAG,ARM530VY
86408913,607039732,BURNSIDE ACQUISITION LLC,COVER,ARM530VY
86408914,607039732,CAPLUGS INC,PLUG-BODY L/PLR,ARM530VY
86408915,607039732,CAPLUGS INC,HOLE=PLUG,ARM530VY
86408916,607039732,CAPLUGS INC,PLUG-BODY H/PLR,ARM530VY
86408917,607039732,CAPLUGS INC,PLUG-RR S/ABS A,ARM530VY
86408918,607039732,CAPLUGS INC,PLUG-BODY H/PLR,ARM530VY
86408919,607039732,DAEWON AMERICA INC,SHAFT-RR STAB,ARM530VY
86408920,607039732,DAEWON AMERICA INC,SHAFT-RR STAB,ARM530VY
86408921,607039732,SL AMERICA CORP,HEADLAMP ASM-FR,ARM530VY
86408922,607039732,SL AMERICA CORP,HEADLAMP ASM-FR,ARM530VY
86408923,607039732,SL AMERICA CORP,HEADLAMP ASM-FR,ARM530VY
86408924,607039732,SL AMERICA CORP,HEADLAMP ASM-FR,ARM530VY
86408925,607039732,ALUDYNE MONTAGUE LLC,KNUCKLE ASM-RR,ARM530VY
86408926,607039732,ALUDYNE MONTAGUE LLC,KNUCKLE ASM-RR,ARM530VY
86408927,607039732,HL MANDO AMERICA CORPORATION,CALIPER ASM-RR,ARM530VY
86408928,607039732,HL MANDO AMERICA CORPORATION,CALIPER ASM-RR,ARM530VY
86408929,607039732,HL MANDO AMERICA CORPORATION,CALIPER ASM-RR,ARM530VY
86408930,607039732,HL MANDO AMERICA CORPORATION,CALIPER ASM-RR,ARM530VY
86408931,607039732,HL MANDO AMERICA CORPORATION,CALIPER ASM-RR,ARM530VY
86408932,607039732,HL MANDO AMERICA CORPORATION,CALIPER ASM-RR,ARM530VY
86408933,607039732,HL MANDO AMERICA CORPORATION,CALIPER ASM-RR,ARM530VY
86408934,607039732,HL MANDO AMERICA CORPORATION,CALIPER ASM-RR,ARM530VY
86408935,607039732,CAPLUGS INC,PLUG-S/D OPG FR,ARM530VY
86408936,607039732,CAPLUGS INC,PLUG-FRT & RR S,ARM530VY
86408937,607039732,CAPLUGS INC,PLUG-BODY SI OT,ARM530VY
86408939,607039732,CAPLUGS INC,PLUG-RKR INR PN,ARM530VY
86408940,607039732,CAPLUGS INC,PLUG-L/GATE ACT,ARM530VY
86408941,607039732,L&L PRODUCTS INC,SEALER-BODY SI,ARM530VY
86408942,607039732,L&L PRODUCTS INC,BAFFLE ASM-BODY,ARM530VY
86408943,607039732,L&L PRODUCTS INC,BAFFLE ASM-BODY,ARM530VY
86408944,607039732,L&L PRODUCTS INC,BAFFLE ASM-BODY,ARM530VY
86408945,607039732,L&L PRODUCTS INC,SEALER-BODY SI,ARM530VY
86408946,607039732,L&L PRODUCTS INC,TAPE-RR S/D STA,ARM530VY
86408947,607039732,L&L PRODUCTS INC,BRACE-CTR PLR P,ARM530VY
86408948,607039732,L&L PRODUCTS INC,BRACE-CTR PLR P,ARM530VY
86408949,607039732,L&L PRODUCTS INC,BAFFLE-BODY L/P,ARM530VY
86408950,607039732,L&L PRODUCTS INC,BAFFLE-BODY L/P,ARM530VY
86408951,607039732,L&L PRODUCTS INC,BAFFLE ASM-FRT,ARM530VY
86408954,607039732,L&L PRODUCTS INC,BAFFLE ASM-FRT,ARM530VY
86408955,607039732,L&L PRODUCTS INC,BAFFLE ASM-QTR,ARM530VY
86408956,607039732,L&L PRODUCTS INC,BAFFLE ASM-QTR,ARM530VY
86408957,607039732,L&L PRODUCTS INC,BAFFLE ASM-QTR,ARM530VY
86408958,607039732,L&L PRODUCTS INC,BAFFLE ASM-QTR,ARM530VY
86408959,607039732,L&L PRODUCTS INC,BAFFLE ASM-BODY,ARM530VY
86408961,607039732,L&L PRODUCTS INC,BAFFLE ASM-BODY,ARM530VY
86408962,607039732,L&L PRODUCTS INC,BAFFLE ASM-BODY,ARM530VY
86408963,607039732,L&L PRODUCTS INC,BAFFLE ASM-BODY,ARM530VY
86408964,607039732,L&L PRODUCTS INC,BAFFLE ASM-BODY,ARM530VY
86408965,607039732,L&L PRODUCTS INC,BAFFLE ASM-BODY,ARM530VY
86408966,607039732,L&L PRODUCTS INC,BAFFLE ASM-FRT,ARM530VY
86408967,607039732,L&L PRODUCTS INC,BAFFLE ASM-FRT,ARM530VY
86408968,607039732,L&L PRODUCTS INC,REINFORCEMENT-R,ARM530VY
86408971,607039732,L&L PRODUCTS INC,REINFORCEMENT-R,ARM530VY
86408972,607039732,L&L PRODUCTS INC,REINFORCEMENT-R,ARM530VY
86408973,607039732,L&L PRODUCTS INC,REINFORCEMENT-R,ARM530VY
86408974,607039732,L&L PRODUCTS INC,REINFORCEMENT-R,ARM530VY
86408975,607039732,L&L PRODUCTS INC,REINFORCEMENT-R,ARM530VY
86411266,607039732,L&L PRODUCTS INC,REINFORCEMENT-F,ARM530VY
86460847,607039732,L&L PRODUCTS INC,REINFORCEMENT-F,ARM530VY
86571799,607039732,ROBERT BOSCH LLC,MODULE ASM-PARK,ARM530VY
85013512,000259622,ROBERT BOSCH LLC,MODULE ASM-PARK,ARM540LA
85013513,000259622,CASCO PRODUCTS CORPORATION,RECEPTACLE ASM-,ARM540LA
86290515,000259622,CASCO PRODUCTS CORPORATION,RETAINER ASM-F/,ARM540LA
86290516,000259622,CASCO PRODUCTS CORPORATION,RECEPTACLE ASM-,ARM540LA
86290517,000259622,CASCO PRODUCTS CORPORATION,RECEPTACLE ASM-,ARM540LA
86290518,000259622,HENKEL US OPERATIONS CORPORATION,BUMPER-F/FDR RR,ARM540LA
86290519,000259622,SHAPE CORP,STIFFENER-FRT B,ARM540LA
86290520,000259622,SHAPE CORP,STIFFENER-FRT B,ARM540LA
86290521,000259622,SHAPE CORP,STIFFENER,ARM540LA
86290523,000259622,SHAPE CORP,STIFFENER,ARM540LA
86290524,000259622,SHAPE CORP,BAR ASM-FRT BPR,ARM540LA
86290525,000259622,SHAPE CORP,BAR ASM-RR BPR,ARM540LA
86290526,000259622,SHAPE CORP,BAR ASM-RR BPR,ARM540LA
86290527,000259622,AURIA OLD FORT LLC,INSULATOR,ARM540LA
86290528,000259622,AURIA OLD FORT LLC,INSULATOR,ARM540LA
86290529,000259622,ILLINOIS TOOL WORKS INC,NUT,ARM540LA
86290530,000259622,ILLINOIS TOOL WORKS INC,NUT,ARM540LA
86290532,000259622,ILLINOIS TOOL WORKS INC,NUT-U/SPRING,ARM540LA
86290533,000259622,ILLINOIS TOOL WORKS INC,NUT-TYPE-PUSH I,ARM540LA
86290534,000259622,ILLINOIS TOOL WORKS INC,NUT-U/SPRING,ARM540LA
86290535,000259622,ILLINOIS TOOL WORKS INC,NUT-U/SPRING,ARM540LA
86290536,000259622,ILLINOIS TOOL WORKS INC,NUT-U/SPRING,ARM540LA
86290545,000259622,ILLINOIS TOOL WORKS INC,NUT-U/SPRING,ARM540LA
86290547,000259622,ILLINOIS TOOL WORKS INC,NUT-U/SPRING,ARM540LA
86290548,000259622,ILLINOIS TOOL WORKS INC,NUT-U/SPRING,ARM540LA
86290549,000259622,ILLINOIS TOOL WORKS INC,NUT-PUSH IN,ARM540LA
86290550,000259622,ILLINOIS TOOL WORKS INC,NUT-,ARM540LA
86290552,000259622,ILLINOIS TOOL WORKS INC,NUT-PUSH IN,ARM540LA
86290553,000259622,ILLINOIS TOOL WORKS INC,NUT - TYPE DL W,ARM540LA
86290554,000259622,ILLINOIS TOOL WORKS INC,NUT,ARM540LA
86403797,000259622,ILLINOIS TOOL WORKS INC,NUT,ARM540LA
85013514,000259622,ILLINOIS TOOL WORKS INC,RETAINER,ARM540VA
85013519,000259622,MAGNA MODULAR SYSTEMS INC,SHUTTER ASM-FRT,ARM540VA
86290490,000259622,MAGNA MODULAR SYSTEMS INC,SHUTTER ASM-FRT,ARM540VA
86290492,000259622,MAGNA MODULAR SYSTEMS INC,SHUTTER ASM-FRT,ARM540VA
86290493,000259622,MAGNA MODULAR SYSTEMS INC,SHUTTER ASM-FRT,ARM540VA
86290496,000259622,MAGNA MODULAR SYSTEMS INC,SHUTTER ASM-FRT,ARM540VA
86290498,000259622,MAGNA MODULAR SYSTEMS INC,SHUTTER ASM-FRT,ARM540VA
86290499,000259622,MAGNA MODULAR SYSTEMS INC,SHUTTER ASM-FRT,ARM540VA
86290502,000259622,MAGNA MODULAR SYSTEMS INC,SHUTTER ASM-FRT,ARM540VA
86290503,000259622,MAGNA MODULAR SYSTEMS INC,SHUTTER ASM-FRT,ARM540VA
86290504,000259622,MAGNA MODULAR SYSTEMS INC,SHUTTER ASM-FRT,ARM540VA
86290505,000259622,MAGNA MODULAR SYSTEMS INC,SHUTTER ASM-FRT,ARM540VA
86290506,000259622,MAGNA MODULAR SYSTEMS INC,SHUTTER ASM-FRT,ARM540VA
86290507,000259622,HUTCHINSON ANTIVIBRATION SYS INC,BELT-A/C CMPR,ARM540VA
86290508,000259622,HUTCHINSON ANTIVIBRATION SYS INC,BELT-W/PMP & GE,ARM540VA
86290509,000259622,BROSE NEW BOSTON INC,BASE ASM-F/FLR,ARM540VA
86290510,000259622,BROSE NEW BOSTON INC,BASE ASM-F/FLR,ARM540VA
86290511,000259622,BROSE NEW BOSTON INC,BASE ASM-F/FLR,ARM540VA
86290512,000259622,BROSE NEW BOSTON INC,BASE ASM-F/FLR,ARM540VA
86290514,000259622,BROSE NEW BOSTON INC,BASE ASM-F/FLR,ARM540VA
85088762,965355311,BROSE NEW BOSTON INC,BASE ASM-F/FLR,ARM560A
85088763,965355311,BROSE NEW BOSTON INC,BASE ASM-F/FLR,ARM560A
85795496,965355311,BROSE NEW BOSTON INC,BASE ASM-F/FLR,ARM560A
85795497,965355311,BROSE NEW BOSTON INC,BASE ASM-F/FLR,ARM560A
86271535,965355311,BROSE NEW BOSTON INC,BASE ASM-F/FLR,ARM560A
84685553,144331493,BROSE NEW BOSTON INC,BASE ASM-F/FLR,ARM600A
84688279,144331493,BROSE NEW BOSTON INC,BASE ASM-F/FLR,ARM600A
84762290,144331493,BROSE NEW BOSTON INC,BASE ASM-F/FLR,ARM600A
84762291,144331493,BROSE NEW BOSTON INC,BASE ASM-F/FLR,ARM600A
84798389,144331493,ROBERT BOSCH S DE RL DE CV,CAP-WSW ARM FIN,ARM600A
84880967,144331493,ROBERT BOSCH S DE RL DE CV,MODULE ASM-WSW,ARM600A
85595976,144331493,GM DE MEXICO S DE RL DE CV,MODULE ASM-RDO,ARM600A
85595977,144331493,GM DE MEXICO S DE RL DE CV,MODULE ASM-RDO,ARM600A
23376319,000132233,ELRING KLINGER MEXICO SA DE CV,GASKET-EGR OTLT,ARM602V
84308400,000132233,ARNESES ELECTRICOS AUTOMOTRICES,CONNECTOR ASM-S,ARM602V
84437264,000132233,INDUSTRIAS MARTINREA DE MX SA DE CV,PIPE ASM-F/TNK,ARM602V
84949570,000132233,INDUSTRIAS MARTINREA DE MX SA DE CV,PIPE ASM-F/TNK,ARM602V
84949571,000132233,INDUSTRIAS MARTINREA DE MX SA DE CV,PIPE ASM-F/TNK,ARM602V
86524426,000132233,INDUSTRIAS MARTINREA DE MX SA DE CV,PIPE ASM-F/TNK,ARM602V
87835088,000132233,INDUSTRIAS MARTINREA DE MX SA DE CV,PIPE ASM-F/TNK,ARM602V
87850277,000132233,INDUSTRIAS MARTINREA DE MX SA DE CV,PIPE ASM-F/TNK,ARM602V
86411443,117731049,VENTRAMEX S DE RL DE CV,STRAP ASM-BAT H,ARM615A
86411444,117731049,VENTRAMEX S DE RL DE CV,TRAY ASM-BAT,ARM615A
86411445,117731049,VENTRAMEX S DE RL DE CV,PEDAL ASM-BRK,ARM615A
86411446,117731049,VENTRAMEX S DE RL DE CV,STRAP ASM-BAT H,ARM615A
86331349,809149292,BROSE MEXICO SA DE CV,REGULATOR ASM-R,ARM617L
86331350,809149292,BROSE MEXICO SA DE CV,REGULATOR ASM-R,ARM617L
86331351,809149292,BROSE MEXICO SA DE CV,REGULATOR ASM-F,ARM617L
86331352,809149292,BROSE MEXICO SA DE CV,REGULATOR ASM-F,ARM617L
86351016,809149292,BROSE MEXICO SA DE CV,REGULATOR ASM-R,ARM617L
86331348,809149292,BROSE MEXICO SA DE CV,REGULATOR ASM-R,ARM617L
11561763,081259198,AKWEL JUAREZ MEXICO SA DE CV,HOSE ASM-TRANS,ARM633LY
11588317,081259198,AKWEL JUAREZ MEXICO SA DE CV,HOSE ASM-TRANS,ARM633LY
11611046,081259198,AKWEL JUAREZ MEXICO SA DE CV,HOSE ASM,ARM633LY
11605627,081259198,AKWEL JUAREZ MEXICO SA DE CV,HOSE ASM-R/AXL,ARM633LY
11519894,081259198,AKWEL JUAREZ MEXICO SA DE CV,HOSE ASM-R/AXL,ARM633LY
11561300,081259198,VUTEQ INDUSTRIES MEXICO SA DE CV,BRACKET-DRVR F/,ARM633LY
11604960,081259198,VUTEQ INDUSTRIES MEXICO SA DE CV,BRACKET-F/FLR P,ARM633LY
11547474,081259198,CIKAUTXO DE MEXICO S DE RL DE CV,BOOT ASM-INTER,ARM633LY
11519376,081259198,MCCORD PAYEN DE,SHIELD-TURBO HT,ARM633LY
11519377,081259198,SAINT GOBAIN MEXICO SA DE CV,WINDOW-RR S/D,ARM633LY
11604173,081259198,SAINT GOBAIN MEXICO SA DE CV,WINDOW-RR S/D,ARM633LY
11518935,081259198,SAINT GOBAIN MEXICO SA DE CV,WINDOW-RR S/D,ARM633LY
11519389,081259198,SAINT GOBAIN MEXICO SA DE CV,WINDOW-RR S/D,ARM633LY
11547627,081259198,SAINT GOBAIN MEXICO SA DE CV,WINDOW-RR S/D,ARM633LY
11547669,081259198,SAINT GOBAIN MEXICO SA DE CV,WINDOW-RR S/D,ARM633LY
11548199,081259198,SAINT GOBAIN MEXICO SA DE CV,WINDOW-RR S/D,ARM633LY
11549092,081259198,SAINT GOBAIN MEXICO SA DE CV,WINDOW-RR S/D,ARM633LY
11549180,081259198,SAINT GOBAIN MEXICO SA DE CV,WINDOW-FRT S/D,ARM633LY
11561299,081259198,SAINT GOBAIN MEXICO SA DE CV,WINDOW-FRT S/D,ARM633LY
11561936,081259198,SAINT GOBAIN MEXICO SA DE CV,WINDOW-FRT S/D,ARM633LY
11569600,081259198,SAINT GOBAIN MEXICO SA DE CV,WINDOW-FRT S/D,ARM633LY
11570007,081259198,SAINT GOBAIN MEXICO SA DE CV,WINDOW ASM-BODY,ARM633LY
11570500,081259198,SAINT GOBAIN MEXICO SA DE CV,WINDOW ASM-BODY,ARM633LY
11588564,081259198,SAINT GOBAIN MEXICO SA DE CV,WINDOW ASM-BODY,ARM633LY
11588713,081259198,SAINT GOBAIN MEXICO SA DE CV,WINDOW ASM-BODY,ARM633LY
11588714,081259198,SAINT GOBAIN MEXICO SA DE CV,WINDOW ASM-BODY,ARM633LY
11588744,081259198,SAINT GOBAIN MEXICO SA DE CV,WINDOW ASM-BODY,ARM633LY
11601862,081259198,SAINT GOBAIN MEXICO SA DE CV,WINDOW-RR S/D,ARM633LY
11602057,081259198,SAINT GOBAIN MEXICO SA DE CV,WINDOW-RR S/D,ARM633LY
11602556,081259198,SAINT GOBAIN MEXICO SA DE CV,WINDOW-RR S/D,ARM633LY
11602557,081259198,SAINT GOBAIN MEXICO SA DE CV,WINDOW-RR S/D,ARM633LY
11602558,081259198,SAINT GOBAIN MEXICO SA DE CV,WINDOW-RR S/D,ARM633LY
11602559,081259198,SAINT GOBAIN MEXICO SA DE CV,WINDOW-RR S/D,ARM633LY
11602575,081259198,SAINT GOBAIN MEXICO SA DE CV,WINDOW-RR S/D,ARM633LY
11602696,081259198,SAINT GOBAIN MEXICO SA DE CV,WINDOW-RR S/D,ARM633LY
11603070,081259198,SAINT GOBAIN MEXICO SA DE CV,WINDOW ASM-BODY,ARM633LY
11603091,081259198,SAINT GOBAIN MEXICO SA DE CV,WINDOW ASM-BODY,ARM633LY
11603677,081259198,SAINT GOBAIN MEXICO SA DE CV,WINDOW ASM-BODY,ARM633LY
11603678,081259198,SAINT GOBAIN MEXICO SA DE CV,WINDOW ASM-BODY,ARM633LY
11609732,081259198,SAINT GOBAIN MEXICO SA DE CV,WINDOW ASM-BODY,ARM633LY
11610164,081259198,SAINT GOBAIN MEXICO SA DE CV,WINDOW ASM-BODY,ARM633LY
11610404,081259198,SAINT GOBAIN MEXICO SA DE CV,WINDOW ASM-BODY,ARM633LY
11610448,081259198,SAINT GOBAIN MEXICO SA DE CV,WINDOW ASM-BODY,ARM633LY
11611102,081259198,SAINT GOBAIN MEXICO SA DE CV,WINDOW ASM-BODY,ARM633LY
11611384,081259198,SAINT GOBAIN MEXICO SA DE CV,WINDOW ASM-BODY,ARM633LY
11611978,081259198,SAINT GOBAIN MEXICO SA DE CV,WINDOW ASM-BODY,ARM633LY
85852420,005050406,SAINT GOBAIN MEXICO SA DE CV,WINDOW ASM-BODY,ARM660A
85852421,005050406,SAINT GOBAIN MEXICO SA DE CV,WINDOW ASM-BODY,ARM660A
84693040,012839643,SAINT GOBAIN MEXICO SA DE CV,WINDOW ASM-BODY,ARM661V
85566156,012839643,SAINT GOBAIN MEXICO SA DE CV,WINDOW ASM-BODY,ARM661V
85575817,012839643,SAINT GOBAIN MEXICO SA DE CV,WINDOW ASM-BODY,ARM661V
85575818,012839643,SAINT GOBAIN MEXICO SA DE CV,WINDOW ASM-BODY,ARM661V
85599033,012839643,SAINT GOBAIN MEXICO SA DE CV,WINDOW ASM-BODY,ARM661V
85762236,012839643,SAINT GOBAIN MEXICO SA DE CV,WINDOW ASM-BODY,ARM661V
85762238,012839643,SAINT GOBAIN MEXICO SA DE CV,WINDOW ASM-BODY,ARM661V
85822146,012839643,SAINT GOBAIN MEXICO SA DE CV,WINDOW ASM-BODY,ARM661V
85822147,012839643,SAINT GOBAIN MEXICO SA DE CV,WINDOW ASM-BODY,ARM661V
85822148,012839643,SAINT GOBAIN MEXICO SA DE CV,COVER-R/WDO DEF,ARM661V
86373698,012839643,GRUPO ABC DE MEXICO SA DE CV,DUCT ASM-FLR FR,ARM661V
86785339,012839643,GRUPO ABC DE MEXICO SA DE CV,DUCT-FLR RR AIR,ARM661V
86289353,038709341,GRUPO ABC DE MEXICO SA DE CV,DUCT-FLR RR AIR,ARM665A
86289354,038709341,GRUPO ABC DE MEXICO SA DE CV,DUCT ASM,ARM665A
86289355,038709341,GRUPO ABC DE MEXICO SA DE CV,ADAPTER-FLR RR,ARM665A
40009402,070628511,GRUPO ABC DE MEXICO SA DE CV,DUCT-AUX A/C AI,ARM690A
40009830,070628511,GRUPO ABC DE MEXICO SA DE CV,STEP ASM-ASST,ARM690A
23387335,812895704,GRUPO ABC DE MEXICO SA DE CV,STEP ASM-ASST,ARM700VM
84953444,812895704,GRUPO ABC DE MEXICO SA DE CV,STEP ASM-ASST,ARM700VM
86546135,812895704,GRUPO ABC DE MEXICO SA DE CV,STEP ASM-ASST,ARM700VM
86546136,812895704,GRUPO ABC DE MEXICO SA DE CV,CONTAINER ASM-W,ARM700VM
86777126,812895704,GRUPO ABC DE MEXICO SA DE CV,CONTAINER ASM-W,ARM700VM
86777127,812895704,GRUPO ABC DE MEXICO SA DE CV,DUCT,ARM700VM
85754734,951576694,GRUPO ABC DE MEXICO SA DE CV,DUCT,ARM702A
86451682,951576694,GRUPO ABC DE MEXICO SA DE CV,DUCT,ARM702A
86352465,951576694,GRUPO ABC DE MEXICO SA DE CV,DUCT,ARM703VAM
86352466,951576694,GRUPO ABC DE MEXICO SA DE CV,DUCT,ARM703VAM
86379007,951576694,GRUPO ABC DE MEXICO SA DE CV,DUCT,ARM703VAM
86404712,951576694,GRUPO ABC DE MEXICO SA DE CV,DUCT,ARM703VAM
86404714,951576694,GRUPO ABC DE MEXICO SA DE CV,DUCT,ARM703VAM
85662942,812895704,GRUPO ABC DE MEXICO SA DE CV,DUCT,ARM705AAM
85662943,812895704,GRUPO ABC DE MEXICO SA DE CV,DUCT,ARM705AAM
85046319,000202412,GRUPO ABC DE MEXICO SA DE CV,DUCT,ARM710YM
86366548,000202412,GRUPO ABC DE MEXICO SA DE CV,DUCT,ARM710YM
86366549,000202412,GRUPO ABC DE MEXICO SA DE CV,DUCT,ARM710YM
20971966,816660435,GRUPO ABC DE MEXICO SA DE CV,DUCT,ARM714VM
23376235,816660435,GRUPO ABC DE MEXICO SA DE CV,DUCT,ARM714VM
84939880,816660435,GRUPO ABC DE MEXICO SA DE CV,DUCT,ARM714VM
40009608,812825113,GRUPO ABC DE MEXICO SA DE CV,DUCT,ARM717LM
40009609,812825113,GRUPO ABC DE MEXICO SA DE CV,DUCT ASM,ARM717LM
23391143,812416683,GRUPO ABC DE MEXICO SA DE CV,DUCT ASM,ARM720VAM
84922217,812416683,GRUPO ABC DE MEXICO SA DE CV,DUCT ASM,ARM720VAM
84922218,812416683,GRUPO ABC DE MEXICO SA DE CV,DUCT,ARM720VAM
84922219,812416683,GRUPO ABC DE MEXICO SA DE CV,DUCT,ARM720VAM
84922220,812416683,GRUPO ABC DE MEXICO SA DE CV,DUCT,ARM720VAM
84922221,812416683,GRUPO ABC DE MEXICO SA DE CV,DUCT,ARM720VAM
84922222,812416683,GRUPO ABC DE MEXICO SA DE CV,DUCT,ARM720VAM
84922223,812416683,GRUPO ABC DE MEXICO SA DE CV,DUCT,ARM720VAM
84922224,812416683,GRUPO ABC DE MEXICO SA DE CV,DUCT-AUX A/C AI,ARM720VAM
84922225,812416683,GRUPO ABC DE MEXICO SA DE CV,DUCT ASM-W/S DE,ARM720VAM
84922226,812416683,GRUPO ABC DE MEXICO SA DE CV,DUCT-AUX A/C AI,ARM720VAM
84922227,812416683,NOVARES MEXICO NORTH S DE RL DE CV,TANK ASM-SPCHG,ARM720VAM
84922228,812416683,NOVARES MEXICO NORTH S DE RL DE CV,TANK ASM-RAD SU,ARM720VAM
84922229,812416683,HENNIGES AUTOMOTIVE MEXICO SA DE CV,WEATHERSTRIP AS,ARM720VAM
84922230,812416683,HENNIGES AUTOMOTIVE MEXICO SA DE CV,WEATHERSTRIP AS,ARM720VAM
84922231,812416683,HENNIGES AUTOMOTIVE MEXICO SA DE CV,WEATHERSTRIP AS,ARM720VAM
84922232,812416683,HENNIGES AUTOMOTIVE MEXICO SA DE CV,WEATHERSTRIP AS,ARM720VAM
84922233,812416683,HENNIGES AUTOMOTIVE MEXICO SA DE CV,WEATHERSTRIP AS,ARM720VAM
84922236,812416683,HENNIGES AUTOMOTIVE MEXICO SA DE CV,WEATHERSTRIP AS,ARM720VAM
84922237,812416683,FTE MEXICANA SA DE CV,MODULE ASM-EXH,ARM720VAM
84922238,812416683,FTE MEXICANA SA DE CV,MODULE ASM-EXH,ARM720VAM
84922239,812416683,NORTH AMERICAN PRODUCTION SHARING,E/PIPE=SEAL,ARM720VAM
84922240,812416683,NORTH AMERICAN PRODUCTION SHARING,E/PIPE=SEAL,ARM720VAM
84922241,812416683,AUTOMOTIVE VERITAS DE,BUMPER ASM,ARM720VAM
84922242,812416683,AUTOMOTIVE VERITAS DE,HOSE ASM-EMIS R,ARM720VAM
84922243,812416683,AUTOMOTIVE VERITAS DE,BUMPER ASM-L/GA,ARM720VAM
85706574,812416683,AUTOMOTIVE VERITAS DE,PIPE ASM-EMIS R,ARM720VAM
84678965,812331239,AUTOMOTIVE VERITAS DE,PIPE ASM-EMIS R,ARM725AM
84678966,812331239,KIRCHHOFF AUTOMOTIVE MEXICO,SILL-U/B #1 CR,ARM725AM
84678969,812331239,KIRCHHOFF AUTOMOTIVE MEXICO,EXTENSION ASM-P,ARM725AM
84678970,812331239,KIRCHHOFF AUTOMOTIVE MEXICO,EXTENSION-PLNM,ARM725AM
84678973,812331239,KIRCHHOFF AUTOMOTIVE MEXICO,EXTENSION-PLNM,ARM725AM
84678974,812331239,FLEX-N-GATE MEXICO S DE RL DE CV,BRACKET ASM-HEA,ARM725AM
84678977,812331239,FLEX-N-GATE MEXICO S DE RL DE CV,RETAINER ASM-BA,ARM725AM
84678978,812331239,FLEX-N-GATE MEXICO S DE RL DE CV,INSULATOR ASM-B,ARM725AM
84753151,812331239,RASSINI FRENOS SA DE CV,ROTOR-RR BRK (C,ARM725AM
84753152,812331239,RASSINI FRENOS SA DE CV,ROTOR-FRT BRK (,ARM725AM
84753153,812331239,RASSINI FRENOS SA DE CV,ROTOR-RR BRK (C,ARM725AM
84753154,812331239,RASSINI FRENOS SA DE CV,ROTOR-FRT BRK (,ARM725AM
85059029,812331239,RASSINI FRENOS SA DE CV,ROTOR-FRT BRK (,ARM725AM
85059030,812331239,MUBEA DE MEXICO S DE RL DE CV,TENSIONER ASM-D,ARM725AM
85059031,812331239,MUBEA DE MEXICO S DE RL DE CV,PULLEY ASM-BELT,ARM725AM
85059032,812331239,VISSCHER CARAVELLE MEXICO SA DE CV,MAT PKG-FLR AUX,ARM725AM
85059033,812331239,VISSCHER CARAVELLE MEXICO SA DE CV,MAT PKG-FLR AUX,ARM725AM
85059034,812331239,VISSCHER CARAVELLE MEXICO SA DE CV,MAT PKG-FLR AUX,ARM725AM
85059035,812331239,VISSCHER CARAVELLE MEXICO SA DE CV,MAT PKG-FLR AUX,ARM725AM
85059036,812331239,VISSCHER CARAVELLE MEXICO SA DE CV,MAT PKG-FLR AUX,ARM725AM
84956858,812331239,VISSCHER CARAVELLE MEXICO SA DE CV,MAT PKG-FLR AUX,ARM725LM
84956859,812331239,VISSCHER CARAVELLE MEXICO SA DE CV,MAT PKG-FLR AUX,ARM725LM
84956862,812331239,VISSCHER CARAVELLE MEXICO SA DE CV,MAT PKG-FLR AUX,ARM725LM
84956863,812331239,VISSCHER CARAVELLE MEXICO SA DE CV,MAT PKG-FLR AUX,ARM725LM
84956898,812331239,VISSCHER CARAVELLE MEXICO SA DE CV,MAT PKG-FLR AUX,ARM725LM
84956899,812331239,VISSCHER CARAVELLE MEXICO SA DE CV,MAT PKG-FLR AUX,ARM725LM
85102851,812331239,VISSCHER CARAVELLE MEXICO SA DE CV,MAT PKG-FLR AUX,ARM725LM
85102852,812331239,VISSCHER CARAVELLE MEXICO SA DE CV,MAT PKG-FLR AUX,ARM725LM
85102853,812331239,VISSCHER CARAVELLE MEXICO SA DE CV,MAT PKG-FLR AUX,ARM725LM
85102854,812331239,VISSCHER CARAVELLE MEXICO SA DE CV,MAT PKG-FLR AUX,ARM725LM
85102855,812331239,NYX MEXICO PLASTICS S DE RL DE CV,INSERT-W/S M/FU,ARM725LM
85102856,812331239,NYX MEXICO PLASTICS S DE RL DE CV,COVER-W/S M/FUN,ARM725LM
85102857,812331239,VALEO SISTEMAS ELECTRICOS SA DE CV,MODULE ASM-HTR,ARM725LM
85102858,812331239,VALEO SISTEMAS ELECTRICOS SA DE CV,MODULE ASM-HTR,ARM725LM
85102891,812331239,SAN LUIS DASUNG SA DE CV,BRACKET ASM-BOD,ARM725LM
85102892,812331239,SAN LUIS DASUNG SA DE CV,BRACKET-HTR WAT,ARM725LM
85102893,812331239,SAN LUIS DASUNG SA DE CV,BRACKET ASM-CHR,ARM725LM
85102894,812331239,SAN LUIS DASUNG SA DE CV,BRACKET ASM-CHR,ARM725LM
85102897,812331239,SAN LUIS DASUNG SA DE CV,BRACKET ASM-BOD,ARM725LM
85102898,812331239,SAN LUIS DASUNG SA DE CV,BRACKET-HTR INL,ARM725LM
85139551,812331239,SAN LUIS DASUNG SA DE CV,BRACKET-TRANS F,ARM725LM
85139552,812331239,SAN LUIS DASUNG SA DE CV,BRACKET AS,ARM725LM
85139555,812331239,SAN LUIS DASUNG SA DE CV,BRACKET AS,ARM725LM
85139556,812331239,SAN LUIS DASUNG SA DE CV,BRACKET AS,ARM725LM
85139559,812331239,SAN LUIS DASUNG SA DE CV,BRACKET AS,ARM725LM
85139560,812331239,FORMEX MEXICO SA DE CV,FRAME ASM-W/S O,ARM725LM
85139563,812331239,FORMEX MEXICO SA DE CV,FRAME ASM-W/S O,ARM725LM
85139564,812331239,FORMEX MEXICO SA DE CV,REINFORCEMENT A,ARM725LM
87842884,812331239,FORMEX MEXICO SA DE CV,REINFORCEMENT A,ARM725LM
84419749,000202345,DN AUTOMOTIVE MEXICO SA DE CV,MOUNT,ARM730LM
84963923,812133478,DN AUTOMOTIVE MEXICO SA DE CV,MOUNT-TRANS,ARM730LM
86279482,812133478,DN AUTOMOTIVE MEXICO SA DE CV,MOUNT-TRANS,ARM730LM
86299578,812133478,DN AUTOMOTIVE MEXICO SA DE CV,MOUNT-TRANS,ARM730LM
84910337,816149298,DN AUTOMOTIVE MEXICO SA DE CV,MOUNT-TRANS,ARM750DM
85011793,816149298,DN AUTOMOTIVE MEXICO SA DE CV,MOUNT ASM-ENG,ARM750DM
85011794,816149298,DN AUTOMOTIVE MEXICO SA DE CV,MOUNT ASM-ENG,ARM750DM
85011799,816149298,DN AUTOMOTIVE MEXICO SA DE CV,MOUNT ASM-ENG,ARM750DM
85011800,816149298,DN AUTOMOTIVE MEXICO SA DE CV,MOUNT ASM-ENG,ARM750DM
85148997,816149298,DAIMAY AUTOMOTIVE INTERIOR,SUNSHADE ASM-.,ARM750DM
85148998,816149298,DAIMAY AUTOMOTIVE INTERIOR,SUNSHADE ASM-.,ARM750DM
85747318,816149298,DAIMAY AUTOMOTIVE INTERIOR,SUNSHADE ASM-.,ARM750DM
85747319,816149298,DAIMAY AUTOMOTIVE INTERIOR,SUNSHADE ASM-.,ARM750DM
85747321,816149298,DAIMAY AUTOMOTIVE INTERIOR,SUNSHADE ASM-.,ARM750DM
85831399,816149298,DAIMAY AUTOMOTIVE INTERIOR,SUNSHADE ASM-.,ARM750DM
85831401,816149298,DAIMAY AUTOMOTIVE INTERIOR,SUNSHADE ASM-.,ARM750DM
85537674,816149298,DAIMAY AUTOMOTIVE INTERIOR,SUNSHADE ASM-.,ARM750DM
86808876,816149298,DAIMAY AUTOMOTIVE INTERIOR,SUNSHADE ASM-.,ARM750DM
86808877,816149298,DAIMAY AUTOMOTIVE INTERIOR,SUNSHADE ASM-.,ARM750DM
85656542,816149298,DAIMAY AUTOMOTIVE INTERIOR,SUNSHADE ASM-.,ARM750DM
85656544,816149298,DAIMAY AUTOMOTIVE INTERIOR,SUNSHADE ASM-.,ARM750DM
85656545,816149298,DAIMAY AUTOMOTIVE INTERIOR,SUNSHADE ASM-.,ARM750DM
85047339,816149298,DAIMAY AUTOMOTIVE INTERIOR,SUNSHADE ASM-.,ARM750DM
85047340,816149298,DAIMAY AUTOMOTIVE INTERIOR,SUNSHADE ASM-.,ARM750DM
85047342,816149298,DAIMAY AUTOMOTIVE INTERIOR,SUNSHADE ASM-.,ARM750DM
85047343,816149298,DAIMAY AUTOMOTIVE INTERIOR,SUNSHADE ASM-.,ARM750DM
86557007,816149298,DAIMAY AUTOMOTIVE INTERIOR,SUNSHADE ASM-.,ARM750DM
86557008,816149298,DAIMAY AUTOMOTIVE INTERIOR,SUNSHADE ASM-.,ARM750DM
86557010,816149298,DAIMAY AUTOMOTIVE INTERIOR,SUNSHADE ASM-.,ARM750DM
86557011,816149298,DAIMAY AUTOMOTIVE INTERIOR,SUNSHADE ASM-.,ARM750DM
84910365,816149298,DAIMAY AUTOMOTIVE INTERIOR,SUNSHADE ASM-.,ARM750DM
85016246,816149298,DAIMAY AUTOMOTIVE INTERIOR,SUNSHADE ASM-.,ARM750DM
85016247,816149298,DAIMAY AUTOMOTIVE INTERIOR,SUNSHADE ASM-.,ARM750DM
85016248,816149298,DAIMAY AUTOMOTIVE INTERIOR,SUNSHADE ASM-.,ARM750DM
85046841,816149298,DAIMAY AUTOMOTIVE INTERIOR,SUNSHADE ASM-.,ARM750DM
85062423,816149298,DAIMAY AUTOMOTIVE INTERIOR,SUNSHADE ASM-.,ARM750DM
85062424,816149298,DAIMAY AUTOMOTIVE INTERIOR,SUNSHADE ASM-.,ARM750DM
85065222,816149298,DAIMAY AUTOMOTIVE INTERIOR,SUNSHADE ASM-.,ARM750DM
85065223,816149298,DAIMAY AUTOMOTIVE INTERIOR,SUNSHADE ASM-.,ARM750DM
85065224,816149298,DAIMAY AUTOMOTIVE INTERIOR,SUNSHADE ASM-.,ARM750DM
85067459,816149298,DAIMAY AUTOMOTIVE INTERIOR,SUNSHADE ASM-.,ARM750DM
85067460,816149298,NEAPCO MEXICO S DE RL DE CV,SHAFT ASM-PROP,ARM750DM
85073394,816149298,NEAPCO MEXICO S DE RL DE CV,SHAFT ASM-PROP,ARM750DM
85075286,816149298,NEAPCO MEXICO S DE RL DE CV,SHAFT ASM-PROP,ARM750DM
85075287,816149298,NEAPCO MEXICO S DE RL DE CV,SHAFT ASM-PROP,ARM750DM
85075288,816149298,CONTITECH FLUID DISTRIBUIDORA SA DE,HOSE ASM-HTR IN,ARM750DM
85141945,816149298,CONTITECH FLUID DISTRIBUIDORA SA DE,HOSE ASM,ARM750DM
85141949,816149298,CONTITECH FLUID DISTRIBUIDORA SA DE,HOSE ASM-HTR OT,ARM750DM
85141953,816149298,CONTITECH FLUID DISTRIBUIDORA SA DE,HOSE ASM-CHRG A,ARM750DM
85141954,816149298,CONTITECH FLUID DISTRIBUIDORA SA DE,HOSE ASM-FUEL C,ARM750DM
85148989,816149298,MANUFACTURERA EL JARUDO S DE RL DE,RETAINER-RR S/D,ARM750DM
85578456,816149298,MANUFACTURERA EL JARUDO S DE RL DE,RETAINER-RR S/D,ARM750DM
85578457,816149298,MANUFACTURERA EL JARUDO S DE RL DE,RETAINER ASM-FR,ARM750DM
85656565,816149298,MANUFACTURERA EL JARUDO S DE RL DE,RETAINER ASM-FR,ARM750DM
85719201,816149298,MANUFACTURERA EL JARUDO S DE RL DE,RETAINER-RR S/D,ARM750DM
85719202,816149298,MANUFACTURERA EL JARUDO S DE RL DE,RETAINER-RR S/D,ARM750DM
85746376,816149298,MANUFACTURERA EL JARUDO S DE RL DE,RETAINER-FRT S/,ARM750DM
85780384,816149298,MANUFACTURERA EL JARUDO S DE RL DE,RETAINER-FRT S/,ARM750DM
85797801,816149298,ROBERT BOSCH MEXICO SISTEMAS AUTOM,FAN ASM,ARM750DM
85802578,816149298,ROBERT BOSCH MEXICO SISTEMAS AUTOM,FAN ASM-ENG CLR,ARM750DM
86273963,816149298,ROBERT BOSCH MEXICO SISTEMAS AUTOM,FAN ASM-ENG CLR,ARM750DM
86278293,816149298,ROBERT BOSCH MEXICO SISTEMAS AUTOM,FAN ASM-ENG CLR,ARM750DM
86278295,816149298,RAUFOSS AUTOMOTIVE COMPONENTS,ARM ASM-FRT UPR,ARM750DM
86594339,816149298,RAUFOSS AUTOMOTIVE COMPONENTS,ARM ASM-FRT UPR,ARM750DM
86808867,816149298,US FARATHANE SA DE CV,BAFFLE,ARM750DM
86815659,816149298,US FARATHANE SA DE CV,BAFFLE-RAD AIR,ARM750DM
86815660,816149298,US FARATHANE SA DE CV,BAFFLE-RAD AIR,ARM750DM
86819786,816149298,US FARATHANE SA DE CV,BAFFLE-RAD AIR,ARM750DM
87837862,816149298,FLEXITECH AUTOMOTIVE,HOSE ASM-FRT BR,ARM750DM
87838772,816149298,FLEXITECH AUTOMOTIVE,HOSE ASM-FRT BR,ARM750DM
87838773,816149298,FLEXITECH AUTOMOTIVE,HOSE ASM-FRT BR,ARM750DM
85150981,812234458,FLEXITECH AUTOMOTIVE,HOSE ASM-FRT BR,ARM755LYM
85150982,812234458,FLEXITECH AUTOMOTIVE,HOSE ASM-RR BRK,ARM755LYM
86305695,812234458,FLEXITECH AUTOMOTIVE,HOSE ASM-RR BRK,ARM755LYM
86305696,812234458,ADAC STRATTEC DE MEXICO,HANDLE ASM-RR S,ARM755LYM
87833810,812234458,ADAC STRATTEC DE MEXICO,HANDLE ASM-RR S,ARM755LYM
87833811,812234458,ADAC STRATTEC DE MEXICO,COVER ASM-FRT S,ARM755LYM
85512207,812831062,ADAC STRATTEC DE MEXICO,COVER ASM-FRT S,ARM762AAM
85609947,812831062,ADAC STRATTEC DE MEXICO,BEZEL ASM-FRT S,ARM762AAM
85663428,951649864,ADAC STRATTEC DE MEXICO,BEZEL ASM-FRT S,ARM765VAM
85663429,951649864,ADAC STRATTEC DE MEXICO,BEZEL ASM,ARM765VAM
86308309,812895696,ADAC STRATTEC DE MEXICO,BEZEL ASM,ARM775AM
85075685,812895696,ADAC STRATTEC DE MEXICO,HANDLE ASM-FRT,ARM775L
84578592,812803176,ADAC STRATTEC DE MEXICO,HANDLE ASM-FRT,ARM776VM
85654565,812803176,ADAC STRATTEC DE MEXICO,BEZEL ASM-FRT S,ARM776VM
85686457,812803176,ADAC STRATTEC DE MEXICO,BEZEL ASM-FRT S,ARM776VM
86778033,812803176,ADAC STRATTEC DE MEXICO,BEZEL ASM-FRT S,ARM776VM
85854097,816629877,ADAC STRATTEC DE MEXICO,BEZEL ASM-FRT S,ARM778LM
85854098,816629877,ADAC STRATTEC DE MEXICO,COVER ASM-FRT S,ARM778LM
85854099,816629877,ADAC STRATTEC DE MEXICO,COVER ASM-FRT S,ARM778LM
85854100,816629877,ADAC STRATTEC DE MEXICO,COVER ASM-RR S/,ARM778LM
86408223,816629877,ADAC STRATTEC DE MEXICO,BEZEL ASM-FRT S,ARM778LM
86408224,816629877,ADAC STRATTEC DE MEXICO,HANDLE ASM-FRT,ARM778LM
86408225,816629877,ADAC STRATTEC DE MEXICO,HANDLE ASM-FRT,ARM778LM
86408226,816629877,ADAC STRATTEC DE MEXICO,BEZEL ASM-FRT S,ARM778LM
86372961,813185634,ADAC STRATTEC DE MEXICO,COVER ASM-FRT S,ARM782L
86372962,813185634,ADAC STRATTEC DE MEXICO,BEZEL ASM-FRT S,ARM782L
86372963,813185634,ADAC STRATTEC DE MEXICO,COVER ASM-FRT S,ARM782L
86372964,813185634,ADAC STRATTEC DE MEXICO,COVER ASM-FRT S,ARM782L
86372965,813185634,ADAC STRATTEC DE MEXICO,BEZEL ASM-FRT S,ARM782L
86372966,813185634,ADAC STRATTEC DE MEXICO,BEZEL ASM-FRT S,ARM782L
86372967,813185634,ADAC STRATTEC DE MEXICO,HANDLE ASM-FRT,ARM782L
13552815,812555407,ADAC STRATTEC DE MEXICO,BEZEL ASM-FRT S,ARM785VAM
13553983,812555407,ADAC STRATTEC DE MEXICO,COVER ASM-FRT S,ARM785VAM
87842411,812555407,ADAC STRATTEC DE MEXICO,HANDLE ASM-FRT,ARM785VAM
87869715,812555407,ADAC STRATTEC DE MEXICO,HANDLE ASM-FRT,ARM785VAM
87869716,812555407,ADAC STRATTEC DE MEXICO,HANDLE ASM-FRT,ARM785VAM
86438615,816154785,ADAC STRATTEC DE MEXICO,HANDLE ASM-FRT,ARM787LAM
85724972,816154785,ADAC STRATTEC DE MEXICO,BEZEL ASM-FRT S,ARM787LAM
86584016,816154785,ADAC STRATTEC DE MEXICO,BEZEL ASM-FRT S,ARM787LAM
84809514,812416683,ADAC STRATTEC DE MEXICO,BEZEL ASM-FRT S,ARM790LAM
84809515,812416683,ADAC STRATTEC DE MEXICO,BEZEL ASM-FRT S,ARM790LAM
84809518,812416683,ADAC STRATTEC DE MEXICO,COVER ASM-RR S/,ARM790LAM
84809519,812416683,ADAC STRATTEC DE MEXICO,COVER ASM-RR S/,ARM790LAM
86410087,812416683,ADAC STRATTEC DE MEXICO,HANDLE ASM,ARM790LAM
86410088,812416683,ADAC STRATTEC DE MEXICO,HANDLE ASM,ARM790LAM
84454722,812416683,ADAC STRATTEC DE MEXICO,COVER ASM,ARM790LBM
84454723,812416683,ADAC STRATTEC DE MEXICO,BEZEL ASM,ARM790LBM
84509528,812416683,ADAC STRATTEC DE MEXICO,BEZEL ASM,ARM790LBM
84535442,812416683,ADAC STRATTEC DE MEXICO,HANDLE ASM-FRT,ARM790LBM
84674592,812416683,ADAC STRATTEC DE MEXICO,HANDLE ASM-FRT,ARM790LBM
84816822,812416683,ADAC STRATTEC DE MEXICO,HANDLE ASM-FRT,ARM790LBM
84816823,812416683,ADAC STRATTEC DE MEXICO,HANDLE ASM-FRT,ARM790LBM
85622322,812416683,ADAC STRATTEC DE MEXICO,HANDLE ASM-FRT,ARM790LBM
85869088,812416683,ADAC STRATTEC DE MEXICO,HANDLE ASM-FRT,ARM790LBM
86322244,812760162,ADAC STRATTEC DE MEXICO,HANDLE ASM-FRT,ARM798VM
86421693,812760162,ADAC STRATTEC DE MEXICO,HANDLE ASM-FRT,ARM798VM
86421694,812760162,ADAC STRATTEC DE MEXICO,HANDLE ASM-FRT,ARM798VM
23380445,816523799,ADAC STRATTEC DE MEXICO,HANDLE ASM-FRT,ARM799AAM
84733378,816523799,ADAC STRATTEC DE MEXICO,HANDLE ASM-FRT,ARM799AAM
85798521,816523799,ADAC STRATTEC DE MEXICO,HANDLE ASM-FRT,ARM799AAM
84827995,242059041,ADAC STRATTEC DE MEXICO,HANDLE ASM-FRT,ARM800A
84827996,242059041,ADAC STRATTEC DE MEXICO,HANDLE ASM-FRT,ARM800A
84827997,242059041,ADAC STRATTEC DE MEXICO,COVER ASM-FRT S,ARM800A
84827998,242059041,ADAC STRATTEC DE MEXICO,BEZEL ASM-FRT S,ARM800A
12742595,249196973,ADAC STRATTEC DE MEXICO,HANDLE ASM-FRT,ARM811A
12742596,249196973,ADAC STRATTEC DE MEXICO,BEZEL ASM-FRT S,ARM811A
12742597,249196973,ADAC STRATTEC DE MEXICO,COVER ASM-FRT S,ARM811A
12740606,249196973,ADAC STRATTEC DE MEXICO,BEZEL ASM-FRT S,ARM811A
12740605,249196973,ADAC STRATTEC DE MEXICO,HANDLE ASM-RR S,ARM811A
12740607,249196973,ADAC STRATTEC DE MEXICO,HANDLE ASM-RR S,ARM811A
85788904,248680126,ADAC STRATTEC DE MEXICO,BEZEL ASM,ARM821A
85838987,248680126,ADAC STRATTEC DE MEXICO,BEZEL ASM,ARM821A
85838988,248680126,ADAC STRATTEC DE MEXICO,BEZEL ASM,ARM821A
85838989,248680126,ADAC STRATTEC DE MEXICO,BEZEL ASM-FRT S,ARM821A
85838992,248680126,ADAC STRATTEC DE MEXICO,BEZEL ASM-FRT S,ARM821A
85838993,248680126,ADAC STRATTEC DE MEXICO,COVER ASM-RR S/,ARM821A
85838996,248680126,KOSTAL MEXICANA SA DE CV,SWITCH ASM-RIDE,ARM821A
85838997,248680126,KOSTAL MEXICANA SA DE CV,SWITCH ASM-RIDE,ARM821A
85841426,248680126,KOSTAL MEXICANA SA DE CV,SWITCH ASM-RIDE,ARM821A
85841427,248680126,KOSTAL MEXICANA SA DE CV,SWITCH ASM-RIDE,ARM821A
85841428,248680126,KOSTAL MEXICANA SA DE CV,SWITCH ASM-RIDE,ARM821A
85841429,248680126,KOSTAL MEXICANA SA DE CV,SWITCH ASM-RIDE,ARM821A
85841432,248680126,KOSTAL MEXICANA SA DE CV,SWITCH ASM-RIDE,ARM821A
85841433,248680126,KOSTAL MEXICANA SA DE CV,SWITCH ASM-RIDE,ARM821A
85841436,248680126,KOSTAL MEXICANA SA DE CV,SWITCH ASM-RIDE,ARM821A
85841438,248680126,KOSTAL MEXICANA SA DE CV,SWITCH ASM-RIDE,ARM821A
85841439,248680126,KOSTAL MEXICANA SA DE CV,SWITCH ASM-RIDE,ARM821A
86294307,248680126,KOSTAL MEXICANA SA DE CV,SWITCH ASM-HDLP,ARM821A
85112804,248680126,KOSTAL MEXICANA SA DE CV,SWITCH ASM-HDLP,ARM821L
85873290,248680126,KOSTAL MEXICANA SA DE CV,SWITCH ASM-HDLP,ARM821L
86455037,254064116,KOSTAL MEXICANA SA DE CV,SWITCH ASM-TRLR,ARM825A
86410085,247524416,KOSTAL MEXICANA SA DE CV,SWITCH ASM-TRLR,ARM840L
86410086,247524416,KOSTAL MEXICANA SA DE CV,SWITCH ASM-HDLP,ARM840L
84809512,247524416,FAURECIA SISTEMAS AUTOMOTRICES DE,BRACKET-CTLTC C,ARM840L
84809513,247524416,TENNECO MEXICO S DE RL DE CV,BRACKET-CTLTC C,ARM840L
84809516,247524416,TENNECO MEXICO S DE RL DE CV,CONVERTER ASM-N,ARM840L
84809517,247524416,AKWEL ORIZABA MEXICO SA DE CV,HOSE ASM,ARM840L
86279573,203254292,AKWEL ORIZABA MEXICO SA DE CV,HOSE ASM,ARM870L
86279574,203254292,AKWEL ORIZABA MEXICO SA DE CV,HOSE ASM,ARM870L
86279575,203254292,AKWEL ORIZABA MEXICO SA DE CV,HOSE ASM,ARM870L
86279576,203254292,AKWEL ORIZABA MEXICO SA DE CV,HOSE ASM,ARM870L
86341593,253988547,AKWEL ORIZABA MEXICO SA DE CV,HOSE ASM,ARM890L
86361918,253988547,AKWEL ORIZABA MEXICO SA DE CV,HOSE ASM,ARM890L
86361920,253988547,AKWEL ORIZABA MEXICO SA DE CV,HOSE ASM,ARM890L
86341592,253988547,AKWEL ORIZABA MEXICO SA DE CV,TUBE ASM-BAT VE,ARM890L
86469453,253988547,AKWEL ORIZABA MEXICO SA DE CV,PIPE ASM-HTR IN,ARM890L
86469454,253988547,AKWEL ORIZABA MEXICO SA DE CV,HOSE ASM-R/AXL,ARM890L
86469455,253988547,AKWEL ORIZABA MEXICO SA DE CV,HOSE ASM-ENG CO,ARM890L
86469456,253988547,GRUPO ABC DE MEXICO SA DE CV,DUCT ASM-A/CL O,ARM890L
86469457,253988547,GRUPO ABC DE MEXICO SA DE CV,CLEANER ASM-AIR,ARM890L
86470361,253988547,MUBEA DE MEXICO S DE RL DE CV,SHAFT-FRT STAB,ARM890L
86470362,253988547,MUBEA DE MEXICO S DE RL DE CV,SHAFT-FRT STAB,ARM890L
86470365,253988547,CIKAUTXO DE MEXICO S DE RL DE CV,HOSE ASM,ARM890L
86470366,253988547,CIKAUTXO DE MEXICO S DE RL DE CV,PIPE ASM,ARM890L
86470369,253988547,CIKAUTXO DE MEXICO S DE RL DE CV,PIPE ASM,ARM890L
86470370,253988547,CIKAUTXO DE MEXICO S DE RL DE CV,HOSE ASM,ARM890L
86361917,253988547,CIKAUTXO DE MEXICO S DE RL DE CV,HOSE ASM-THERM,ARM890L
86361919,253988547,CIKAUTXO DE MEXICO S DE RL DE CV,PIPE ASM-EXH PR,ARM890L
86391538,253988547,TRW OCCUPANT RESTRAINTS DE,AIRBAG ASM-I/P,ARM890L
86452918,253988547,TRW OCCUPANT RESTRAINTS DE,AIRBAG ASM-I/P,ARM890L
86469449,253988547,TRW OCCUPANT RESTRAINTS DE,AIRBAG ASM-I/P,ARM890L
86469450,253988547,TRW OCCUPANT RESTRAINTS DE,AIRBAG ASM-FRT,ARM890L
86469451,253988547,TRW OCCUPANT RESTRAINTS DE,AIRBAG ASM-FRT,ARM890L
86469452,253988547,TRW OCCUPANT RESTRAINTS DE,AIRBAG ASM-FRT,ARM890L
86470363,253988547,TRW OCCUPANT RESTRAINTS DE,AIRBAG ASM-FRT,ARM890L
86470364,253988547,TRW OCCUPANT RESTRAINTS DE,AIRBAG ASM-FRT,ARM890L
86470367,253988547,TRW OCCUPANT RESTRAINTS DE,AIRBAG ASM-FRT,ARM890L
86470368,253988547,TRW OCCUPANT RESTRAINTS DE,AIRBAG ASM-FRT,ARM890L
86470371,253988547,TRW OCCUPANT RESTRAINTS DE,AIRBAG ASM-FRT,ARM890L
86470372,253988547,DASAN DMC MEXICO S DE R L DE C V,BUMPER-HOOD SI,ARM890L
84148578,253988547,DASAN DMC MEXICO S DE R L DE C V,BUMPER-HOOD FRT,ARM890L
84148579,253988547,DASAN DMC MEXICO S DE R L DE C V,BUMPER-L/GATE W,ARM890L
84844387,253988547,DASAN DMC MEXICO S DE R L DE C V,BUMPER-HOOD FRT,ARM890L
84844388,253988547,DASAN DMC MEXICO S DE R L DE C V,BUMPER-L/GATE L,ARM890L
84844389,253988547,DASAN DMC MEXICO S DE R L DE C V,BUMPER-HOOD FRT,ARM890L
84844390,253988547,DASAN DMC MEXICO S DE R L DE C V,PLUG-RR S/ABS A,ARM890L
84988281,253988547,FORMEX MEXICO SA DE CV,FRAME 2S,ARM890L
84988282,253988547,FORMEX MEXICO SA DE CV,FRAME 2L,ARM890L
84988283,253988547,FORMEX MEXICO SA DE CV,FRAME 4L,ARM890L
84988284,253988547,FORMEX MEXICO SA DE CV,FRAME 4S,ARM890L
84988285,253988547,FORMEX MEXICO SA DE CV,FRAME ASM-.,ARM890L
84988286,253988547,FORMEX MEXICO SA DE CV,FRAME ASM-.,ARM890L
84988287,253988547,FORMEX MEXICO SA DE CV,FRAME ASM-.,ARM890L
84988288,253988547,FORMEX MEXICO SA DE CV,FRAME ASM-.,ARM890L
85136432,253988547,US FARATHANE SA DE CV,CAP-R/FLR PNL S,ARM890L
85136433,253988547,US FARATHANE SA DE CV,BRACKET-RDO SPK,ARM890L
85136434,253988547,US FARATHANE SA DE CV,BRACKET ASM-RAD,ARM890L
85136435,253988547,CEMM MEX SA DE CV,CABLE ASM-ANT C,ARM890L
85136436,253988547,CEMM MEX SA DE CV,CABLE ASM-ANT C,ARM890L
85136437,253988547,CEMM MEX SA DE CV,CABLE ASM-ANT C,ARM890L
85136438,253988547,CEMM MEX SA DE CV,CABLE ASM-ANT C,ARM890L
85136439,253988547,CEMM MEX SA DE CV,CABLE ASM-ANT C,ARM890L
85590192,253988547,CEMM MEX SA DE CV,CABLE ASM-ANT C,ARM890L
85590193,253988547,CEMM MEX SA DE CV,CABLE ASM-ANT C,ARM890L
85590194,253988547,CEMM MEX SA DE CV,CABLE ASM-ANT C,ARM890L
85590195,253988547,CEMM MEX SA DE CV,CABLE ASM-ANT C,ARM890L
85590196,253988547,CEMM MEX SA DE CV,CABLE ASM-ANT C,ARM890L
85590197,253988547,CEMM MEX SA DE CV,CABLE ASM-ANT C,ARM890L
85590198,253988547,CEMM MEX SA DE CV,CABLE ASM-ANT C,ARM890L
85590199,253988547,CEMM MEX SA DE CV,CABLE ASM-ANT C,ARM890L
85604002,253988547,CEMM MEX SA DE CV,CABLE ASM-ANT C,ARM890L
85604003,253988547,CEMM MEX SA DE CV,CABLE ASM-ANT C,ARM890L
85604004,253988547,CEMM MEX SA DE CV,CONTROL ASM-VID,ARM890L
85604005,253988547,CEMM MEX SA DE CV,CABLE ASM-RR VI,ARM890L
85751519,253988547,CEMM MEX SA DE CV,CABLE ASM-RR VI,ARM890L
85751520,253988547,CEMM MEX SA DE CV,CABLE ASM-ANT C,ARM890L
85751521,253988547,CEMM MEX SA DE CV,CABLE ASM-ANT C,ARM890L
85751522,253988547,CEMM MEX SA DE CV,CABLE ASM-ANT C,ARM890L
85751523,253988547,CEMM MEX SA DE CV,CABLE ASM-RR VI,ARM890L
85751524,253988547,IACNA MEXICO S DE RL DE CV,PANEL ASM-F/FLR,ARM890L
85751525,253988547,IACNA MEXICO S DE RL DE CV,PANEL ASM-F/FLR,ARM890L
85751526,253988547,IACNA MEXICO S DE RL DE CV,PANEL ASM-F/FLR,ARM890L
85751527,253988547,IACNA MEXICO S DE RL DE CV,PANEL ASM-F/FLR,ARM890L
85751528,253988547,IACNA MEXICO S DE RL DE CV,PANEL ASM-F/FLR,ARM890L
85751529,253988547,IACNA MEXICO S DE RL DE CV,PANEL ASM-F/FLR,ARM890L
85751530,253988547,IACNA MEXICO S DE RL DE CV,PANEL ASM-F/FLR,ARM890L
86810250,253988547,IACNA MEXICO S DE RL DE CV,PANEL ASM-F/FLR,ARM890L
86810251,253988547,IACNA MEXICO S DE RL DE CV,PLATE ASM-I/P S,ARM890L
86810259,253988547,IACNA MEXICO S DE RL DE CV,PLATE ASM-I/P S,ARM890L
86810261,253988547,IACNA MEXICO S DE RL DE CV,PLATE ASM-I/P S,ARM890L
86810262,253988547,IACNA MEXICO S DE RL DE CV,PLATE ASM-I/P S,ARM890L
86810264,253988547,IACNA MEXICO S DE RL DE CV,PLATE ASM-I/P S,ARM890L
86810266,253988547,IACNA MEXICO S DE RL DE CV,PLATE ASM-I/P S,ARM890L
86810268,253988547,IACNA MEXICO S DE RL DE CV,PANEL ASM-I/P U,ARM890L
87866853,253988547,IACNA MEXICO S DE RL DE CV,PANEL ASM-I/P U,ARM890L
87866854,253988547,IACNA MEXICO S DE RL DE CV,PANEL ASM-I/P U,ARM890L
87866855,253988547,IACNA MEXICO S DE RL DE CV,PANEL ASM-I/P U,ARM890L
87866856,253988547,IACNA MEXICO S DE RL DE CV,PANEL ASM-I/P U,ARM890L
85766682,812015766,IACNA MEXICO S DE RL DE CV,PANEL ASM-I/P U,ARM908LM
85766685,812015766,IACNA MEXICO S DE RL DE CV,PANEL ASM-I/P U,ARM908LM
86281826,812015766,IACNA MEXICO S DE RL DE CV,PANEL ASM-I/P U,ARM908LM
86281827,812015766,IACNA MEXICO S DE RL DE CV,PANEL ASM-I/P U,ARM908LM
86281828,812015766,IACNA MEXICO S DE RL DE CV,PANEL ASM-I/P U,ARM908LM
86281829,812015766,IACNA MEXICO S DE RL DE CV,PANEL ASM-F/FLR,ARM908LM
86355494,812015766,IACNA MEXICO S DE RL DE CV,PANEL ASM-F/FLR,ARM908LM
86355495,812015766,IACNA MEXICO S DE RL DE CV,PANEL ASM-F/FLR,ARM908LM
86819920,812015766,IACNA MEXICO S DE RL DE CV,PANEL ASM-F/FLR,ARM908LM
86819921,812015766,IACNA MEXICO S DE RL DE CV,PANEL ASM-F/FLR,ARM908LM
84265955,812905909,IACNA MEXICO S DE RL DE CV,PANEL ASM-F/FLR,ARM912L
84265965,812905909,IACNA MEXICO S DE RL DE CV,PANEL ASM-F/FLR,ARM912L
84265967,812905909,IACNA MEXICO S DE RL DE CV,PANEL ASM-F/FLR,ARM912L
84266159,812905909,IACNA MEXICO S DE RL DE CV,PANEL ASM-F/FLR,ARM912L
84266198,812905909,IACNA MEXICO S DE RL DE CV,PANEL ASM-F/FLR,ARM912L
84266707,812905909,IACNA MEXICO S DE RL DE CV,COMPARTMENT ASM,ARM912L
84266781,812905909,IACNA MEXICO S DE RL DE CV,ARMREST ASM-F/F,ARM912L
84266849,812905909,IACNA MEXICO S DE RL DE CV,ARMREST ASM-F/F,ARM912L
84266850,812905909,IACNA MEXICO S DE RL DE CV,ARMREST ASM-F/F,ARM912L
84266852,812905909,IACNA MEXICO S DE RL DE CV,ARMREST ASM-F/F,ARM912L
84266853,812905909,IACNA MEXICO S DE RL DE CV,ARMREST ASM-F/F,ARM912L
84266982,812905909,IACNA MEXICO S DE RL DE CV,ARMREST ASM-F/F,ARM912L
84266983,812905909,IACNA MEXICO S DE RL DE CV,PAD ASM-I/P TR,ARM912L
84267628,812905909,IACNA MEXICO S DE RL DE CV,PAD ASM-I/P TR,ARM912L
84267629,812905909,IACNA MEXICO S DE RL DE CV,PAD ASM-I/P TR,ARM912L
84267751,812905909,IACNA MEXICO S DE RL DE CV,PAD ASM-I/P TR,ARM912L
84267761,812905909,IACNA MEXICO S DE RL DE CV,PAD ASM-I/P TR,ARM912L
84267765,812905909,IACNA MEXICO S DE RL DE CV,PAD ASM-I/P TR,ARM912L
84267767,812905909,IACNA MEXICO S DE RL DE CV,PANEL ASM-F/FLR,ARM912L
84267778,812905909,IACNA MEXICO S DE RL DE CV,PANEL ASM-F/FLR,ARM912L
84267782,812905909,IACNA MEXICO S DE RL DE CV,PANEL ASM-F/FLR,ARM912L
84281391,812905909,IACNA MEXICO S DE RL DE CV,PANEL ASM-F/FLR,ARM912L
84580312,812905909,IACNA MEXICO S DE RL DE CV,COMPARTMENT ASM,ARM912L
84580313,812905909,IACNA MEXICO S DE RL DE CV,COMPARTMENT ASM,ARM912L
84580314,812905909,IACNA MEXICO S DE RL DE CV,COMPARTMENT ASM,ARM912L
84580315,812905909,IACNA MEXICO S DE RL DE CV,COMPARTMENT ASM,ARM912L
84709179,812905909,IACNA MEXICO S DE RL DE CV,COMPARTMENT ASM,ARM912L
84709180,812905909,IACNA MEXICO S DE RL DE CV,BOLSTER ASM-I/P,ARM912L
84847758,812905909,IACNA MEXICO S DE RL DE CV,BOLSTER ASM-I/P,ARM912L
84847759,812905909,IACNA MEXICO S DE RL DE CV,BOLSTER ASM-I/P,ARM912L
84847764,812905909,IACNA MEXICO S DE RL DE CV,BOLSTER ASM-I/P,ARM912L
84847765,812905909,IACNA MEXICO S DE RL DE CV,BOLSTER ASM-I/P,ARM912L
85138476,812905909,IACNA MEXICO S DE RL DE CV,APPLIQUE A,ARM912L
85138477,812905909,IACNA MEXICO S DE RL DE CV,APPLIQUE A,ARM912L
85820801,812905909,IACNA MEXICO S DE RL DE CV,TRAY ASM,ARM912L
85820802,812905909,IACNA MEXICO S DE RL DE CV,COVER ASM,ARM912L
85820803,812905909,IACNA MEXICO S DE RL DE CV,COVER ASM,ARM912L
85820804,812905909,IACNA MEXICO S DE RL DE CV,COVER ASM,ARM912L
86285067,812905909,IACNA MEXICO S DE RL DE CV,COVER ASM,ARM912L
86285068,812905909,IACNA MEXICO S DE RL DE CV,APPLIQUE A,ARM912L
86285073,812905909,IACNA MEXICO S DE RL DE CV,APPLIQUE A,ARM912L
86481535,812905909,IACNA MEXICO S DE RL DE CV,APPLIQUE A,ARM912L
86481536,812905909,IACNA MEXICO S DE RL DE CV,APPLIQUE A,ARM912L
84257484,812905909,IACNA MEXICO S DE RL DE CV,APPLIQUE ASM-F/,ARM912L
84257485,812905909,IACNA MEXICO S DE RL DE CV,APPLIQUE ASM-F/,ARM912L
84257486,812905909,IACNA MEXICO S DE RL DE CV,APPLIQUE ASM-F/,ARM912L
84520997,812905909,IACNA MEXICO S DE RL DE CV,APPLIQUE ASM-F/,ARM912L
84960900,812905909,IACNA MEXICO S DE RL DE CV,PLATE ASM-I/P S,ARM912L
84960901,812905909,IACNA MEXICO S DE RL DE CV,PLATE ASM-I/P S,ARM912L
85572070,812905909,IACNA MEXICO S DE RL DE CV,PAD ASM-I/P CTR,ARM912L
84741550,812452852,IACNA MEXICO S DE RL DE CV,PAD ASM-I/P CTR,ARM933LM
84741551,812452852,IACNA MEXICO S DE RL DE CV,PAD ASM-I/P CTR,ARM933LM
84843462,812452852,IACNA MEXICO S DE RL DE CV,PAD ASM-I/P CTR,ARM933LM
84843463,812452852,IACNA MEXICO S DE RL DE CV,PAD ASM-I/P CTR,ARM933LM
85530938,812452852,IACNA MEXICO S DE RL DE CV,PAD ASM-I/P CTR,ARM933LM
85530939,812452852,IACNA MEXICO S DE RL DE CV,APPLIQUE ASM-F/,ARM933LM
86370167,812452852,IACNA MEXICO S DE RL DE CV,APPLIQUE ASM-F/,ARM933LM
86370168,812452852,IACNA MEXICO S DE RL DE CV,APPLIQUE ASM-F/,ARM933LM
86370169,812452852,IACNA MEXICO S DE RL DE CV,APPLIQUE ASM-F/,ARM933LM
86370170,812452852,IACNA MEXICO S DE RL DE CV,APPLIQUE ASM-F/,ARM933LM
86370171,812452852,IACNA MEXICO S DE RL DE CV,APPLIQUE ASM-F/,ARM933LM
86370172,812452852,IACNA MEXICO S DE RL DE CV,APPLIQUE ASM-F/,ARM933LM
86325760,824381644,IACNA MEXICO S DE RL DE CV,APPLIQUE ASM-F/,ARM940AM
86325761,824381644,IACNA MEXICO S DE RL DE CV,APPLIQUE ASM-F/,ARM940AM
86325762,824381644,IACNA MEXICO S DE RL DE CV,APPLIQUE ASM-F/,ARM940AM
86325770,824381644,IACNA MEXICO S DE RL DE CV,BOLSTER ASM-I/P,ARM940AM
86325771,824381644,IACNA MEXICO S DE RL DE CV,PANEL ASM-F/FLR,ARM940AM
86325772,824381644,IACNA MEXICO S DE RL DE CV,PANEL ASM-F/FLR,ARM940AM
86440911,824381644,IACNA MEXICO S DE RL DE CV,ARMREST ASM-F/F,ARM940AM
86440916,824381644,IACNA MEXICO S DE RL DE CV,ARMREST ASM-F/F,ARM940AM
86440917,824381644,IACNA MEXICO S DE RL DE CV,ARMREST ASM-F/F,ARM940AM
86440920,824381644,IACNA MEXICO S DE RL DE CV,ARMREST ASM-F/F,ARM940AM
86440921,824381644,IACNA MEXICO S DE RL DE CV,ARMREST ASM-F/F,ARM940AM
86440926,824381644,IACNA MEXICO S DE RL DE CV,ARMREST ASM-F/F,ARM940AM
84945002,816657977,IACNA MEXICO S DE RL DE CV,ARMREST ASM-F/F,ARM941AM
84945024,816657977,IACNA MEXICO S DE RL DE CV,APPLIQUE ASM-F/,ARM941AM
86390821,816657977,IACNA MEXICO S DE RL DE CV,APPLIQUE ASM-F/,ARM941AM
86390823,816657977,IACNA MEXICO S DE RL DE CV,PAD ASM-I/P TR,ARM941AM
85766690,816657977,IACNA MEXICO S DE RL DE CV,PAD ASM-I/P TR,ARM941LM
85766691,816657977,IACNA MEXICO S DE RL DE CV,PAD ASM-I/P TR,ARM941LM
85780093,816657977,IACNA MEXICO S DE RL DE CV,PAD ASM-I/P TR,ARM941LM
86342716,816657977,IACNA MEXICO S DE RL DE CV,PAD ASM-I/P TR,ARM941LM
86342717,816657977,IACNA MEXICO S DE RL DE CV,EXTENSION ASM-I,ARM941LM
84973002,816657977,IACNA MEXICO S DE RL DE CV,EXTENSION ASM-I,ARM941LM
85607460,816657977,IACNA MEXICO S DE RL DE CV,EXTENSION ASM-I,ARM941LM
85607464,816657977,IACNA MEXICO S DE RL DE CV,EXTENSION ASM-I,ARM941LM
85780091,816657977,IACNA MEXICO S DE RL DE CV,EXTENSION ASM-I,ARM941LM
85780092,816657977,IACNA MEXICO S DE RL DE CV,TRAY ASM-F/FLR,ARM941LM
85780094,816657977,IACNA MEXICO S DE RL DE CV,TRAY ASM-F/FLR,ARM941LM
85780095,816657977,IACNA MEXICO S DE RL DE CV,PANEL ASM-F/FLR,ARM941LM
86364799,816657977,IACNA MEXICO S DE RL DE CV,PANEL ASM-F/FLR,ARM941LM
86364800,816657977,IACNA MEXICO S DE RL DE CV,PANEL ASM-F/FLR,ARM941LM
85816901,812799902,IACNA MEXICO S DE RL DE CV,PANEL ASM-F/FLR,ARM945LM
85816902,812799902,IACNA MEXICO S DE RL DE CV,PANEL ASM-F/FLR,ARM945LM
87821415,812799902,IACNA MEXICO S DE RL DE CV,PANEL ASM-F/FLR,ARM945LM
87821416,812799902,IACNA MEXICO S DE RL DE CV,PANEL ASM-F/FLR,ARM945LM
86529771,812888257,IACNA MEXICO S DE RL DE CV,PANEL ASM-F/FLR,ARM950LM
86529772,812888257,IACNA MEXICO S DE RL DE CV,APPLIQUE ASM-F/,ARM950LM
86529775,812888257,IACNA MEXICO S DE RL DE CV,APPLIQUE ASM-F/,ARM950LM
86529776,812888257,IACNA MEXICO S DE RL DE CV,APPLIQUE ASM-F/,ARM950LM
86529779,812888257,IACNA MEXICO S DE RL DE CV,APPLIQUE ASM-F/,ARM950LM
85827908,812888257,IACNA MEXICO S DE RL DE CV,APPLIQUE ASM-F/,ARM950LM
85827910,812888257,IACNA MEXICO S DE RL DE CV,APPLIQUE ASM-F/,ARM950LM
86300228,812888257,IACNA MEXICO S DE RL DE CV,APPLIQUE ASM-F/,ARM950LM
86300229,812888257,IACNA MEXICO S DE RL DE CV,APPLIQUE ASM-F/,ARM950LM
86424764,812888257,IACNA MEXICO S DE RL DE CV,APPLIQUE ASM-F/,ARM950LM
86424765,812888257,IACNA MEXICO S DE RL DE CV,APPLIQUE ASM-F/,ARM950LM
86424766,812888257,IACNA MEXICO S DE RL DE CV,APPLIQUE ASM-F/,ARM950LM
86424767,812888257,IACNA MEXICO S DE RL DE CV,APPLIQUE ASM-F/,ARM950LM
86424768,812888257,IACNA MEXICO S DE RL DE CV,APPLIQUE ASM-F/,ARM950LM
86424771,812888257,IACNA MEXICO S DE RL DE CV,APPLIQUE ASM-F/,ARM950LM
86424772,812888257,IACNA MEXICO S DE RL DE CV,APPLIQUE ASM-F/,ARM950LM
86424773,812888257,IACNA MEXICO S DE RL DE CV,APPLIQUE ASM-F/,ARM950LM
86424774,812888257,IACNA MEXICO S DE RL DE CV,APPLIQUE ASM-F/,ARM950LM
86424775,812888257,IACNA MEXICO S DE RL DE CV,APPLIQUE ASM-F/,ARM950LM
86424778,812888257,IACNA MEXICO S DE RL DE CV,APPLIQUE ASM-F/,ARM950LM
86424779,812888257,IACNA MEXICO S DE RL DE CV,APPLIQUE ASM-F/,ARM950LM
86424780,812888257,IACNA MEXICO S DE RL DE CV,APPLIQUE ASM-F/,ARM950LM
86424781,812888257,IACNA MEXICO S DE RL DE CV,APPLIQUE ASM-F/,ARM950LM
86424782,812888257,IACNA MEXICO S DE RL DE CV,APPLIQUE ASM-F/,ARM950LM
86424783,812888257,IACNA MEXICO S DE RL DE CV,APPLIQUE ASM-F/,ARM950LM
86424784,812888257,IACNA MEXICO S DE RL DE CV,APPLIQUE ASM-F/,ARM950LM
86424786,812888257,IACNA MEXICO S DE RL DE CV,APPLIQUE ASM-F/,ARM950LM
86424787,812888257,IACNA MEXICO S DE RL DE CV,APPLIQUE ASM-F/,ARM950LM
86424788,812888257,IACNA MEXICO S DE RL DE CV,APPLIQUE ASM-F/,ARM950LM
86424789,812888257,LS AUTOMOTIVE MEXICO SA DE CV,SWITCH ASM-HAZA,ARM950LM
86424790,812888257,LS AUTOMOTIVE MEXICO SA DE CV,SWITCH ASM-HAZA,ARM950LM
86424791,812888257,GKN DRIVELINE CELAYA SA DE CV,SHAFT ASM-F/AXL,ARM950LM
86424792,812888257,GKN DRIVELINE CELAYA SA DE CV,SHAFT ASM-FRT W,ARM950LM
86424794,812888257,GKN DRIVELINE CELAYA SA DE CV,SHAFT ASM-FRT W,ARM950LM
86424795,812888257,INMETMATIC SA DE CV,DEFLECTOR-I/P K,ARM950LM
86424796,812888257,INMETMATIC SA DE CV,BRACE ASM-FRT L,ARM950LM
86424797,812888257,INMETMATIC SA DE CV,BRACKET ASM-I/P,ARM950LM
86424798,812888257,INMETMATIC SA DE CV,ARM ASM-FRT LWR,ARM950LM
86424800,812888257,INMETMATIC SA DE CV,ARM ASM-FRT LWR,ARM950LM
86424801,812888257,INMETMATIC SA DE CV,BAR ASM-I/P TIE,ARM950LM
86424802,812888257,INMETMATIC SA DE CV,BAR ASM-I/P TIE,ARM950LM
86424803,812888257,INMETMATIC SA DE CV,BAR ASM-I/P TIE,ARM950LM
86424804,812888257,INMETMATIC SA DE CV,BAR ASM-I/P TIE,ARM950LM
86424806,812888257,MARTINREA DEVELOPMENTS DE,SILL-CR,ARM950LM
86424807,812888257,MARTINREA DEVELOPMENTS DE,SILL-CR,ARM950LM
86424808,812888257,MARTINREA DEVELOPMENTS DE,BRACE ASM-F/END,ARM950LM
86424809,812888257,MARTINREA DEVELOPMENTS DE,BRACE ASM-F/END,ARM950LM
86424810,812888257,MARTINREA DEVELOPMENTS DE,BRACE-F/END SH,ARM950LM
86424812,812888257,MARTINREA DEVELOPMENTS DE,RAIL-U/B RR SI,ARM950LM
86424813,812888257,MARTINREA DEVELOPMENTS DE,RAIL-U/B RR SI,ARM950LM
86424814,812888257,MARTINREA DEVELOPMENTS DE,PLATE ASM-BODY,ARM950LM
86424815,812888257,MARTINREA DEVELOPMENTS DE,PLATE ASM-BODY,ARM950LM
86424816,812888257,MARTINREA DEVELOPMENTS DE,PLATE ASM-BODY,ARM950LM
85090461,812888257,MARTINREA DEVELOPMENTS DE,PLATE ASM-BODY,ARM950LM
85090464,812888257,MARTINREA DEVELOPMENTS DE,PLATE ASM-BODY,ARM950LM
85090467,812888257,MARTINREA DEVELOPMENTS DE,BRACKET ASM-BOD,ARM950LM
85090468,812888257,MARTINREA DEVELOPMENTS DE,BRACKET ASM-BOD,ARM950LM
85090469,812888257,MARTINREA DEVELOPMENTS DE,BRACKET ASM-BOD,ARM950LM
85827626,812888257,MARTINREA DEVELOPMENTS DE,BRACKET ASM-BOD,ARM950LM
86305683,812888257,MARTINREA DEVELOPMENTS DE,REINFORCEMENT-R,ARM950LM
85027596,812888257,MARTINREA DEVELOPMENTS DE,REINFORCEMENT-R,ARM950LM
85027597,812888257,MARTINREA DEVELOPMENTS DE,REINFORCEMENT-R,ARM950LM
85027599,812888257,MARTINREA DEVELOPMENTS DE,REINFORCEMENT-R,ARM950LM
85027600,812888257,MARTINREA DEVELOPMENTS DE,REINFORCEMENT-R,ARM950LM
85027606,812888257,MARTINREA DEVELOPMENTS DE,REINFORCEMENT-R,ARM950LM
85027607,812888257,MARTINREA DEVELOPMENTS DE,REINFORCEMENT-F,ARM950LM
85027608,812888257,MARTINREA DEVELOPMENTS DE,BRACKET-BODY SI,ARM950LM
85027610,812888257,MARTINREA DEVELOPMENTS DE,BRACKET ASM-HOO,ARM950LM
85027611,812888257,MARTINREA DEVELOPMENTS DE,REINFORCEMENT-F,ARM950LM
85027612,812888257,MARTINREA DEVELOPMENTS DE,BRACKET-BODY SI,ARM950LM
85144625,812888257,MARTINREA DEVELOPMENTS DE,BRACKET ASM-HOO,ARM950LM
85144627,812888257,MARTINREA DEVELOPMENTS DE,PLATE ASM-BODY,ARM950LM
85530913,812888257,MARTINREA DEVELOPMENTS DE,BRACKET ASM-HEA,ARM950LM
85530915,812888257,MARTINREA DEVELOPMENTS DE,RAIL-R/CMPT FLR,ARM950LM
85530917,812888257,MARTINREA DEVELOPMENTS DE,STRAP ASM-BAT H,ARM950LM
85530919,812888257,MARTINREA DEVELOPMENTS DE,REINFORCEMENT-R,ARM950LM
85652621,812888257,MARTINREA DEVELOPMENTS DE,REINFORCEMENT-R,ARM950LM
85652625,812888257,MARTINREA DEVELOPMENTS DE,REINFORCEMENT-R,ARM950LM
85652629,812888257,MARTINREA DEVELOPMENTS DE,REINFORCEMENT-R,ARM950LM
85652633,812888257,MARTINREA DEVELOPMENTS DE,BRACKET ASM-BOD,ARM950LM
85802374,812888257,MARTINREA DEVELOPMENTS DE,BRACKET ASM-BOD,ARM950LM
85802375,812888257,MARTINREA DEVELOPMENTS DE,BRACKET ASM-BOD,ARM950LM
85802376,812888257,MARTINREA DEVELOPMENTS DE,BRACKET ASM-BOD,ARM950LM
85802377,812888257,MARTINREA DEVELOPMENTS DE,REINFORCEMENT-D,ARM950LM
85802378,812888257,MARTINREA DEVELOPMENTS DE,REINFORCEMENT-D,ARM950LM
85802380,812888257,MARTINREA DEVELOPMENTS DE,FILLER-BODY L/P,ARM950LM
85802457,812888257,MARTINREA DEVELOPMENTS DE,FILLER-BODY L/P,ARM950LM
85802458,812888257,MARTINREA DEVELOPMENTS DE,FILLER-BODY L/P,ARM950LM
85802459,812888257,MARTINREA DEVELOPMENTS DE,FILLER-BODY L/P,ARM950LM
85802460,812888257,MARTINREA DEVELOPMENTS DE,BRACKET ASM-ELE,ARM950LM
85831393,812888257,MARTINREA DEVELOPMENTS DE,BRACKET ASM-TRL,ARM950LM
85831397,812888257,MARTINREA DEVELOPMENTS DE,PLATE ASM,ARM950LM
87831417,812888257,MARTINREA DEVELOPMENTS DE,PLATE ASM,ARM950LM
87831418,812888257,MARTINREA DEVELOPMENTS DE,BRACKET ASM-F/P,ARM950LM
87831421,812888257,MARTINREA DEVELOPMENTS DE,REINFORCEMENT A,ARM950LM
87831422,812888257,MARTINREA DEVELOPMENTS DE,REINFORCEMENT A,ARM950LM
87831424,812888257,MARTINREA DEVELOPMENTS DE,BRACKET-BODY SI,ARM950LM
87831425,812888257,MARTINREA DEVELOPMENTS DE,BRACKET-BODY SI,ARM950LM
87831428,812888257,MARTINREA DEVELOPMENTS DE,BRACKET-BODY SI,ARM950LM
87831429,812888257,MARTINREA DEVELOPMENTS DE,BRACKET-BODY SI,ARM950LM
87859344,812888257,SCHAEFFLER MOTION TECHNOLOGIES,MODULE ASM-CHAS,ARM950LM
87859347,812888257,MAGNA POWERTRAIN DE MEXICO SA DE CV,MODULE ASM-TRFE,ARM950LM
87859348,812888257,MAGNA POWERTRAIN DE MEXICO SA DE CV,CASE ASM-TRFER,ARM950LM
87859356,812888257,MAGNA POWERTRAIN DE MEXICO SA DE CV,CASE ASM-TRFER,ARM950LM
87859357,812888257,MAGNA POWERTRAIN DE MEXICO SA DE CV,CASE ASM-TRFER,ARM950LM
87859358,812888257,IACNA MEXICO S DE RL DE CV,COVER-F/FLR CNS,ARM950LM
87859359,812888257,IACNA MEXICO S DE RL DE CV,COVER-F/FLR CNS,ARM950LM
87859360,812888257,IACNA MEXICO S DE RL DE CV,LINER-F/FLR CNS,ARM950LM
87859361,812888257,IACNA MEXICO S DE RL DE CV,COVER-F/FLR CNS,ARM950LM
87859362,812888257,IACNA MEXICO S DE RL DE CV,TRAY ASM-F/FLR,ARM950LM
87859363,812888257,IACNA MEXICO S DE RL DE CV,REINFORCEMENT-H,ARM950LM
87859365,812888257,IACNA MEXICO S DE RL DE CV,REINFORCEMENT-H,ARM950LM
87859366,812888257,IACNA MEXICO S DE RL DE CV,LINER-F/FLR CNS,ARM950LM
87859376,812888257,IACNA MEXICO S DE RL DE CV,PANEL ASM-F/FLR,ARM950LM
87859379,812888257,IACNA MEXICO S DE RL DE CV,PANEL ASM-F/FLR,ARM950LM
87859380,812888257,IACNA MEXICO S DE RL DE CV,PANEL ASM-R/FLR,ARM950LM
87859388,812888257,IACNA MEXICO S DE RL DE CV,COVER-F/FLR CNS,ARM950LM
87859389,812888257,IACNA MEXICO S DE RL DE CV,COVER-F/FLR CNS,ARM950LM
87859390,812888257,IACNA MEXICO S DE RL DE CV,COVER-F/FLR CNS,ARM950LM
87859391,812888257,IACNA MEXICO S DE RL DE CV,COVER-F/FLR CNS,ARM950LM
87859392,812888257,IACNA MEXICO S DE RL DE CV,COVER-F/FLR CNS,ARM950LM
87859393,812888257,IACNA MEXICO S DE RL DE CV,COMPARTMENT ASM,ARM950LM
87859394,812888257,IACNA MEXICO S DE RL DE CV,COVER-F/FLR CNS,ARM950LM
87859395,812888257,IACNA MEXICO S DE RL DE CV,COVER-F/FLR CNS,ARM950LM
87859397,812888257,IACNA MEXICO S DE RL DE CV,REINFORCEMENT-H,ARM950LM
87859398,812888257,IACNA MEXICO S DE RL DE CV,REINFORCEMENT-H,ARM950LM
84266708,812772112,IACNA MEXICO S DE RL DE CV,PANEL ASM-F/FLR,ARM958AM
84266786,812772112,IACNA MEXICO S DE RL DE CV,PANEL ASM-F/FLR,ARM958AM
85578491,812772112,IACNA MEXICO S DE RL DE CV,PANEL ASM-F/FLR,ARM958AM
85578492,812772112,IACNA MEXICO S DE RL DE CV,PANEL ASM-F/FLR,ARM958AM
85045658,589558878,IACNA MEXICO S DE RL DE CV,PANEL ASM-F/FLR,ARM962V
85738540,589558878,IACNA MEXICO S DE RL DE CV,PANEL ASM-F/FLR,ARM962V
85738541,589558878,IACNA MEXICO S DE RL DE CV,PANEL ASM-F/FLR,ARM962V
85738543,589558878,IACNA MEXICO S DE RL DE CV,PLATE ASM-F/FLR,ARM962V
85738545,589558878,IACNA MEXICO S DE RL DE CV,LINER-F/FLR CNS,ARM962V
85738546,589558878,IACNA MEXICO S DE RL DE CV,FILLER ASM-I/P,ARM962V
85740599,589558878,IACNA MEXICO S DE RL DE CV,FILLER ASM-I/P,ARM962V
85806206,589558878,IACNA MEXICO S DE RL DE CV,FILLER ASM-I/P,ARM962V
85855757,589558878,IACNA MEXICO S DE RL DE CV,FILLER ASM-I/P,ARM962V
85855758,589558878,IACNA MEXICO S DE RL DE CV,FILLER ASM-I/P,ARM962V
85855759,589558878,IACNA MEXICO S DE RL DE CV,FILLER ASM-I/P,ARM962V
85855760,589558878,IACNA MEXICO S DE RL DE CV,PANEL ASM-F/FLR,ARM962V
85857558,589558878,IACNA MEXICO S DE RL DE CV,PANEL ASM-F/FLR,ARM962V
85868415,589558878,IACNA MEXICO S DE RL DE CV,PANEL ASM-F/FLR,ARM962V
85868416,589558878,IACNA MEXICO S DE RL DE CV,PANEL ASM-F/FLR,ARM962V
85868417,589558878,IACNA MEXICO S DE RL DE CV,PANEL ASM-F/FLR,ARM962V
85868418,589558878,IACNA MEXICO S DE RL DE CV,PANEL ASM-F/FLR,ARM962V
85868420,589558878,IACNA MEXICO S DE RL DE CV,PANEL ASM-F/FLR,ARM962V
85871478,589558878,IACNA MEXICO S DE RL DE CV,PANEL ASM-F/FLR,ARM962V
85871479,589558878,IACNA MEXICO S DE RL DE CV,PANEL ASM-F/FLR,ARM962V
85871480,589558878,IACNA MEXICO S DE RL DE CV,REINFORCEMENT-H,ARM962V
85871481,589558878,IACNA MEXICO S DE RL DE CV,REINFORCEMENT-H,ARM962V
85871482,589558878,IACNA MEXICO S DE RL DE CV,BEZEL ASM,ARM962V
85871483,589558878,IACNA MEXICO S DE RL DE CV,COVER ASM,ARM962V
85871484,589558878,IACNA MEXICO S DE RL DE CV,COVER-F/FLR CNS,ARM962V
86278247,589558878,IACNA MEXICO S DE RL DE CV,LINER ASM,ARM962V
86278249,589558878,IACNA MEXICO S DE RL DE CV,LINER ASM,ARM962V
86278251,589558878,IACNA MEXICO S DE RL DE CV,LINER ASM,ARM962V
86278252,589558878,IACNA MEXICO S DE RL DE CV,LINER,ARM962V
86278254,589558878,IACNA MEXICO S DE RL DE CV,LINER,ARM962V
86278256,589558878,IACNA MEXICO S DE RL DE CV,COVER ASM,ARM962V
86278257,589558878,IACNA MEXICO S DE RL DE CV,PLATE,ARM962V
86305681,589558878,IACNA MEXICO S DE RL DE CV,PANEL ASM-F/FLR,ARM962V
85673886,812833912,IACNA MEXICO S DE RL DE CV,COVER ASM-I/P T,ARM968AM
85673887,812833912,IACNA MEXICO S DE RL DE CV,COVER ASM-I/P T,ARM968AM
85673888,812833912,IACNA MEXICO S DE RL DE CV,ABSORBER,ARM968AM
85673889,812833912,IACNA MEXICO S DE RL DE CV,HOLDER ASM,ARM968AM
86486141,812833912,IACNA MEXICO S DE RL DE CV,COMPARTMENT ASM,ARM968AM
86486142,812833912,IACNA MEXICO S DE RL DE CV,COMPARTMENT ASM,ARM968AM
86486143,812833912,IACNA MEXICO S DE RL DE CV,PLATE-F/FLR RR,ARM968AM
86486144,812833912,IACNA MEXICO S DE RL DE CV,PLATE ASM-F/FLR,ARM968AM
84266568,812888257,IACNA MEXICO S DE RL DE CV,PLATE ASM-F/FLR,ARM972VM
84266569,812888257,IACNA MEXICO S DE RL DE CV,PLATE ASM-F/FLR,ARM972VM
84460885,812888257,IACNA MEXICO S DE RL DE CV,PLATE ASM-F/FLR,ARM972VM
84460887,812888257,IACNA MEXICO S DE RL DE CV,PLATE ASM-F/FLR,ARM972VM
84666654,812888257,IACNA MEXICO S DE RL DE CV,PLATE-F/FLR RR,ARM972VM
84666655,812888257,IACNA MEXICO S DE RL DE CV,LINER-F/FLR CNS,ARM972VM
84666656,812888257,IACNA MEXICO S DE RL DE CV,REINFORCEMENT A,ARM972VM
84666658,812888257,IACNA MEXICO S DE RL DE CV,PANEL ASM-F/FLR,ARM972VM
84687462,812888257,IACNA MEXICO S DE RL DE CV,GRILLE ASM-RDO,ARM972VM
84687463,812888257,IACNA MEXICO S DE RL DE CV,GRILLE ASM-RDO,ARM972VM
84687465,812888257,IACNA MEXICO S DE RL DE CV,PANEL ASM-F/FLR,ARM972VM
84687467,812888257,IACNA MEXICO S DE RL DE CV,PAD ASM-I/P CTR,ARM972VM
84687468,812888257,IACNA MEXICO S DE RL DE CV,PAD ASM-I/P CTR,ARM972VM
84687470,812888257,IACNA MEXICO S DE RL DE CV,PAD ASM-I/P CTR,ARM972VM
85006992,812888257,IACNA MEXICO S DE RL DE CV,REINFORCEMENT A,ARM972VM
85006996,812888257,IACNA MEXICO S DE RL DE CV,LINER ASM-F/FLR,ARM972VM
85007000,812888257,IACNA MEXICO S DE RL DE CV,LINER-F/FLR CNS,ARM972VM
85007002,812888257,IACNA MEXICO S DE RL DE CV,COVER ASM-I/P F,ARM972VM
85007003,812888257,IACNA MEXICO S DE RL DE CV,COVER ASM-I/P F,ARM972VM
85027614,812888257,IACNA MEXICO S DE RL DE CV,HOLDER ASM,ARM972VM
85050434,812888257,IACNA MEXICO S DE RL DE CV,FILLER ASM-I/P,ARM972VM
85050435,812888257,IACNA MEXICO S DE RL DE CV,FILLER ASM-I/P,ARM972VM
85050443,812888257,IACNA MEXICO S DE RL DE CV,PANEL ASM-F/FLR,ARM972VM
85050445,812888257,IACNA MEXICO S DE RL DE CV,PANEL ASM-F/FLR,ARM972VM
85050447,812888257,IACNA MEXICO S DE RL DE CV,PANEL ASM-F/FLR,ARM972VM
85050448,812888257,GRUPO TEXTIL CORPORACION DE,PROTV=CVR,ARM972VM
85066073,812888257,IACNA MEXICO S DE RL DE CV,COVER-F/FLR CNS,ARM972VM
85066074,812888257,IACNA MEXICO S DE RL DE CV,COVER-F/FLR CNS,ARM972VM
85066075,812888257,IACNA MEXICO S DE RL DE CV,COVER-F/FLR CNS,ARM972VM
85066076,812888257,IACNA MEXICO S DE RL DE CV,ARMREST ASM-F/F,ARM972VM
85066078,812888257,IACNA MEXICO S DE RL DE CV,ARMREST ASM-F/F,ARM972VM
85066079,812888257,IACNA MEXICO S DE RL DE CV,ARMREST ASM-F/F,ARM972VM
85077469,812888257,IACNA MEXICO S DE RL DE CV,ARMREST ASM-F/F,ARM972VM
85077471,812888257,IACNA MEXICO S DE RL DE CV,ARMREST ASM-F/F,ARM972VM
85077473,812888257,IACNA MEXICO S DE RL DE CV,ARMREST ASM-F/F,ARM972VM
85077474,812888257,IACNA MEXICO S DE RL DE CV,ARMREST ASM-F/F,ARM972VM
85077476,812888257,IACNA MEXICO S DE RL DE CV,ARMREST ASM-F/F,ARM972VM
85077477,812888257,IACNA MEXICO S DE RL DE CV,ARMREST ASM-F/F,ARM972VM
85077479,812888257,IACNA MEXICO S DE RL DE CV,ARMREST ASM-F/F,ARM972VM
85077481,812888257,IACNA MEXICO S DE RL DE CV,ARMREST ASM-F/F,ARM972VM
85077486,812888257,IACNA MEXICO S DE RL DE CV,ARMREST ASM-F/F,ARM972VM
85077488,812888257,IACNA MEXICO S DE RL DE CV,ARMREST ASM-F/F,ARM972VM
85145053,812888257,IACNA MEXICO S DE RL DE CV,ARMREST ASM-F/F,ARM972VM
85149024,812888257,IACNA MEXICO S DE RL DE CV,ARMREST ASM-F/F,ARM972VM
85149025,812888257,IACNA MEXICO S DE RL DE CV,ARMREST ASM-F/F,ARM972VM
85149026,812888257,IACNA MEXICO S DE RL DE CV,ARMREST ASM-F/F,ARM972VM
85149027,812888257,IACNA MEXICO S DE RL DE CV,ARMREST ASM-F/F,ARM972VM
85654012,812888257,IACNA MEXICO S DE RL DE CV,ARMREST ASM-F/F,ARM972VM
85654014,812888257,IACNA MEXICO S DE RL DE CV,ARMREST ASM-F/F,ARM972VM
85785785,812888257,IACNA MEXICO S DE RL DE CV,ARMREST ASM-F/F,ARM972VM
85785786,812888257,IACNA MEXICO S DE RL DE CV,ARMREST ASM-F/F,ARM972VM
85785787,812888257,IACNA MEXICO S DE RL DE CV,ARMREST ASM-F/F,ARM972VM
85785788,812888257,IACNA MEXICO S DE RL DE CV,ARMREST ASM-F/F,ARM972VM
85785789,812888257,IACNA MEXICO S DE RL DE CV,ARMREST ASM-F/F,ARM972VM
85785790,812888257,IACNA MEXICO S DE RL DE CV,ARMREST ASM-F/F,ARM972VM
85830172,812888257,IACNA MEXICO S DE RL DE CV,ARMREST ASM-F/F,ARM972VM
85830174,812888257,IACNA MEXICO S DE RL DE CV,ARMREST ASM-F/F,ARM972VM
85830175,812888257,IACNA MEXICO S DE RL DE CV,ARMREST ASM-F/F,ARM972VM
85830178,812888257,IACNA MEXICO S DE RL DE CV,ARMREST ASM-F/F,ARM972VM
85830180,812888257,IACNA MEXICO S DE RL DE CV,ARMREST ASM-F/F,ARM972VM
85830181,812888257,MEXAURIA SOLUTIONS S DE RL DE CV,MAT ASM-R/CMPT,ARM972VM
85830183,812888257,HELLA AUTOMOTIVE MEXICO SA DE CV,LAMP ASM-RR BOD,ARM972VM
86278731,812888257,HELLA AUTOMOTIVE MEXICO SA DE CV,LAMP ASM-RR BOD,ARM972VM
86278732,812888257,HELLA AUTOMOTIVE MEXICO SA DE CV,LAMP ASM-RR BOD,ARM972VM
86278733,812888257,HELLA AUTOMOTIVE MEXICO SA DE CV,LAMP ASM-RR BOD,ARM972VM
86278734,812888257,HUF MEXICO S DE RL DE CV,RECEIVER ASM-R/,ARM972VM
86278735,812888257,HUF MEXICO S DE RL DE CV,TRANSMITTER ASM,ARM972VM
86391369,812888257,HUF MEXICO S DE RL DE CV,TRANSMITTER ASM,ARM972VM
86391370,812888257,HUF MEXICO S DE RL DE CV,TRANSMITTER ASM,ARM972VM
86391371,812888257,HUF MEXICO S DE RL DE CV,TRANSMITTER ASM,ARM972VM
86391372,812888257,HUF MEXICO S DE RL DE CV,TRANSMITTER PKG,ARM972VM
86391373,812888257,HUF MEXICO S DE RL DE CV,RECEIVER ASM-R/,ARM972VM
86391374,812888257,HUF MEXICO S DE RL DE CV,TRANSMITTER ASM,ARM972VM
86391376,812888257,HUF MEXICO S DE RL DE CV,TRANSMITTER,ARM972VM
86391378,812888257,WRSI DE MEXICO S DE RL DE CV,MODULE ASM-SUN,ARM972VM
86391379,812888257,WRSI DE MEXICO S DE RL DE CV,MODULE ASM-SUN,ARM972VM
86391381,812888257,WRSI DE MEXICO S DE RL DE CV,MODULE ASM-SUN,ARM972VM
86391382,812888257,WRSI DE MEXICO S DE RL DE CV,MODULE ASM-SUN,ARM972VM
86391384,812888257,WRSI DE MEXICO S DE RL DE CV,MODULE ASM-SUN,ARM972VM
86391385,812888257,WRSI DE MEXICO S DE RL DE CV,MODULE ASM-SUN,ARM972VM
86391387,812888257,WRSI DE MEXICO S DE RL DE CV,MODULE ASM-SUN,ARM972VM
86391388,812888257,BORGWARNER TURBO AND EMISSIONS,COOLER ASM-EGR,ARM972VM
86391390,812888257,BORGWARNER TURBO AND EMISSIONS,GASKET-EGR CLR,ARM972VM
86391392,812888257,TRW VEHICLE SAFETY SYSTEMS DE,COVER ASM-F/SEA,ARM972VM
86439008,812888257,TRW VEHICLE SAFETY SYSTEMS DE,COVER ASM-F/SEA,ARM972VM
86439009,812888257,TRW VEHICLE SAFETY SYSTEMS DE,COVER ASM-F/SEA,ARM972VM
86439010,812888257,TRW VEHICLE SAFETY SYSTEMS DE,COVER ASM-F/SEA,ARM972VM
86439011,812888257,TRW VEHICLE SAFETY SYSTEMS DE,TENSIONER ASM-F,ARM972VM
86439012,812888257,TRW VEHICLE SAFETY SYSTEMS DE,TENSIONER ASM-F,ARM972VM
86439013,812888257,TRW VEHICLE SAFETY SYSTEMS DE,TENSIONER ASM-F,ARM972VM
86439015,812888257,TRW VEHICLE SAFETY SYSTEMS DE,TENSIONER ASM-F,ARM972VM
86439016,812888257,TRW VEHICLE SAFETY SYSTEMS DE,TENSIONER ASM-F,ARM972VM
86439017,812888257,TRW VEHICLE SAFETY SYSTEMS DE,TENSIONER ASM-F,ARM972VM
86439018,812888257,TRW VEHICLE SAFETY SYSTEMS DE,TENSIONER ASM-F,ARM972VM
86591339,812888257,TRW VEHICLE SAFETY SYSTEMS DE,TENSIONER ASM-F,ARM972VM
86591340,812888257,TRW VEHICLE SAFETY SYSTEMS DE,RETRACTOR ASM-F,ARM972VM
84570309,951586153,TRW VEHICLE SAFETY SYSTEMS DE,RETRACTOR ASM-F,ARM973V
84582666,951586153,TRW VEHICLE SAFETY SYSTEMS DE,RETRACTOR ASM-F,ARM973V
85046829,951586153,TRW VEHICLE SAFETY SYSTEMS DE,RETRACTOR,ARM973V
87835090,951586153,TRW VEHICLE SAFETY SYSTEMS DE,RETRACTOR ASM-F,ARM973V
84265931,812947059,TRW VEHICLE SAFETY SYSTEMS DE,RETRACTOR ASM-F,ARM978LM
84265932,812947059,TRW VEHICLE SAFETY SYSTEMS DE,RETRACTOR ASM-F,ARM978LM
84266534,812947059,TRW VEHICLE SAFETY SYSTEMS DE,RETRACTOR ASM-F,ARM978LM
84546290,812947059,TRW VEHICLE SAFETY SYSTEMS DE,RETRACTOR ASM-F,ARM978LM
84546292,812947059,TRW VEHICLE SAFETY SYSTEMS DE,RETRACTOR ASM-F,ARM978LM
84546293,812947059,TRW VEHICLE SAFETY SYSTEMS DE,RETRACTOR ASM-F,ARM978LM
84546295,812947059,TRW VEHICLE SAFETY SYSTEMS DE,RETRACTOR ASM-F,ARM978LM
84655467,812947059,TRW VEHICLE SAFETY SYSTEMS DE,RETRACTOR ASM-R,ARM978LM
84655468,812947059,TRW VEHICLE SAFETY SYSTEMS DE,RETRACTOR ASM-R,ARM978LM
84719357,812947059,TRW VEHICLE SAFETY SYSTEMS DE,RETRACTOR ASM-R,ARM978LM
84719358,812947059,TRW VEHICLE SAFETY SYSTEMS DE,RETRACTOR ASM-R,ARM978LM
84719360,812947059,TRW VEHICLE SAFETY SYSTEMS DE,RETRACTOR ASM-R,ARM978LM
84719362,812947059,TRW VEHICLE SAFETY SYSTEMS DE,RETRACTOR ASM-R,ARM978LM
84719363,812947059,TRW VEHICLE SAFETY SYSTEMS DE,RETRACTOR ASM-R,ARM978LM
84719365,812947059,TRW VEHICLE SAFETY SYSTEMS DE,RETRACTOR ASM-R,ARM978LM
84729251,812947059,TRW VEHICLE SAFETY SYSTEMS DE,RETRACTOR ASM-R,ARM978LM
84729253,812947059,TRW VEHICLE SAFETY SYSTEMS DE,RETRACTOR ASM-R,ARM978LM
84729254,812947059,TRW VEHICLE SAFETY SYSTEMS DE,RETRACTOR ASM-R,ARM978LM
84729256,812947059,TRW VEHICLE SAFETY SYSTEMS DE,RETRACTOR ASM-R,ARM978LM
84729258,812947059,TRW VEHICLE SAFETY SYSTEMS DE,RETRACTOR ASM-R,ARM978LM
84729259,812947059,TRW VEHICLE SAFETY SYSTEMS DE,RETRACTOR ASM-R,ARM978LM
84910288,812947059,TRW VEHICLE SAFETY SYSTEMS DE,RETRACTOR ASM-R,ARM978LM
84910306,812947059,TRW VEHICLE SAFETY SYSTEMS DE,RETRACTOR ASM-R,ARM978LM
85148969,812947059,TRW VEHICLE SAFETY SYSTEMS DE,RETRACTOR ASM-R,ARM978LM
86546873,812947059,TRW VEHICLE SAFETY SYSTEMS DE,RETRACTOR ASM-R,ARM978LM
86546874,812947059,TRW VEHICLE SAFETY SYSTEMS DE,RETRACTOR ASM-R,ARM978LM
87828771,812947059,TRW VEHICLE SAFETY SYSTEMS DE,RETRACTOR ASM-R,ARM978LM
87828772,812947059,TRW VEHICLE SAFETY SYSTEMS DE,RETRACTOR ASM-R,ARM978LM
84266535,812947059,TRW VEHICLE SAFETY SYSTEMS DE,RETRACTOR ASM-R,ARM978VM
84455679,812947059,TRW VEHICLE SAFETY SYSTEMS DE,RETRACTOR ASM-R,ARM978VM
84455711,812947059,TRW VEHICLE SAFETY SYSTEMS DE,RETRACTOR ASM-R,ARM978VM
84455713,812947059,TRW VEHICLE SAFETY SYSTEMS DE,RETRACTOR ASM-R,ARM978VM
84455715,812947059,TRW VEHICLE SAFETY SYSTEMS DE,RETRACTOR ASM-R,ARM978VM
84525839,812947059,TRW VEHICLE SAFETY SYSTEMS DE,RETRACTOR ASM-3,ARM978VM
84548815,812947059,TRW VEHICLE SAFETY SYSTEMS DE,RETRACTOR ASM-3,ARM978VM
84265942,812947059,TRW VEHICLE SAFETY SYSTEMS DE,RETRACTOR ASM-3,ARM978VM
84269916,812947059,TRW VEHICLE SAFETY SYSTEMS DE,RETRACTOR ASM-3,ARM978VM
84269921,812947059,TRW VEHICLE SAFETY SYSTEMS DE,RETRACTOR ASM-3,ARM978VM
84668577,812947059,TRW VEHICLE SAFETY SYSTEMS DE,RETRACTOR ASM-3,ARM978VM
84668578,812947059,TRW VEHICLE SAFETY SYSTEMS DE,RETRACTOR ASM-3,ARM978VM
84690111,812947059,TRW VEHICLE SAFETY SYSTEMS DE,RETRACTOR ASM-3,ARM978VM
84690113,812947059,TRW VEHICLE SAFETY SYSTEMS DE,RETRACTOR ASM-3,ARM978VM
84690114,812947059,TRW VEHICLE SAFETY SYSTEMS DE,RETRACTOR ASM-3,ARM978VM
84690116,812947059,TRW VEHICLE SAFETY SYSTEMS DE,RETRACTOR ASM-3,ARM978VM
84690117,812947059,TRW VEHICLE SAFETY SYSTEMS DE,RETRACTOR ASM-3,ARM978VM
84690119,812947059,TRW VEHICLE SAFETY SYSTEMS DE,RETRACTOR ASM-3,ARM978VM
84690138,812947059,TRW VEHICLE SAFETY SYSTEMS DE,RETRACTOR ASM-3,ARM978VM
84696711,812947059,TRW VEHICLE SAFETY SYSTEMS DE,RETRACTOR ASM-3,ARM978VM
84699162,812947059,TRW VEHICLE SAFETY SYSTEMS DE,RETRACTOR ASM-3,ARM978VM
84791115,812947059,TRW VEHICLE SAFETY SYSTEMS DE,RETRACTOR ASM-3,ARM978VM
84791116,812947059,TRW VEHICLE SAFETY SYSTEMS DE,RETRACTOR ASM-3,ARM978VM
84791118,812947059,TRW VEHICLE SAFETY SYSTEMS DE,RETRACTOR ASM-3,ARM978VM
84824505,812947059,TRW VEHICLE SAFETY SYSTEMS DE,RETRACTOR ASM-3,ARM978VM
84824506,812947059,TRW VEHICLE SAFETY SYSTEMS DE,RETRACTOR ASM-3,ARM978VM
85027385,812947059,TRW VEHICLE SAFETY SYSTEMS DE,RETRACTOR ASM-3,ARM978VM
85144629,812947059,TRW VEHICLE SAFETY SYSTEMS DE,RETRACTOR ASM-3,ARM978VM
85144630,812947059,TRW VEHICLE SAFETY SYSTEMS DE,RETRACTOR ASM-3,ARM978VM
85144631,812947059,TRW VEHICLE SAFETY SYSTEMS DE,RETRACTOR ASM-3,ARM978VM
85144633,812947059,TRW VEHICLE SAFETY SYSTEMS DE,RETRACTOR ASM-3,ARM978VM
85144634,812947059,TRW VEHICLE SAFETY SYSTEMS DE,RETRACTOR ASM-R,ARM978VM
85585676,812947059,TRW VEHICLE SAFETY SYSTEMS DE,RETRACTOR ASM-R,ARM978VM
85608415,812947059,TRW VEHICLE SAFETY SYSTEMS DE,RETRACTOR ASM-R,ARM978VM
85610546,812947059,TRW VEHICLE SAFETY SYSTEMS DE,RETRACTOR ASM-R,ARM978VM
85610547,812947059,TRW VEHICLE SAFETY SYSTEMS DE,RETRACTOR ASM-F,ARM978VM
85640775,812947059,BREMBO MEXICO SA DE CV,CALIPER ASM-FRT,ARM978VM
85640777,812947059,BREMBO MEXICO SA DE CV,CALIPER ASM-FRT,ARM978VM
85707688,812947059,BREMBO MEXICO SA DE CV,CALIPER ASM-FRT,ARM978VM
85707690,812947059,BREMBO MEXICO SA DE CV,CALIPER ASM-FRT,ARM978VM
85713717,812947059,BREMBO MEXICO SA DE CV,CALIPER ASM-FRT,ARM978VM
85721103,812947059,BREMBO MEXICO SA DE CV,CALIPER ASM-FRT,ARM978VM
85721105,812947059,NIPPON SEIKI DE MEXICO SA DE CV,DISPLAY ASM-FWD,ARM978VM
85721107,812947059,HUTCHINSON AUTOPARTES MEXICO SA DE,HOSE ASM-RAD OT,ARM978VM
85721111,812947059,HUTCHINSON AUTOPARTES MEXICO SA DE,HOSE ASM-RAD SU,ARM978VM
85721113,812947059,HUTCHINSON AUTOPARTES MEXICO SA DE,HOSE ASM-RAD SU,ARM978VM
85727857,812947059,HUTCHINSON AUTOPARTES MEXICO SA DE,HOSE ASM-RAD SU,ARM978VM
85794405,812947059,HUTCHINSON AUTOPARTES MEXICO SA DE,HOSE ASM-HTR OT,ARM978VM
85806214,812947059,HUTCHINSON AUTOPARTES MEXICO SA DE,HOSE ASM-HTR IN,ARM978VM
85809833,812947059,HUTCHINSON AUTOPARTES MEXICO SA DE,HOSE ASM-HTR WA,ARM978VM
85822323,812947059,HUTCHINSON AUTOPARTES MEXICO SA DE,HOSE ASM-ENG CO,ARM978VM
85822324,812947059,HUTCHINSON AUTOPARTES MEXICO SA DE,HOSE ASM-ENG CO,ARM978VM
85852368,812947059,HUTCHINSON AUTOPARTES MEXICO SA DE,HOSE ASM-CHRG A,ARM978VM
86322031,812947059,HUTCHINSON AUTOPARTES MEXICO SA DE,HOSE ASM-HTR WA,ARM978VM
86322032,812947059,HUTCHINSON AUTOPARTES MEXICO SA DE,HOSE ASM-RAD OT,ARM978VM
86322033,812947059,HUTCHINSON AUTOPARTES MEXICO SA DE,HOSE ASM-RAD IN,ARM978VM
86514566,812947059,HUTCHINSON AUTOPARTES MEXICO SA DE,HOSE ASM-RAD IN,ARM978VM
86532019,812947059,HUTCHINSON AUTOPARTES MEXICO SA DE,HOSE ASM-CHRG A,ARM978VM
86532023,812947059,HUTCHINSON AUTOPARTES MEXICO SA DE,HOSE ASM-AUX RA,ARM978VM
86815849,812947059,HUTCHINSON AUTOPARTES MEXICO SA DE,HOSE ASM-RAD OT,ARM978VM
87839206,812947059,HUTCHINSON AUTOPARTES MEXICO SA DE,HOSE ASM-CHRG A,ARM978VM
87839207,812947059,BROSE MEXICO SA DE CV,ACTUATOR ASM-FR,ARM978VM
87839209,812947059,BROSE MEXICO SA DE CV,ACTUATOR ASM-FR,ARM978VM
87835087,815345392,BROSE MEXICO SA DE CV,ACTUATOR ASM-RR,ARM979V
87835091,815345392,BROSE MEXICO SA DE CV,ACTUATOR ASM-RR,ARM979V
84257476,812905909,MARTINREA DEVELOPMENTS DE MEXICO,BRACE-F/CMPT UP,ARM988AM
84257477,812905909,MARTINREA DEVELOPMENTS DE MEXICO,BRACE-F/CMPT UP,ARM988AM
84257708,812905909,PREH DE MEXICO SA DE CV,CONTROL ASM-HTR,ARM988AM
84257739,812905909,PREH DE MEXICO SA DE CV,CONTROL ASM-HTR,ARM988AM
84338533,812905909,PREH DE MEXICO SA DE CV,CONTROL ASM-HTR,ARM988AM
84680984,812905909,PREH DE MEXICO SA DE CV,CONTROL ASM-HTR,ARM988AM
84680985,812905909,PREH DE MEXICO SA DE CV,CONTROL ASM-HTR,ARM988AM
84680986,812905909,PREH DE MEXICO SA DE CV,CONTROL ASM-HTR,ARM988AM
84680987,812905909,REUTTER FG S DE RL DE C V,CAP ASM-RAD SUR,ARM988AM
85796628,812905909,REUTTER FG S DE RL DE C V,CAP ASM-RAD SUR,ARM988AM
85796629,812905909,PRIME WHEEL MEXICO S DE RL DE CV,WHEEL-FRT & RR,ARM988AM
84937695,814180139,PRIME WHEEL MEXICO S DE RL DE CV,WHEEL-FRT & RR,ARM990AYM
84937696,814180139,MARQUARDT MEXICO S DE RL DE CV,SWITCH ASM-ON/O,ARM990AYM
84937697,814180139,MARQUARDT MEXICO S DE RL DE CV,SWITCH ASM-PARK,ARM990AYM
84937698,814180139,SUMMIT PLASTICS SILAO S DE RL DE CV,COVER ASM,ARM990AYM
84937700,814180139,SUMMIT PLASTICS SILAO S DE RL DE CV,PANEL ASM-I/P L,ARM990AYM
84937701,814180139,SUMMIT PLASTICS SILAO S DE RL DE CV,EXTENSION ASM-I,ARM990AYM
84937702,814180139,SUMMIT PLASTICS SILAO S DE RL DE CV,EXTENSION ASM-I,ARM990AYM
84937703,814180139,SUMMIT PLASTICS SILAO S DE RL DE CV,EXTENSION ASM-I,ARM990AYM
84937715,814180139,SUMMIT PLASTICS SILAO S DE RL DE CV,EXTENSION ASM-I,ARM990AYM
84937716,814180139,SUMMIT PLASTICS SILAO S DE RL DE CV,PANEL ASM-I/P L,ARM990AYM
84937717,814180139,SUMMIT PLASTICS SILAO S DE RL DE CV,PANEL ASM-I/P L,ARM990AYM
85532327,814180139,SUMMIT PLASTICS SILAO S DE RL DE CV,PANEL ASM-I/P L,ARM990AYM
85675995,814180139,SUMMIT PLASTICS SILAO S DE RL DE CV,TRAY ASM-R/FLR,ARM990AYM
85675996,814180139,SUMMIT PLASTICS SILAO S DE RL DE CV,PANEL ASM-R/FLR,ARM990AYM
85675997,814180139,SUMMIT PLASTICS SILAO S DE RL DE CV,PANEL ASM-R/FLR,ARM990AYM
85676023,814180139,SUMMIT PLASTICS SILAO S DE RL DE CV,PANEL ASM-R/FLR,ARM990AYM
85676024,814180139,SUMMIT PLASTICS SILAO S DE RL DE CV,PANEL ASM-R/FLR,ARM990AYM
85676025,814180139,SUMMIT PLASTICS SILAO S DE RL DE CV,HINGE ASM-R/FLR,ARM990AYM
85676027,814180139,SUMMIT PLASTICS SILAO S DE RL DE CV,HINGE ASM-R/FLR,ARM990AYM
85676029,814180139,SUMMIT PLASTICS SILAO S DE RL DE CV,ARMREST ASM-R/F,ARM990AYM
85693860,814180139,SUMMIT PLASTICS SILAO S DE RL DE CV,ARMREST ASM-R/F,ARM990AYM
85693861,814180139,SUMMIT PLASTICS SILAO S DE RL DE CV,ARMREST ASM-R/F,ARM990AYM
85693862,814180139,SUMMIT PLASTICS SILAO S DE RL DE CV,PANEL ASM-R/FLR,ARM990AYM
85693864,814180139,SUMMIT PLASTICS SILAO S DE RL DE CV,PANEL ASM-R/FLR,ARM990AYM
85693866,814180139,SUMMIT PLASTICS SILAO S DE RL DE CV,COMPARTMENT ASM,ARM990AYM
85693867,814180139,SUMMIT PLASTICS SILAO S DE RL DE CV,PANEL ASM-F/FLR,ARM990AYM
85693868,814180139,SUMMIT PLASTICS SILAO S DE RL DE CV,PANEL ASM-F/FLR,ARM990AYM
85693870,814180139,SUMMIT PLASTICS SILAO S DE RL DE CV,PANEL ASM-F/FLR,ARM990AYM
85693872,814180139,SUMMIT PLASTICS SILAO S DE RL DE CV,HOLDER ASM-F/FL,ARM990AYM
85693873,814180139,SUMMIT PLASTICS SILAO S DE RL DE CV,TRAY ASM-R/FLR,ARM990AYM
85693874,814180139,SUMMIT PLASTICS SILAO S DE RL DE CV,PANEL ASM-R/FLR,ARM990AYM
85693876,814180139,SUMMIT PLASTICS SILAO S DE RL DE CV,PANEL ASM-R/FLR,ARM990AYM
85693878,814180139,SUMMIT PLASTICS SILAO S DE RL DE CV,PANEL ASM,ARM990AYM
85693879,814180139,SUMMIT PLASTICS SILAO S DE RL DE CV,COVER ASM,ARM990AYM
85693880,814180139,SUMMIT PLASTICS SILAO S DE RL DE CV,COVER ASM,ARM990AYM
85693882,814180139,SUMMIT PLASTICS SILAO S DE RL DE CV,PANEL,ARM990AYM
85693884,814180139,SUMMIT PLASTICS SILAO S DE RL DE CV,GRILLE ASM,ARM990AYM
85693886,814180139,SUMMIT PLASTICS SILAO S DE RL DE CV,GRILLE ASM,ARM990AYM
85693889,814180139,SUMMIT PLASTICS SILAO S DE RL DE CV,COVER ASM-I/P O,ARM990AYM
85693891,814180139,SUMMIT PLASTICS SILAO S DE RL DE CV,COVER ASM-I/P O,ARM990AYM
85693894,814180139,SUMMIT PLASTICS SILAO S DE RL DE CV,COVER ASM-I/P O,ARM990AYM
85693897,814180139,SUMMIT PLASTICS SILAO S DE RL DE CV,BRACKET ASM-I/P,ARM990AYM
85693900,814180139,SUMMIT PLASTICS SILAO S DE RL DE CV,BRACKET ASM-R/F,ARM990AYM
85693901,814180139,SUMMIT PLASTICS SILAO S DE RL DE CV,BRACKET ASM-R/F,ARM990AYM
85693903,814180139,SUMMIT PLASTICS SILAO S DE RL DE CV,PLATE ASM-F/FLR,ARM990AYM
85693976,814180139,SUMMIT PLASTICS SILAO S DE RL DE CV,EXTENSION ASM-I,ARM990AYM
85693978,814180139,SUMMIT PLASTICS SILAO S DE RL DE CV,EXTENSION ASM-I,ARM990AYM
85693979,814180139,SUMMIT PLASTICS SILAO S DE RL DE CV,EXTENSION ASM-I,ARM990AYM
85693980,814180139,SUMMIT PLASTICS SILAO S DE RL DE CV,GRILLE ASM-RDO,ARM990AYM
85693982,814180139,SUMMIT PLASTICS SILAO S DE RL DE CV,BRACKET ASM-R/F,ARM990AYM
85693984,814180139,SUMMIT PLASTICS SILAO S DE RL DE CV,LINER ASM-R/FLR,ARM990AYM
85693985,814180139,SUMMIT PLASTICS SILAO S DE RL DE CV,PANEL ASM-R/FLR,ARM990AYM
85693986,814180139,SUMMIT PLASTICS SILAO S DE RL DE CV,PANEL ASM-R/FLR,ARM990AYM
85693988,814180139,SUMMIT PLASTICS SILAO S DE RL DE CV,COMPARTMENT ASM,ARM990AYM
85693990,814180139,SUMMIT PLASTICS SILAO S DE RL DE CV,COVER ASM-I/P S,ARM990AYM
85693991,814180139,SUMMIT PLASTICS SILAO S DE RL DE CV,COVER ASM-I/P S,ARM990AYM
85693992,814180139,SUMMIT PLASTICS SILAO S DE RL DE CV,COVER-R/FLR CNS,ARM990AYM
85693994,814180139,SUMMIT PLASTICS SILAO S DE RL DE CV,COVER-R/FLR CNS,ARM990AYM
85693996,814180139,SUMMIT PLASTICS SILAO S DE RL DE CV,COVER-R/FLR CNS,ARM990AYM
85693997,814180139,SUMMIT PLASTICS SILAO S DE RL DE CV,COVER-R/FLR CNS,ARM990AYM
85693998,814180139,SUMMIT PLASTICS SILAO S DE RL DE CV,CARRIER ASM-R/F,ARM990AYM
85694020,814180139,SUMMIT PLASTICS SILAO S DE RL DE CV,PANEL ASM-I/P L,ARM990AYM
85694023,814180139,SUMMIT PLASTICS SILAO S DE RL DE CV,PANEL-I/P LWR T,ARM990AYM
85694025,814180139,SUMMIT PLASTICS SILAO S DE RL DE CV,PANEL-I/P LWR T,ARM990AYM
85694028,814180139,SUMMIT PLASTICS SILAO S DE RL DE CV,BRACKET ASM-R/F,ARM990AYM
85694054,814180139,SUMMIT PLASTICS SILAO S DE RL DE CV,LINER-R/FLR CNS,ARM990AYM
85694056,814180139,SUMMIT PLASTICS SILAO S DE RL DE CV,COVER-F/FLR CNS,ARM990AYM
85694059,814180139,SUMMIT PLASTICS SILAO S DE RL DE CV,LINER-R/FLR CNS,ARM990AYM
85694060,814180139,SUMMIT PLASTICS SILAO S DE RL DE CV,PANEL ASM-R/FLR,ARM990AYM
85694061,814180139,SUMMIT PLASTICS SILAO S DE RL DE CV,PANEL ASM-R/FLR,ARM990AYM
85694062,814180139,AUTOMOTIVE BEND DE MEXICO S DE RL,HOSE ASM-ENG OI,ARM990AYM
85694064,814180139,AUTOMOTIVE BEND DE MEXICO S DE RL,PIPE ASM-TRANS,ARM990AYM
85694065,814180139,NOVEM CAR INTERIOR DESIGN MEXICO,APPLIQUE ASM-F/,ARM990AYM
85694066,814180139,NOVEM CAR INTERIOR DESIGN MEXICO,APPLIQUE ASM-I/,ARM990AYM
85694067,814180139,NOVEM CAR INTERIOR DESIGN MEXICO,APPLIQUE ASM-I/,ARM990AYM
86311797,814180139,NOVEM CAR INTERIOR DESIGN MEXICO,APPLIQUE ASM-I/,ARM990AYM
86311798,814180139,NOVEM CAR INTERIOR DESIGN MEXICO,APPLIQUE ASM-I/,ARM990AYM
86311802,814180139,NOVEM CAR INTERIOR DESIGN MEXICO,APPLIQUE ASM-I/,ARM990AYM
86311803,814180139,NOVEM CAR INTERIOR DESIGN MEXICO,DECAL-F/FLR CNS,ARM990AYM
86311805,814180139,NOVEM CAR INTERIOR DESIGN MEXICO,DECAL-F/FLR CNS,ARM990AYM
86311806,814180139,NOVEM CAR INTERIOR DESIGN MEXICO,DECAL-F/FLR CNS,ARM990AYM
86311810,814180139,NOVEM CAR INTERIOR DESIGN MEXICO,DECAL-F/FLR CNS,ARM990AYM
86311811,814180139,NOVEM CAR INTERIOR DESIGN MEXICO,DECAL-F/FLR CNS,ARM990AYM
86373729,814180139,NOVEM CAR INTERIOR DESIGN MEXICO,DECAL-F/FLR CNS,ARM990AYM
86373730,814180139,NOVEM CAR INTERIOR DESIGN MEXICO,DECAL-F/FLR CNS,ARM990AYM
86373731,814180139,NOVEM CAR INTERIOR DESIGN MEXICO,DECAL-F/FLR CNS,ARM990AYM
86373732,814180139,NOVEM CAR INTERIOR DESIGN MEXICO,APPLIQUE ASM-I/,ARM990AYM
86373734,814180139,NOVEM CAR INTERIOR DESIGN MEXICO,APPLIQUE ASM-I/,ARM990AYM
86373735,814180139,NOVEM CAR INTERIOR DESIGN MEXICO,APPLIQUE ASM-I/,ARM990AYM
86373736,814180139,NOVEM CAR INTERIOR DESIGN MEXICO,APPLIQUE ASM-F/,ARM990AYM
86373738,814180139,NOVEM CAR INTERIOR DESIGN MEXICO,APPLIQUE ASM-I/,ARM990AYM
86373739,814180139,NOVEM CAR INTERIOR DESIGN MEXICO,APPLIQUE ASM-I/,ARM990AYM
86373740,814180139,NOVEM CAR INTERIOR DESIGN MEXICO,APPLIQUE ASM-I/,ARM990AYM
86373742,814180139,NOVEM CAR INTERIOR DESIGN MEXICO,APPLIQUE ASM-I/,ARM990AYM
86373743,814180139,NOVEM CAR INTERIOR DESIGN MEXICO,APPLIQUE ASM-I/,ARM990AYM
86373776,814180139,NOVEM CAR INTERIOR DESIGN MEXICO,APPLIQUE ASM-I/,ARM990AYM
86373779,814180139,NOVEM CAR INTERIOR DESIGN MEXICO,APPLIQUE ASM-I/,ARM990AYM
86791382,814180139,NOVEM CAR INTERIOR DESIGN MEXICO,APPLIQUE ASM-I/,ARM990AYM
87831990,814180139,NOVEM CAR INTERIOR DESIGN MEXICO,APPLIQUE ASM-F/,ARM990AYM
85797738,812928414,NOVEM CAR INTERIOR DESIGN MEXICO,APPLIQUE ASM-F/,ARMS900
85843423,812928414,NOVEM CAR INTERIOR DESIGN MEXICO,APPLIQUE ASM-F/,ARMS900
85843424,812928414,NOVEM CAR INTERIOR DESIGN MEXICO,APPLIQUE ASM-F/,ARMS900
86273660,812928414,NOVEM CAR INTERIOR DESIGN MEXICO,APPLIQUE ASM-F/,ARMS900
86273661,812928414,NOVEM CAR INTERIOR DESIGN MEXICO,APPLIQUE ASM-F/,ARMS900
86420943,812928414,NOVEM CAR INTERIOR DESIGN MEXICO,APPLIQUE ASM-F/,ARMS900
86420944,812928414,NOVEM CAR INTERIOR DESIGN MEXICO,APPLIQUE ASM-F/,ARMS900
84501693,050476923,NOVEM CAR INTERIOR DESIGN MEXICO,APPLIQUE ASM-F/,ARN010LY
84738075,050476923,NOVEM CAR INTERIOR DESIGN MEXICO,APPLIQUE ASM-F/,ARN010LY
85032667,050476923,NOVEM CAR INTERIOR DESIGN MEXICO,APPLIQUE ASM-R/,ARN010LY
85166469,050476923,NOVEM CAR INTERIOR DESIGN MEXICO,APPLIQUE ASM-R/,ARN010LY
85822618,050476923,NOVEM CAR INTERIOR DESIGN MEXICO,APPLIQUE ASM-R/,ARN010LY
86285202,050476923,NOVEM CAR INTERIOR DESIGN MEXICO,APPLIQUE ASM-R/,ARN010LY
86335876,050476923,NOVEM CAR INTERIOR DESIGN MEXICO,APPLIQUE ASM-R/,ARN010LY
86421701,050476923,NOVEM CAR INTERIOR DESIGN MEXICO,APPLIQUE ASM-R/,ARN010LY
86473113,050476923,NOVEM CAR INTERIOR DESIGN MEXICO,APPLIQUE ASM-I/,ARN010LY
86474265,050476923,NOVEM CAR INTERIOR DESIGN MEXICO,APPLIQUE ASM-I/,ARN010LY
86779189,050476923,NOVEM CAR INTERIOR DESIGN MEXICO,APPLIQUE ASM-I/,ARN010LY
84467638,966669645,NOVEM CAR INTERIOR DESIGN MEXICO,APPLIQUE ASM-I/,ARN312LA
84467639,966669645,NOVEM CAR INTERIOR DESIGN MEXICO,APPLIQUE ASM-I/,ARN312LA
86599637,966669645,HENNIGES AUTOMOTIVE MEXICO SA DE CV,WEATHERSTRIP AS,ARN312LA
84248793,966669645,HENNIGES AUTOMOTIVE MEXICO SA DE CV,WEATHERSTRIP AS,ARN312LC
86335717,966669645,HELLA AUTOMOTIVE MEXICO SA DE CV,PEDAL ASM-ACCEL,ARN312LC
85562432,144908302,VOSS AUTOMOTIVE MX S DE RL DE CV,TUBE ASM-AUTO L,ARN375VA
85562433,144908302,VOSS AUTOMOTIVE MX S DE RL DE CV,TUBE ASM-AUTO L,ARN375VA
86387233,809870855,VOSS AUTOMOTIVE MX S DE RL DE CV,TUBE ASM-AUTO L,ARN605V
86387234,809870855,VOSS AUTOMOTIVE MX S DE RL DE CV,TUBE ASM-AUTO L,ARN605V
86387235,809870855,VOSS AUTOMOTIVE MX S DE RL DE CV,PIPE ASM-EMIS R,ARN605V
86387236,809870855,VOSS AUTOMOTIVE MX S DE RL DE CV,PIPE ASM-EMIS R,ARN605V
86387237,809870855,VOSS AUTOMOTIVE MX S DE RL DE CV,TUBE ASM-AUTO L,ARN605V
86387238,809870855,VOSS AUTOMOTIVE MX S DE RL DE CV,TUBE ASM-AUTO L,ARN605V
86387239,809870855,VOSS AUTOMOTIVE MX S DE RL DE CV,TUBE ASM-AUTO L,ARN605V
86415260,809870855,VOSS AUTOMOTIVE MX S DE RL DE CV,PIPE ASM-EMIS R,ARN605V
86415261,809870855,VOSS AUTOMOTIVE MX S DE RL DE CV,PIPE ASM-EMIS R,ARN605V
86415262,809870855,SAN LUIS METAL FORMING SA DE CV SUC,BAR ASM-FLR PNL,ARN605V
86415263,809870855,SAN LUIS METAL FORMING SA DE CV SUC,SILL ASM-U/B #2,ARN605V
86415264,809870855,SAN LUIS METAL FORMING SA DE CV SUC,BAR ASM-FLR PNL,ARN605V
86415265,809870855,HELLA AUTOMOTIVE MEXICO SA DE CV,HEADLAMP ASM-FR,ARN605V
86415266,809870855,HELLA AUTOMOTIVE MEXICO SA DE CV,HEADLAMP ASM-FR,ARN605V
86440162,809870855,HELLA AUTOMOTIVE MEXICO SA DE CV,HEADLAMP ASM-FR,ARN605V
86440163,809870855,HELLA AUTOMOTIVE MEXICO SA DE CV,HEADLAMP ASM-FR,ARN605V
86440165,809870855,LAMTEC MEXICO S DE RL DE CV,BRACKET-FRT BPR,ARN605V
86440168,809870855,INDUSTRIAS MARTINREA DE MEXICO,PIPE ASM-FRT &,ARN605V
86312219,005356878,INDUSTRIAS MARTINREA DE MEXICO,PIPE ASM-FRT BR,ARN630L
86380383,005356878,INDUSTRIAS MARTINREA DE MEXICO,PIPE ASM-RR BRK,ARN630L
86380384,005356878,INDUSTRIAS MARTINREA DE MEXICO,PIPE ASM-RR BRK,ARN630L
86383301,005356878,INDUSTRIAS MARTINREA DE MEXICO,PIPE ASM-RR BRK,ARN630L
86383304,005356878,INDUSTRIAS MARTINREA DE MEXICO,PIPE ASM-FUEL F,ARN630L
84591014,042321828,INDUSTRIAS MARTINREA DE MEXICO,HOSE ASM-FUEL F,ARN655VA
84591015,042321828,INDUSTRIAS MARTINREA DE MEXICO,HOSE ASM-FUEL F,ARN655VA
84728685,042321828,INDUSTRIAS MARTINREA DE MEXICO,HOSE ASM-FUEL F,ARN655VA
84728686,042321828,INDUSTRIAS MARTINREA DE MEXICO,HOSE ASM-FUEL F,ARN655VA
84888060,944953959,INDUSTRIAS MARTINREA DE MEXICO,PIPE ASM-FUEL F,ARP002
11610075,118720207,INDUSTRIAS MARTINREA DE MEXICO,HOSE ASM-FUEL F,ARP102
13597327,006016810,INDUSTRIAS MARTINREA DE MEXICO,HOSE ASM-FUEL F,ARP301
85027513,006016810,INDUSTRIAS MARTINREA DE MEXICO,HOSE ASM-FUEL F,ARP301
86349654,006016810,INDUSTRIAS MARTINREA DE MEXICO,HOSE ASM-FUEL F,ARP301
23393173,006016810,MAXION WHEELS DE,AAMD WHEEL,ARP301
84699160,006016810,MAXION WHEELS DE,WHEEL-20X9.0JST,ARP301
84822048,006016810,MAXION WHEELS DE,WHEEL ASM,ARP301
86410869,006016810,JANESVILLE DE MEXICO SA DE CV,INSULATOR-RF PN,ARP301
84825986,006016810,JANESVILLE DE MEXICO SA DE CV,INSULATOR-RF PN,ARP301
85551538,080161136,JANESVILLE DE MEXICO SA DE CV,INSULATOR-RF PN,ARP402
09593595,000202434,JANESVILLE DE MEXICO SA DE CV,INSULATOR-RF PN,ARP602
85528671,091950469,JANESVILLE DE MEXICO SA DE CV,INSULATOR-RF PN,ARP603
15973108,795602551,JANESVILLE DE MEXICO SA DE CV,INSULATOR-RF PN,ARP604
13539317,812012912,JANESVILLE DE MEXICO SA DE CV,INSULATOR-RF PN,ARP702
23380290,086663101,PLASTIC OMNIUM AUTO INERGY,TANK ASM-EMIS R,ARR600
84257462,086663101,PLASTIC OMNIUM AUTO INERGY,TANK ASM-FUEL,ARR600
84257463,086663101,PLASTIC OMNIUM AUTO INERGY,TANK ASM-FUEL,ARR600
84257472,086663101,PLASTIC OMNIUM AUTO INERGY,TANK ASM-FUEL,ARR600
84257692,086663101,PLASTIC OMNIUM AUTO INERGY,TANK ASM-FUEL,ARR600
84258205,086663101,PLASTIC OMNIUM AUTO INERGY,TANK ASM-FUEL,ARR600
84265812,086663101,PLASTIC OMNIUM AUTO INERGY,TANK ASM-FUEL,ARR600
84266123,086663101,PLASTIC OMNIUM AUTO INERGY,TANK ASM-FUEL,ARR600
84267648,086663101,PLASTIC OMNIUM AUTO INERGY,TANK ASM-FUEL,ARR600
84368458,086663101,STRATTEC SECURITY CORP,LATCH ASM-L/GAT,ARR600
84368459,086663101,STRATTEC SECURITY CORP,MODULE ASM-STRG,ARR600
84424593,086663101,STRATTEC SECURITY CORP,CYLINDER UNIT-L,ARR600
84433913,086663101,STRATTEC SECURITY CORP,CYLINDER UNIT-L,ARR600
84433914,086663101,STRATTEC SECURITY CORP,CYLINDER UNIT-L,ARR600
84433917,086663101,STRATTEC SECURITY CORP,CYLINDER UNIT-L,ARR600
84433918,086663101,STRATTEC SECURITY CORP,CYLINDER UNIT-L,ARR600
84576918,086663101,STRATTEC SECURITY CORP,CYLINDER UNIT-L,ARR600
84576919,086663101,STRATTEC SECURITY CORP,CYLINDER UNIT-L,ARR600
84625330,086663101,STRATTEC SECURITY CORP,CYLINDER UNIT-L,ARR600
84625331,086663101,HELLA ELECTRONICS CORP,SENSOR ASM-BAT,ARR600
84636203,086663101,HELLA ELECTRONICS CORP,MODULE ASM-TRLR,ARR600
84648309,086663101,HELLA ELECTRONICS CORP,SENSOR ASM-W/S,ARR600
84648310,086663101,DERBY FABRICATING SOLUTIONS LLC,SPACER-HDLNG T/,ARR600
84657523,086663101,GENERAL MOTORS LLC-SH MFG POWRTRAIN,ENGINE ASM,ARR600
84657524,086663101,GNS HOLLAND INC,BRACKET-BODY WR,ARR600
84677446,086663101,RING SCREW LLC,BOLT ASM - HX H,ARR600
84677447,086663101,RING SCREW LLC,BOLT/SCREW,ARR600
84685663,086663101,RING SCREW LLC,BOLT/SCREW,ARR600
84685665,086663101,RING SCREW LLC,BOLT ASM - HX H,ARR600
84685666,086663101,RING SCREW LLC,BOLT/SCREW,ARR600
84698498,086663101,RING SCREW LLC,NUT,ARR600
84749681,086663101,RING SCREW LLC,NUT,ARR600
84759205,086663101,RING SCREW LLC,NUT,ARR600
84759206,086663101,RING SCREW LLC,BOLT/SCREW,ARR600
84813409,086663101,RING SCREW LLC,BOLT/SCREW,ARR600
84847719,086663101,RING SCREW LLC,BOLT-HVY HX FLG,ARR600
84847720,086663101,RING SCREW LLC,L/GT=BOLT,ARR600
84847721,086663101,RING SCREW LLC,BOLT/SCREW,ARR600
84847722,086663101,RING SCREW LLC,BOLT/SCREW-TMG,ARR600
84939422,086663101,RING SCREW LLC,BOLT/SCREW-THRO,ARR600
84939423,086663101,RING SCREW LLC,BOLT - HVY HX A,ARR600
84966027,086663101,RING SCREW LLC,BOLT ASM-HEX HE,ARR600
84966028,086663101,RING SCREW LLC,BOLT ASM - HX H,ARR600
85524697,086663101,RING SCREW LLC,BOLT - HVY HX F,ARR600
86451686,086663101,RING SCREW LLC,BOLT/SCREW-.,ARR600
86451687,086663101,RING SCREW LLC,BOLT/SCREW-.,ARR600
86797148,086663101,RING SCREW LLC,BOLT/SCREW-.,ARR600
86797149,086663101,RING SCREW LLC,BOLT/SCREW,ARR600
86349363,812861466,RING SCREW LLC,BOLT/SCREW,ARR900A
86349364,812861466,MAGNA MIRRORS OF AMERICA INC,MIRROR ASM-O/S,ARR900A
86349362,812861466,MAGNA MIRRORS OF AMERICA INC,MIRROR ASM-O/S,ARR900B
86349365,812861466,MAGNA MIRRORS OF AMERICA INC,MIRROR ASM-O/S,ARR900B
84660171,023797312,MAGNA MIRRORS OF AMERICA INC,MIRROR ASM-O/S,ARS158
84660173,023797312,MAGNA MIRRORS OF AMERICA INC,MIRROR ASM-O/S,ARS158
85851479,023797312,MAGNA MIRRORS OF AMERICA INC,MIRROR ASM-O/S,ARS158
85851480,023797312,MAGNA MIRRORS OF AMERICA INC,MIRROR ASM-O/S,ARS158
86805350,023797312,MAGNA MIRRORS OF AMERICA INC,MIRROR ASM-O/S,ARS158
86805353,023797312,MAGNA MIRRORS OF AMERICA INC,MIRROR ASM-O/S,ARS158
86805356,023797312,MAGNA MIRRORS OF AMERICA INC,MIRROR ASM-O/S,ARS158
86805357,023797312,MAGNA MIRRORS OF AMERICA INC,MIRROR ASM-O/S,ARS158
86805358,023797312,MAGNA MIRRORS OF AMERICA INC,MIRROR ASM-O/S,ARS158
86805359,023797312,MAGNA MIRRORS OF AMERICA INC,MIRROR ASM-O/S,ARS158
84660167,023797312,MAGNA MIRRORS OF AMERICA INC,MIRROR ASM-O/S,ARS158
84660169,023797312,MAGNA MIRRORS OF AMERICA INC,MIRROR ASM-O/S,ARS158
13538759,000256693,MAGNA MIRRORS OF AMERICA INC,MIRROR ASM-O/S,ARS161
13542523,000256693,MAGNA MIRRORS OF AMERICA INC,MIRROR ASM-O/S,ARS161
85669408,108630731,MAGNA MIRRORS OF AMERICA INC,MIRROR ASM-O/S,ARS180A
86272158,108630731,MAGNA MIRRORS OF AMERICA INC,MIRROR ASM-O/S,ARS180A
86381744,108630731,MAGNA MIRRORS OF AMERICA INC,MIRROR ASM-O/S,ARS180A
85155617,060902413,MAGNA MIRRORS OF AMERICA INC,MIRROR ASM-O/S,ARU001
85683706,043174937,MAGNA MIRRORS OF AMERICA INC,MIRROR ASM-O/S,ARU003
85547970,962809369,MAGNA MIRRORS OF AMERICA INC,MIRROR ASM-O/S,ARU004
85552321,000202258,MAGNA MIRRORS OF AMERICA INC,MIRROR ASM-O/S,ARU102
85552323,000202258,MAGNA MIRRORS OF AMERICA INC,MIRROR ASM-O/S,ARU102
85552324,000202258,MAGNA MIRRORS OF AMERICA INC,MIRROR ASM-O/S,ARU102
85552332,000202258,MAGNA MIRRORS OF AMERICA INC,MIRROR ASM-O/S,ARU102
85552333,000202258,MAGNA MIRRORS OF AMERICA INC,MIRROR ASM-O/S,ARU102
85552334,000202258,MAGNA MIRRORS OF AMERICA INC,MIRROR ASM-O/S,ARU102
85552336,000202258,MAGNA MIRRORS OF AMERICA INC,MIRROR ASM-O/S,ARU102
85552338,000202258,MAGNA MIRRORS OF AMERICA INC,MIRROR ASM-O/S,ARU102
85552339,000202258,MAGNA MIRRORS OF AMERICA INC,MIRROR ASM-O/S,ARU102
85552341,000202258,MAGNA MIRRORS OF AMERICA INC,MIRROR ASM-O/S,ARU102
85552342,000202258,MAGNA MIRRORS OF AMERICA INC,MIRROR ASM-O/S,ARU102
85552343,000202258,MAGNA MIRRORS OF AMERICA INC,MIRROR ASM-O/S,ARU102
85552352,000202258,MAGNA MIRRORS OF AMERICA INC,MIRROR ASM-O/S,ARU102
85552355,000202258,MAGNA MIRRORS OF AMERICA INC,MIRROR ASM-O/S,ARU102
85552357,000202258,MAGNA MIRRORS OF AMERICA INC,MIRROR ASM-O/S,ARU102
85552358,000202258,MAGNA MIRRORS OF AMERICA INC,MIRROR ASM-O/S,ARU102
85552361,000202258,MAGNA MIRRORS OF AMERICA INC,MIRROR ASM-O/S,ARU102
85552362,000202258,MAGNA MIRRORS OF AMERICA INC,MIRROR ASM-O/S,ARU102
85552364,000202258,MAGNA MIRRORS OF AMERICA INC,MIRROR ASM-O/S,ARU102
85552365,000202258,MAGNA MIRRORS OF AMERICA INC,MIRROR ASM-O/S,ARU102
85552367,000202258,MAGNA MIRRORS OF AMERICA INC,MIRROR ASM-O/S,ARU102
85552368,000202258,MAGNA MIRRORS OF AMERICA INC,MIRROR ASM-O/S,ARU102
85552373,000202258,MAGNA MIRRORS OF AMERICA INC,MIRROR ASM-O/S,ARU102
85612788,000202258,MAGNA MIRRORS OF AMERICA INC,MIRROR ASM-O/S,ARU102
85828949,000202258,MAGNA MIRRORS OF AMERICA INC,MIRROR ASM-O/S,ARU102
85828950,000202258,MAGNA MIRRORS OF AMERICA INC,MIRROR ASM-O/S,ARU102
85828951,000202258,MAGNA MIRRORS OF AMERICA INC,MIRROR ASM-O/S,ARU102
85828952,000202258,MAGNA MIRRORS OF AMERICA INC,MIRROR ASM-O/S,ARU102
85828953,000202258,MAGNA MIRRORS OF AMERICA INC,MIRROR ASM-O/S,ARU102
86527167,000202258,MAGNA MIRRORS OF AMERICA INC,MIRROR ASM-O/S,ARU102
86527168,000202258,MAGNA MIRRORS OF AMERICA INC,MIRROR ASM-O/S,ARU102
86540067,000202258,MAGNA MIRRORS OF AMERICA INC,MIRROR ASM-O/S,ARU102
86540068,000202258,MAGNA MIRRORS OF AMERICA INC,MIRROR ASM-O/S,ARU102
86540069,000202258,MAGNA MIRRORS OF AMERICA INC,MIRROR ASM-O/S,ARU102
86540070,000202258,MAGNA MIRRORS OF AMERICA INC,MIRROR ASM-O/S,ARU102
86540071,000202258,MAGNA MIRRORS OF AMERICA INC,MIRROR ASM-O/S,ARU102
86540072,000202258,MAGNA MIRRORS OF AMERICA INC,MIRROR ASM-O/S,ARU102
86540074,000202258,MAGNA MIRRORS OF AMERICA INC,MIRROR ASM-O/S,ARU102
86540075,000202258,MAGNA MIRRORS OF AMERICA INC,MIRROR ASM-O/S,ARU102
87865960,000202258,MAGNA MIRRORS OF AMERICA INC,MIRROR ASM-O/S,ARU102
84350227,001288109,MAGNA MIRRORS OF AMERICA INC,MIRROR ASM-O/S,ARU104
85781611,001288109,MAGNA MIRRORS OF AMERICA INC,MIRROR ASM-O/S,ARU104
85828483,001288109,MAGNA MIRRORS OF AMERICA INC,MIRROR ASM-O/S,ARU104
85857991,001288109,MAGNA MIRRORS OF AMERICA INC,MIRROR ASM-O/S,ARU104
85667202,003644262,MAGNA MIRRORS OF AMERICA INC,MIRROR ASM-O/S,ARU105
85510327,048958615,MAGNA MIRRORS OF AMERICA INC,MIRROR ASM-O/S,ARU106
85828482,065052011,MAGNA MIRRORS OF AMERICA INC,MIRROR ASM-O/S,ARU107
85857990,065052011,MAGNA MIRRORS OF AMERICA INC,MIRROR ASM-O/S,ARU107
84229007,078451295,MAGNA MIRRORS OF AMERICA INC,MIRROR ASM-O/S,ARU108
84229008,078451295,MAGNA MIRRORS OF AMERICA INC,MIRROR ASM-O/S,ARU108
84229259,078451295,MAGNA MIRRORS OF AMERICA INC,MIRROR ASM-O/S,ARU108
84229260,078451295,MAGNA MIRRORS OF AMERICA INC,MIRROR ASM-O/S,ARU108
84229261,078451295,MAGNA MIRRORS OF AMERICA INC,MIRROR ASM-O/S,ARU108
84229262,078451295,MAGNA MIRRORS OF AMERICA INC,MIRROR ASM-O/S,ARU108
84267626,078451295,MAGNA MIRRORS OF AMERICA INC,MIRROR ASM-O/S,ARU108
84267644,078451295,MAGNA MIRRORS OF AMERICA INC,MIRROR ASM-O/S,ARU108
84267645,078451295,MAGNA MIRRORS OF AMERICA INC,MIRROR ASM-O/S,ARU108
84278020,078451295,MAGNA MIRRORS OF AMERICA INC,MIRROR ASM-O/S,ARU108
84279987,078451295,MAGNA MIRRORS OF AMERICA INC,MIRROR ASM-O/S,ARU108
84279988,078451295,MAGNA MIRRORS OF AMERICA INC,MIRROR ASM-O/S,ARU108
84280042,078451295,MAGNA MIRRORS OF AMERICA INC,MIRROR ASM-O/S,ARU108
84280043,078451295,MAGNA MIRRORS OF AMERICA INC,MIRROR ASM-O/S,ARU108
84280046,078451295,MAGNA MIRRORS OF AMERICA INC,MIRROR ASM-O/S,ARU108
84280047,078451295,MAGNA MIRRORS OF AMERICA INC,MIRROR ASM-O/S,ARU108
84575837,078451295,MAGNA MIRRORS OF AMERICA INC,MIRROR ASM-O/S,ARU108
84575838,078451295,MAGNA MIRRORS OF AMERICA INC,MIRROR ASM-O/S,ARU108
84641268,078451295,MAGNA MIRRORS OF AMERICA INC,MIRROR ASM-O/S,ARU108
84641269,078451295,MAGNA MIRRORS OF AMERICA INC,MIRROR ASM-O/S,ARU108
84685552,078451295,MAGNA MIRRORS OF AMERICA INC,MIRROR ASM-O/S,ARU108
84689442,078451295,MAGNA MIRRORS OF AMERICA INC,MIRROR ASM-O/S,ARU108
84689490,078451295,MAGNA MIRRORS OF AMERICA INC,MIRROR ASM-O/S,ARU108
84689491,078451295,MAGNA MIRRORS OF AMERICA INC,MIRROR ASM-O/S,ARU108
84689607,078451295,MAGNA MIRRORS OF AMERICA INC,MIRROR ASM-O/S,ARU108
84689608,078451295,MAGNA MIRRORS OF AMERICA INC,MIRROR ASM-O/S,ARU108
84692198,078451295,MAGNA MIRRORS OF AMERICA INC,MIRROR ASM-O/S,ARU108
84692199,078451295,MAGNA MIRRORS OF AMERICA INC,MIRROR ASM-O/S,ARU108
84692200,078451295,MAGNA MIRRORS OF AMERICA INC,MIRROR ASM-O/S,ARU108
84692201,078451295,MAGNA MIRRORS OF AMERICA INC,MIRROR ASM-O/S,ARU108
84692202,078451295,MAGNA MIRRORS OF AMERICA INC,MIRROR ASM-O/S,ARU108
84692203,078451295,MAGNA MIRRORS OF AMERICA INC,MIRROR ASM-O/S,ARU108
84838883,078451295,MAGNA MIRRORS OF AMERICA INC,MIRROR ASM-O/S,ARU108
84838884,078451295,PLASTIC OMNIUM AUTO INERGY USA LLC,PROTECTOR-EMIS,ARU108
85545358,078451295,EXCO AUTOMOTIVE SOLUTIONS LP,RETAINER-CONVEN,ARU108
85579399,078451295,HENNIGES AUTOMOTIVE NA INC,WEATHERSTRIP AS,ARU108
85579403,078451295,HENNIGES AUTOMOTIVE NA INC,WEATHERSTRIP AS,ARU108
85579404,078451295,HENNIGES AUTOMOTIVE NA INC,WEATHERSTRIP AS,ARU108
85595974,078451295,HENNIGES AUTOMOTIVE NA INC,WEATHERSTRIP AS,ARU108
85815612,078451295,NITERRA NORTH AMERICA INC,SENSOR ASM-HTD,ARU108
85815613,078451295,NITERRA NORTH AMERICA INC,SENSOR ASM,ARU108
85579401,078451295,NITERRA NORTH AMERICA INC,SENSOR ASM,ARU108
85579402,078451295,MAGNA MIRRORS OF AMERICA INC,MIRROR ASM-I/S,ARU108
86382010,078451295,SRG GLOBAL TRIM INC,MOLDING AS,ARU108
86382011,078451295,SRG GLOBAL TRIM INC,MOLDING AS,ARU108
86382012,078451295,ZF GAINESVILLE LLC,CARRIER ASM-DIF,ARU108
86459119,078451295,ZF GAINESVILLE LLC,CARRIER ASM-DIF,ARU108
84720022,080631376,CCL LABEL INC,TIRE LOAD INFO,ARU109
84727533,080631376,CCL LABEL INC,LABEL-BAT BLACK,ARU109
84727534,080631376,SEMBLEX CORP,BOLT/SCREW,ARU109
84727535,080631376,SEMBLEX CORP,BOLT/SCREW,ARU109
85523148,080631376,SEMBLEX CORP,BOLT/SCREW-.,ARU109
85828618,080631376,SEMBLEX CORP,BOLT/SCREW-.,ARU109
85843733,080631376,SEMBLEX CORP,BOLT/SCREW-.,ARU109
86323080,080631376,SEMBLEX CORP,BOLT/SCREW-.,ARU109
86323792,080631376,SEMBLEX CORP,BOLT/SCREW,ARU109
86352037,080631376,SEMBLEX CORP,BOLT/SCREW-.,ARU109
86383497,080631376,SEMBLEX CORP,BOLT/SCREW,ARU109
86383504,080631376,SEMBLEX CORP,BOLT/SCREW,ARU109
86541573,080631376,SEMBLEX CORP,SCREW - METRIC,ARU109
86541574,080631376,SEMBLEX CORP,BOLT/SCREW,ARU109
85716675,080786860,SEMBLEX CORP,BOLT/SCREW,ARU110
85716677,080786860,BOS AUTOMOTIVE PRODUCTS INC,BUMPER-R/FLR TA,ARU110
85716691,080786860,LIFELINE FIRST AID LLC,REFLECTOR,ARU110
85716692,080786860,BOS AUTOMOTIVE PRODUCTS,TRAY ASM-R/FLR,ARU110
85716693,080786860,BOS AUTOMOTIVE PRODUCTS,BUTTON-R/FLR TA,ARU110
85716694,080786860,BOS AUTOMOTIVE PRODUCTS,BUTTON-R/FLR TA,ARU110
85716695,080786860,ACOUST-A-FIBER DE,INSULATOR-DA  P,ARU110
85716696,080786860,ACOUST-A-FIBER DE,INSULATOR-HOOD,ARU110
85716704,080786860,AAM MAQUILADORA,AXLE ASM-FRT,ARU110
85716705,080786860,AAM MAQUILADORA,AXLE ASM-FRT,ARU110
85716706,080786860,AAM MAQUILADORA,CARRIER ASM-DIF,ARU110
85716707,080786860,AAM MAQUILADORA,CARRIER ASM-DIF,ARU110
85716708,080786860,LIZHONG MEXICO S DE RL DE CV,WHEEL-FRT & RR,ARU110
85716711,080786860,LIZHONG MEXICO S DE RL DE CV,WHEEL-FRT & RR,ARU110
85716714,080786860,LIZHONG MEXICO S DE RL DE CV,WHEEL-FRT & RR,ARU110
85716721,080786860,LIZHONG MEXICO S DE RL DE CV,WHEEL-FRT & RR,ARU110
85716722,080786860,MARKDOM COMPONENTES DE MEXICO,ATTACHMENT,ARU110
85716733,080786860,MARKDOM COMPONENTES DE MEXICO,ATTACHMENT,ARU110
85716734,080786860,MARKDOM COMPONENTES DE MEXICO,ATTACHMENT PKG-,ARU110
85716738,080786860,MARKDOM COMPONENTES DE MEXICO,SHIELD-AUDIO/VI,ARU110
85716740,080786860,MARKDOM COMPONENTES DE MEXICO,ATTACHMENT PKG-,ARU110
85716741,080786860,MARKDOM COMPONENTES DE MEXICO,ATTACHMENT PKG-,ARU110
85716742,080786860,MARKDOM COMPONENTES DE MEXICO,ATTACHMENT PKG-,ARU110
85716743,080786860,MARKDOM COMPONENTES DE MEXICO,ATTACHMENT PKG-,ARU110
85716746,080786860,MARKDOM COMPONENTES DE MEXICO,ATTACHMENT PKG-,ARU110
85716747,080786860,ROBERT BOSCH S DE RL DE CV,ARM ASM-WSW,ARU110
85716750,080786860,ROBERT BOSCH S DE RL DE CV,ARM ASM-WSW,ARU110
85716751,080786860,ZF ELECTRONIC SYSTEMS MONTERREY,CAMERA ASM-FV,ARU110
85716759,080786860,ZF ELECTRONIC SYSTEMS MONTERREY,CAMERA ASM-FV,ARU110
85716760,080786860,FRENOS Y MECANISMOS S DE R L DE C V,CALIPER ASM-FRT,ARU110
85716761,080786860,FRENOS Y MECANISMOS S DE R L DE C V,CALIPER ASM-FRT,ARU110
85716762,080786860,LG ELECTRONICS REYNOSA SA DE CV,MODULE ASM-AUDI,ARU110
85716763,080786860,MOLEX DE MEXICO S A DE C V,ANTENNA ASM-HIG,ARU110
85716764,080786860,MOLEX DE MEXICO S A DE C V,ANTENNA ASM-HIG,ARU110
85716765,080786860,MOLEX DE MEXICO S A DE C V,ANTENNA ASM-HIG,ARU110
85716766,080786860,MOLEX DE MEXICO S A DE C V,ANTENNA ASM-HIG,ARU110
85716767,080786860,MOLEX DE MEXICO S A DE C V,ANTENNA ASM-HIG,ARU110
85716768,080786860,MOLEX DE MEXICO S A DE C V,ANTENNA ASM-HIG,ARU110
85716769,080786860,MOLEX DE MEXICO S A DE C V,ANTENNA ASM-HIG,ARU110
85716770,080786860,MOLEX DE MEXICO S A DE C V,ANTENNA ASM-HIG,ARU110
85716771,080786860,MOLEX DE MEXICO S A DE C V,ANTENNA ASM-HIG,ARU110
85716772,080786860,MOLEX DE MEXICO S A DE C V,ANTENNA ASM-HIG,ARU110
85716773,080786860,MOLEX DE MEXICO S A DE C V,ANTENNA ASM-HIG,ARU110
85716774,080786860,MOLEX DE MEXICO S A DE C V,ANTENNA ASM-HIG,ARU110
85716775,080786860,MOLEX DE MEXICO S A DE C V,ANTENNA ASM-HIG,ARU110
85716776,080786860,MOLEX DE MEXICO S A DE C V,ANTENNA ASM-HIG,ARU110
85716777,080786860,MOLEX DE MEXICO S A DE C V,ANTENNA ASM-HIG,ARU110
85716778,080786860,MOLEX DE MEXICO S A DE C V,ANTENNA ASM-HIG,ARU110
85716779,080786860,MOLEX DE MEXICO S A DE C V,ANTENNA ASM-HIG,ARU110
85716780,080786860,MOLEX DE MEXICO S A DE C V,ANTENNA ASM-HIG,ARU110
85716781,080786860,MOLEX DE MEXICO S A DE C V,ANTENNA ASM-HIG,ARU110
85716782,080786860,MOLEX DE MEXICO S A DE C V,ANTENNA ASM-HIG,ARU110
85716783,080786860,MOLEX DE MEXICO S A DE C V,ANTENNA ASM-HIG,ARU110
85716784,080786860,MOLEX DE MEXICO S A DE C V,ANTENNA ASM-HIG,ARU110
85716810,080786860,MOLEX DE MEXICO S A DE C V,ANTENNA ASM-HIG,ARU110
85716811,080786860,MOLEX DE MEXICO S A DE C V,ANTENNA ASM-HIG,ARU110
85716812,080786860,MOLEX DE MEXICO S A DE C V,ANTENNA ASM-HIG,ARU110
85716813,080786860,MOLEX DE MEXICO S A DE C V,ANTENNA ASM-HIG,ARU110
85716814,080786860,MOLEX DE MEXICO S A DE C V,ANTENNA ASM-HIG,ARU110
85716815,080786860,MOLEX DE MEXICO S A DE C V,ANTENNA ASM-HIG,ARU110
85716818,080786860,MOLEX DE MEXICO S A DE C V,ANTENNA ASM-HIG,ARU110
85716819,080786860,MOLEX DE MEXICO S A DE C V,ANTENNA ASM-HIG,ARU110
85716822,080786860,MOLEX DE MEXICO S A DE C V,ANTENNA ASM-HIG,ARU110
85716823,080786860,MOLEX DE MEXICO S A DE C V,ANTENNA ASM-HIG,ARU110
85716828,080786860,MOLEX DE MEXICO S A DE C V,ANTENNA ASM-HIG,ARU110
85716829,080786860,MOLEX DE MEXICO S A DE C V,ANTENNA ASM-HIG,ARU110
85716830,080786860,MOLEX DE MEXICO S A DE C V,ANTENNA ASM-HIG,ARU110
85716831,080786860,MOLEX DE MEXICO S A DE C V,ANTENNA ASM-HIG,ARU110
85716832,080786860,MOLEX DE MEXICO S A DE C V,ANTENNA ASM-HIG,ARU110
85716833,080786860,MOLEX DE MEXICO S A DE C V,ANTENNA ASM-HIG,ARU110
85716834,080786860,MOLEX DE MEXICO S A DE C V,ANTENNA ASM-HIG,ARU110
85716839,080786860,MOLEX DE MEXICO S A DE C V,ANTENNA ASM-HIG,ARU110
85716840,080786860,MOLEX DE MEXICO S A DE C V,ANTENNA ASM-HIG,ARU110
85716841,080786860,MOLEX DE MEXICO S A DE C V,ANTENNA ASM-HIG,ARU110
85716842,080786860,DOMETIC CORP,COOLER ASM-F/FL,ARU110
85716843,080786860,LYDECH THERMAL ACOUSTICAL INC,SHIELD-EXH MANI,ARU110
85716846,080786860,LYDECH THERMAL ACOUSTICAL INC,SHIELD-EXH MANI,ARU110
85716847,080786860,LYDECH THERMAL ACOUSTICAL INC,SHIELD-STRTR HT,ARU110
85716849,080786860,LYDECH THERMAL ACOUSTICAL INC,SHIELD ASM-TRAN,ARU110
85716850,080786860,LYDECH THERMAL ACOUSTICAL INC,SHIELD ASM-TRAN,ARU110
85716851,080786860,LYDECH THERMAL ACOUSTICAL INC,SHIELD-STRTR HT,ARU110
85716852,080786860,LYDECH THERMAL ACOUSTICAL INC,SHIELD-SPA WHL,ARU110
85716859,080786860,PLASMAN ALA LLC,MOLDING ASM-BK,ARU110
85716860,080786860,PLASMAN ALA LLC,MOLDING ASM-BK,ARU110
85716861,080786860,HANON SYSTEMS USA LLC,PIPE ASM-AUX HT,ARU110
85716862,080786860,HANON SYSTEMS USA LLC,PIPE ASM-AUX HT,ARU110
85716863,080786860,HANON SYSTEMS USA LLC,HOSE ASM-AUX A/,ARU110
85716864,080786860,HANON SYSTEMS USA LLC,HOSE ASM-AUX A/,ARU110
85716869,080786860,HANON SYSTEMS USA LLC,MODULE ASM-AUX,ARU110
85716870,080786860,HANON SYSTEMS USA LLC,MODULE ASM-AUX,ARU110
85716879,080786860,THK RHYTHM NORTH AMERICA CO LTD,LINK ASM-RR STA,ARU110
85716880,080786860,THK RHYTHM NORTH AMERICA CO LTD,CAP-RR STAB SHF,ARU110
85716881,080786860,PILKINGTON NORTH AMERICA INC,WINDSHIELD ASM-,ARU110
85716882,080786860,PILKINGTON NORTH AMERICA INC,WINDSHIELD ASM-,ARU110
85774853,080786860,PILKINGTON NORTH AMERICA INC,WINDSHIELD ASM-,ARU110
85774854,080786860,GDC INC,SEAL ASM-HOOD R,ARU110
85774855,080786860,GDC INC,SEAL ASM-HOOD R,ARU110
85774856,080786860,GDC INC,SEAL ASM-HOOD R,ARU110
85774857,080786860,GDC INC,SEAL ASM-HOOD R,ARU110
85785797,080786860,GDC INC,SHIELD ASM-WSW,ARU110
85785799,080786860,UNDERCAR PRODUCTS GROUP INC,DUCT ASM-INT AI,ARU110
85785800,080786860,UNDERCAR PRODUCTS GROUP INC,DUCT ASM-A/CL O,ARU110
85785806,080786860,UNDERCAR PRODUCTS GROUP INC,DUCT ASM-A/CL O,ARU110
85785809,080786860,UNDERCAR PRODUCTS GROUP INC,SHIELD-INT AIR,ARU110
85785810,080786860,UNDERCAR PRODUCTS GROUP INC,CLEANER ASM-AIR,ARU110
85785811,080786860,UNDERCAR PRODUCTS GROUP INC,CLEANER ASM-AIR,ARU110
85785812,080786860,UNDERCAR PRODUCTS GROUP INC,CLEANER ASM-AIR,ARU110
85785814,080786860,UNDERCAR PRODUCTS GROUP INC,DUCT ASM-A/CL O,ARU110
85785815,080786860,FAURECIA EXHAUST SYSTEMS LLC,PIPE ASM-EXH IN,ARU110
85785816,080786860,FAURECIA EXHAUST SYSTEMS LLC,MUFFLER ASM-EXH,ARU110
85785818,080786860,FAURECIA EXHAUST SYSTEMS LLC,MUFFLER ASM-EXH,ARU110
85785819,080786860,FAURECIA EXHAUST SYSTEMS LLC,MUFFLER ASM-EXH,ARU110
85785822,080786860,FAURECIA EXHAUST SYSTEMS LLC,MUFFLER ASM-EXH,ARU110
85785829,080786860,FAURECIA EXHAUST SYSTEMS LLC,MUFFLER ASM-EXH,ARU110
85785831,080786860,FAURECIA EXHAUST SYSTEMS LLC,MUFFLER ASM-EXH,ARU110
85785835,080786860,FAURECIA EXHAUST SYSTEMS LLC,MUFFLER ASM-EXH,ARU110
85785836,080786860,FAURECIA EXHAUST SYSTEMS LLC,MUFFLER ASM-EXH,ARU110
85785839,080786860,PHA MICHIGAN LLC,HANDLE-HOOD SEC,ARU110
85785841,080786860,PHA MICHIGAN LLC,LATCH ASM-HOOD,ARU110
85785842,080786860,PHA MICHIGAN LLC,LATCH ASM-HOOD,ARU110
86327107,080786860,FESSLER & BOWMAN INC,BRACKET-FRT BPR,ARU110
86327108,080786860,FESSLER & BOWMAN INC,BRACKET-FRT BPR,ARU110
86327111,080786860,AG MICHIGAN HOLDINGS CORP,DEFLECTOR ASM-A,ARU110
86327112,080786860,AG MICHIGAN HOLDINGS CORP,MOLDING ASM-RR,ARU110
86327119,080786860,AG MICHIGAN HOLDINGS CORP,MOLDING ASM-RR,ARU110
86327120,080786860,AG MICHIGAN HOLDINGS CORP,MOLDING ASM-RR,ARU110
86327123,080786860,AG MICHIGAN HOLDINGS CORP,MOLDING ASM-RR,ARU110
86327124,080786860,AG MICHIGAN HOLDINGS CORP,MOLDING ASM-FRT,ARU110
86327127,080786860,AG MICHIGAN HOLDINGS CORP,MOLDING ASM-FRT,ARU110
86327128,080786860,AG MICHIGAN HOLDINGS CORP,BAFFLE-RAD AIR,ARU110
86327131,080786860,AG MICHIGAN HOLDINGS CORP,BAFFLE-RAD AIR,ARU110
86327132,080786860,AG MICHIGAN HOLDINGS CORP,BAFFLE-RAD AIR,ARU110
86327135,080786860,AG MICHIGAN HOLDINGS CORP,BAFFLE-RAD AIR,ARU110
86327136,080786860,AG MICHIGAN HOLDINGS CORP,BAFFLE-RAD AIR,ARU110
86327137,080786860,AG MICHIGAN HOLDINGS CORP,BAFFLE-RAD AIR,ARU110
86327138,080786860,AG MICHIGAN HOLDINGS CORP,BAFFLE-RAD AIR,ARU110
86327141,080786860,AG MICHIGAN HOLDINGS CORP,BAFFLE-RAD AIR,ARU110
86327142,080786860,AG MICHIGAN HOLDINGS CORP,GUTTER ASM-BK B,ARU110
86327143,080786860,AG MICHIGAN HOLDINGS CORP,GUTTER ASM-BK B,ARU110
86327144,080786860,AG MICHIGAN HOLDINGS CORP,GUTTER ASM-BK B,ARU110
86327145,080786860,AG MICHIGAN HOLDINGS CORP,GUTTER ASM-BK B,ARU110
86327146,080786860,AG MICHIGAN HOLDINGS CORP,GUTTER ASM-BK B,ARU110
86327147,080786860,AG MICHIGAN HOLDINGS CORP,GUTTER ASM-BK B,ARU110
86327148,080786860,AG MICHIGAN HOLDINGS CORP,BAFFLE,ARU110
86327151,080786860,AG MICHIGAN HOLDINGS CORP,BAFFLE,ARU110
86327152,080786860,AG MICHIGAN HOLDINGS CORP,BAFFLE,ARU110
86327153,080786860,AG MICHIGAN HOLDINGS CORP,BAFFLE,ARU110
86327154,080786860,AG MICHIGAN HOLDINGS CORP,EXTENSION ASM-A,ARU110
86327157,080786860,AG MICHIGAN HOLDINGS CORP,EXTENSION ASM-A,ARU110
86327158,080786860,AG MICHIGAN HOLDINGS CORP,EXTENSION ASM-A,ARU110
86327159,080786860,AG MICHIGAN HOLDINGS CORP,EXTENSION ASM-A,ARU110
86327160,080786860,AG MICHIGAN HOLDINGS CORP,EXTENSION ASM-A,ARU110
86327161,080786860,AG MICHIGAN HOLDINGS CORP,EXTENSION ASM-A,ARU110
86327162,080786860,AG MICHIGAN HOLDINGS CORP,MOLDING ASM-FRT,ARU110
86327163,080786860,AG MICHIGAN HOLDINGS CORP,MOLDING ASM-FRT,ARU110
86327164,080786860,AG MICHIGAN HOLDINGS CORP,GUTTER ASM-BK B,ARU110
86327167,080786860,AG MICHIGAN HOLDINGS CORP,GUTTER ASM-BK B,ARU110
86327168,080786860,AG MICHIGAN HOLDINGS CORP,BRACKET ASM-RAD,ARU110
86327169,080786860,AG MICHIGAN HOLDINGS CORP,BRACKET ASM-RAD,ARU110
86327170,080786860,AG MICHIGAN HOLDINGS CORP,PANEL ASM-R/SEA,ARU110
86327173,080786860,AG MICHIGAN HOLDINGS CORP,PANEL ASM-R/SEA,ARU110
86327174,080786860,AG MICHIGAN HOLDINGS CORP,PANEL ASM-R/SEA,ARU110
86327175,080786860,AG MICHIGAN HOLDINGS CORP,PANEL ASM-R/SEA,ARU110
86327176,080786860,AG MICHIGAN HOLDINGS CORP,PANEL ASM-R/SEA,ARU110
86327177,080786860,AG MICHIGAN HOLDINGS CORP,PANEL ASM-R/SEA,ARU110
86327178,080786860,AG MICHIGAN HOLDINGS CORP,PANEL ASM-R/SEA,ARU110
86327179,080786860,AG MICHIGAN HOLDINGS CORP,PANEL ASM-R/SEA,ARU110
86327180,080786860,AG MICHIGAN HOLDINGS CORP,PANEL ASM-R/SEA,ARU110
86327187,080786860,AG MICHIGAN HOLDINGS CORP,PANEL ASM-R/SEA,ARU110
86327188,080786860,AG MICHIGAN HOLDINGS CORP,PANEL ASM-R/SEA,ARU110
86327191,080786860,AG MICHIGAN HOLDINGS CORP,PANEL ASM-R/SEA,ARU110
86327192,080786860,AG MICHIGAN HOLDINGS CORP,PANEL ASM-R/SEA,ARU110
86327199,080786860,AG MICHIGAN HOLDINGS CORP,PANEL ASM-R/SEA,ARU110
86327200,080786860,AG MICHIGAN HOLDINGS CORP,PANEL ASM-R/SEA,ARU110
86327203,080786860,AG MICHIGAN HOLDINGS CORP,PANEL ASM-R/SEA,ARU110
86327204,080786860,AG MICHIGAN HOLDINGS CORP,PANEL ASM-R/SEA,ARU110
86327207,080786860,AG MICHIGAN HOLDINGS CORP,PANEL ASM-R/SEA,ARU110
86327208,080786860,AG MICHIGAN HOLDINGS CORP,PANEL ASM-R/SEA,ARU110
86327211,080786860,AG MICHIGAN HOLDINGS CORP,PANEL ASM-R/SEA,ARU110
86327212,080786860,AG MICHIGAN HOLDINGS CORP,PANEL ASM-R/SEA,ARU110
86327220,080786860,AG MICHIGAN HOLDINGS CORP,COVER-F/SEAT AD,ARU110
86327221,080786860,AG MICHIGAN HOLDINGS CORP,COVER-F/SEAT AD,ARU110
86327224,080786860,AG MICHIGAN HOLDINGS CORP,COVER-F/SEAT AD,ARU110
86327225,080786860,AG MICHIGAN HOLDINGS CORP,COVER-F/SEAT AD,ARU110
86327232,080786860,AG MICHIGAN HOLDINGS CORP,COVER-F/SEAT AD,ARU110
86327233,080786860,AG MICHIGAN HOLDINGS CORP,COVER-F/SEAT AD,ARU110
86327240,080786860,AG MICHIGAN HOLDINGS CORP,COVER-F/SEAT AD,ARU110
86327241,080786860,AG MICHIGAN HOLDINGS CORP,COVER-F/SEAT AD,ARU110
86327242,080786860,AG MICHIGAN HOLDINGS CORP,PANEL ASM-AIR I,ARU110
86327243,080786860,AG MICHIGAN HOLDINGS CORP,PANEL ASM-AIR I,ARU110
86327246,080786860,AG MICHIGAN HOLDINGS CORP,BRACKET ASM-CHA,ARU110
86327247,080786860,AG MICHIGAN HOLDINGS CORP,DEFLECTOR ASM-F,ARU110
86327256,080786860,AG MICHIGAN HOLDINGS CORP,DEFLECTOR ASM-F,ARU110
86327257,080786860,AG MICHIGAN HOLDINGS CORP,GUTTER ASM-BK B,ARU110
86327260,080786860,AG MICHIGAN HOLDINGS CORP,GUTTER ASM-BK B,ARU110
86327261,080786860,AG MICHIGAN HOLDINGS CORP,GUIDE ASM-RR BP,ARU110
86327276,080786860,AG MICHIGAN HOLDINGS CORP,GUIDE ASM-RR BP,ARU110
86327277,080786860,AG MICHIGAN HOLDINGS CORP,GUIDE ASM-RR BP,ARU110
86327278,080786860,AG MICHIGAN HOLDINGS CORP,GUIDE ASM-RR BP,ARU110
86327279,080786860,AG MICHIGAN HOLDINGS CORP,LINER-RR W/H,ARU110
86327288,080786860,AG MICHIGAN HOLDINGS CORP,LINER-RR W/H,ARU110
86327289,080786860,AG MICHIGAN HOLDINGS CORP,LINER-RR W/H,ARU110
86327290,080786860,AG MICHIGAN HOLDINGS CORP,LINER-RR W/H,ARU110
86327291,080786860,AG MICHIGAN HOLDINGS CORP,BRACKET ASM-RAD,ARU110
86327294,080786860,AG MICHIGAN HOLDINGS CORP,BRACKET ASM-RAD,ARU110
86327295,080786860,AG MICHIGAN HOLDINGS CORP,COVER ASM-R/SEA,ARU110
86355760,080786860,AG MICHIGAN HOLDINGS CORP,COVER ASM-R/SEA,ARU110
86355761,080786860,AG MICHIGAN HOLDINGS CORP,COVER ASM-R/SEA,ARU110
86355764,080786860,AG MICHIGAN HOLDINGS CORP,COVER ASM-R/SEA,ARU110
86355765,080786860,AG MICHIGAN HOLDINGS CORP,COVER ASM-R/SEA,ARU110
86355766,080786860,AG MICHIGAN HOLDINGS CORP,COVER ASM-R/SEA,ARU110
86355767,080786860,AG MICHIGAN HOLDINGS CORP,COVER ASM-R/SEA,ARU110
86355768,080786860,AG MICHIGAN HOLDINGS CORP,COVER ASM-R/SEA,ARU110
86355769,080786860,AG MICHIGAN HOLDINGS CORP,COVER ASM-R/SEA,ARU110
86355770,080786860,AG MICHIGAN HOLDINGS CORP,COVER ASM-R/SEA,ARU110
86355771,080786860,AG MICHIGAN HOLDINGS CORP,COVER ASM-R/SEA,ARU110
86355772,080786860,AG MICHIGAN HOLDINGS CORP,MOLDING ASM-RKR,ARU110
86355773,080786860,AG MICHIGAN HOLDINGS CORP,MOLDING ASM-RKR,ARU110
86355774,080786860,AG MICHIGAN HOLDINGS CORP,MOLDING ASM-RKR,ARU110
86355775,080786860,AG MICHIGAN HOLDINGS CORP,MOLDING ASM-RKR,ARU110
86355776,080786860,AG MICHIGAN HOLDINGS CORP,MOLDING ASM-RKR,ARU110
86355777,080786860,AG MICHIGAN HOLDINGS CORP,MOLDING ASM-RKR,ARU110
86355780,080786860,AG MICHIGAN HOLDINGS CORP,MOLDING ASM-RKR,ARU110
86355781,080786860,AG MICHIGAN HOLDINGS CORP,MOLDING ASM-RKR,ARU110
86355784,080786860,AG MICHIGAN HOLDINGS CORP,MOLDING ASM-RKR,ARU110
86355785,080786860,AG MICHIGAN HOLDINGS CORP,MOLDING ASM-RKR,ARU110
86355788,080786860,AG MICHIGAN HOLDINGS CORP,MOLDING ASM-RKR,ARU110
86355789,080786860,AG MICHIGAN HOLDINGS CORP,MOLDING ASM-RKR,ARU110
86355792,080786860,AG MICHIGAN HOLDINGS CORP,GUTTER ASM-BK B,ARU110
86355793,080786860,AG MICHIGAN HOLDINGS CORP,LINER ASM,ARU110
86355794,080786860,AG MICHIGAN HOLDINGS CORP,LINER ASM,ARU110
86355795,080786860,AG MICHIGAN HOLDINGS CORP,LINER ASM,ARU110
86355796,080786860,AG MICHIGAN HOLDINGS CORP,LINER ASM,ARU110
86355797,080786860,AG MICHIGAN HOLDINGS CORP,LINER ASM,ARU110
86355800,080786860,AG MICHIGAN HOLDINGS CORP,LINER ASM,ARU110
86355801,080786860,AG MICHIGAN HOLDINGS CORP,LINER ASM,ARU110
86355806,080786860,AG MICHIGAN HOLDINGS CORP,LINER ASM,ARU110
86355807,080786860,AG MICHIGAN HOLDINGS CORP,GUIDE ASM-FRT B,ARU110
86355810,080786860,AG MICHIGAN HOLDINGS CORP,GUIDE ASM-FRT B,ARU110
86355811,080786860,AG MICHIGAN HOLDINGS CORP,GUIDE ASM-FRT B,ARU110
86355812,080786860,AG MICHIGAN HOLDINGS CORP,GUIDE ASM-FRT B,ARU110
86355813,080786860,AG MICHIGAN HOLDINGS CORP,LINER ASM-FRT W,ARU110
86382880,080786860,AG MICHIGAN HOLDINGS CORP,LINER ASM-FRT W,ARU110
86382881,080786860,AG MICHIGAN HOLDINGS CORP,LINER ASM-FRT W,ARU110
86382883,080786860,AG MICHIGAN HOLDINGS CORP,LINER ASM-FRT W,ARU110
86382884,080786860,AG MICHIGAN HOLDINGS CORP,LINER ASM-FRT W,ARU110
86382886,080786860,AG MICHIGAN HOLDINGS CORP,LINER ASM-FRT W,ARU110
86382887,080786860,AG MICHIGAN HOLDINGS CORP,LINER ASM-FRT W,ARU110
86382889,080786860,AG MICHIGAN HOLDINGS CORP,LINER ASM-FRT W,ARU110
86382890,080786860,AG MICHIGAN HOLDINGS CORP,LINER ASM-FRT W,ARU110
86382892,080786860,AG MICHIGAN HOLDINGS CORP,LINER ASM-FRT W,ARU110
86382894,080786860,AG MICHIGAN HOLDINGS CORP,LINER ASM-FRT W,ARU110
86382896,080786860,AG MICHIGAN HOLDINGS CORP,LINER ASM-FRT W,ARU110
86382898,080786860,AG MICHIGAN HOLDINGS CORP,LINER ASM-FRT W,ARU110
86382900,080786860,AG MICHIGAN HOLDINGS CORP,LINER ASM-FRT W,ARU110
86382901,080786860,AG MICHIGAN HOLDINGS CORP,LINER ASM-FRT W,ARU110
86382903,080786860,AG MICHIGAN HOLDINGS CORP,LINER ASM-FRT W,ARU110
86382904,080786860,AG MICHIGAN HOLDINGS CORP,BRACKET ASM-ECM,ARU110
86382906,080786860,AG MICHIGAN HOLDINGS CORP,DEFLECTOR ASM-F,ARU110
86382907,080786860,AG MICHIGAN HOLDINGS CORP,DEFLECTOR ASM-F,ARU110
86382909,080786860,AG MICHIGAN HOLDINGS CORP,DEFLECTOR ASM-F,ARU110
86382910,080786860,AG MICHIGAN HOLDINGS CORP,DEFLECTOR ASM-F,ARU110
86382912,080786860,AG MICHIGAN HOLDINGS CORP,BRACKET-IGN LK,ARU110
86382913,080786860,AG MICHIGAN HOLDINGS CORP,BRACKET-IGN LK,ARU110
86382915,080786860,AG MICHIGAN HOLDINGS CORP,BRACKET ASM-RR,ARU110
86382916,080786860,,,ARU110
86382918,080786860,,,ARU110
86382920,080786860,,,ARU110
86382922,080786860,,,ARU110
86382924,080786860,,,ARU110
86382926,080786860,,,ARU110
86382927,080786860,,,ARU110
86382929,080786860,,,ARU110
86382930,080786860,,,ARU110
86382933,080786860,,,ARU110
86382935,080786860,,,ARU110
86382936,080786860,,,ARU110
86382938,080786860,,,ARU110
86382940,080786860,,,ARU110
86382941,080786860,,,ARU110
86382943,080786860,,,ARU110
86382945,080786860,,,ARU110
86382947,080786860,,,ARU110
86382948,080786860,,,ARU110
86382950,080786860,,,ARU110
86382952,080786860,,,ARU110
86382953,080786860,,,ARU110
86382955,080786860,,,ARU110
86382957,080786860,,,ARU110
86382958,080786860,,,ARU110
86383754,080786860,,,ARU110
86383755,080786860,,,ARU110
86383757,080786860,,,ARU110
86383758,080786860,,,ARU110
86383760,080786860,,,ARU110
86383761,080786860,,,ARU110
86383763,080786860,,,ARU110
86383764,080786860,,,ARU110
86383766,080786860,,,ARU110
86383768,080786860,,,ARU110
86383770,080786860,,,ARU110
86383772,080786860,,,ARU110
86383774,080786860,,,ARU110
86383776,080786860,,,ARU110
86383778,080786860,,,ARU110
86383780,080786860,,,ARU110
86383782,080786860,,,ARU110
86383783,080786860,,,ARU110
86383785,080786860,,,ARU110
86383786,080786860,,,ARU110
86383788,080786860,,,ARU110
86383789,080786860,,,ARU110
86383791,080786860,,,ARU110
86383792,080786860,,,ARU110
86383794,080786860,,,ARU110
86383795,080786860,,,ARU110
86383797,080786860,,,ARU110
86383798,080786860,,,ARU110
86383800,080786860,,,ARU110
86383801,080786860,,,ARU110
86383803,080786860,,,ARU110
86383804,080786860,,,ARU110
86383806,080786860,,,ARU110
86383807,080786860,,,ARU110
86383809,080786860,,,ARU110
86383810,080786860,,,ARU110
86383812,080786860,,,ARU110
86383813,080786860,,,ARU110
86383815,080786860,,,ARU110
86383816,080786860,,,ARU110
86383818,080786860,,,ARU110
86383820,080786860,,,ARU110
86383822,080786860,,,ARU110
86383823,080786860,,,ARU110
86383825,080786860,,,ARU110
86383826,080786860,,,ARU110
86383828,080786860,,,ARU110
86383829,080786860,,,ARU110
86383831,080786860,,,ARU110
86383832,080786860,,,ARU110
86383834,080786860,,,ARU110
86383835,080786860,,,ARU110
86383837,080786860,,,ARU110
86383838,080786860,,,ARU110
86383840,080786860,,,ARU110
86383842,080786860,,,ARU110
86383844,080786860,,,ARU110
86383845,080786860,,,ARU110
86383847,080786860,,,ARU110
86383848,080786860,,,ARU110
86383850,080786860,,,ARU110
86383852,080786860,,,ARU110
86383854,080786860,,,ARU110
86383856,080786860,,,ARU110
86383858,080786860,,,ARU110
86383859,080786860,,,ARU110
86383861,080786860,,,ARU110
86383862,080786860,,,ARU110
86383864,080786860,,,ARU110
86383866,080786860,,,ARU110
86383868,080786860,,,ARU110
86383869,080786860,,,ARU110
86383871,080786860,,,ARU110
86383872,080786860,,,ARU110
86383874,080786860,,,ARU110
86383876,080786860,,,ARU110
86383878,080786860,,,ARU110
86383880,080786860,,,ARU110
86409284,080786860,,,ARU110
86409285,080786860,,,ARU110
86409296,080786860,,,ARU110
86409297,080786860,,,ARU110
86409298,080786860,,,ARU110
86409299,080786860,,,ARU110
13508322,116834641,,,ARU111
13511544,116834641,,,ARU111
13521375,116834641,,,ARU111
13521376,116834641,,,ARU111
13521377,116834641,,,ARU111
13521378,116834641,,,ARU111
13522693,116834641,,,ARU111
13536067,116834641,,,ARU111
13536871,116834641,,,ARU111
13543270,116834641,,,ARU111
13543271,116834641,,,ARU111
13544899,116834641,,,ARU111
13544900,116834641,,,ARU111
13545809,116834641,,,ARU111
13546095,116834641,,,ARU111
13546096,116834641,,,ARU111
13548458,116834641,,,ARU111
13548459,116834641,,,ARU111
13548590,116834641,,,ARU111
13557895,116834641,,,ARU111
13558219,116834641,,,ARU111
13558220,116834641,,,ARU111
13558730,116834641,,,ARU111
13558834,116834641,,,ARU111
13558915,116834641,,,ARU111
13558916,116834641,,,ARU111
13560793,116834641,,,ARU111
13560794,116834641,,,ARU111
13563323,116834641,,,ARU111
13563324,116834641,,,ARU111
13563365,116834641,,,ARU111
13568345,116834641,,,ARU111
13568959,116834641,,,ARU111
13569110,116834641,,,ARU111
13569444,116834641,,,ARU111
13569445,116834641,,,ARU111
13569455,116834641,,,ARU111
13569901,116834641,,,ARU111
13569902,116834641,,,ARU111
13570666,116834641,,,ARU111
13570667,116834641,,,ARU111
13570748,116834641,,,ARU111
13570750,116834641,,,ARU111
13572084,116834641,,,ARU111
13572085,116834641,,,ARU111
13573925,116834641,,,ARU111
13573927,116834641,,,ARU111
14514762,116834641,,,ARU111
14514764,116834641,,,ARU111
14515527,116834641,,,ARU111
14515771,116834641,,,ARU111
14515772,116834641,,,ARU111
22943248,116834641,,,ARU111
23198821,116834641,,,ARU111
39240851,116834641,,,ARU111
39240852,116834641,,,ARU111
84065002,116834641,,,ARU111
84065004,116834641,,,ARU111
84068642,116834641,,,ARU111
84069578,116834641,,,ARU111
84072818,116834641,,,ARU111
84072819,116834641,,,ARU111
84072826,116834641,,,ARU111
84072827,116834641,,,ARU111
84162694,116834641,,,ARU111
84237400,116834641,,,ARU111
84237404,116834641,,,ARU111
84237406,116834641,,,ARU111
84237415,116834641,,,ARU111
84237417,116834641,,,ARU111
84237601,116834641,,,ARU111
84237602,116834641,,,ARU111
84266440,116834641,,,ARU111
84266442,116834641,,,ARU111
84266454,116834641,,,ARU111
84266456,116834641,,,ARU111
84266458,116834641,,,ARU111
84266460,116834641,,,ARU111
84266472,116834641,,,ARU111
84266480,116834641,,,ARU111
84268019,116834641,,,ARU111
84275858,116834641,,,ARU111
84276343,116834641,,,ARU111
84276348,116834641,,,ARU111
84276750,116834641,,,ARU111
84276754,116834641,,,ARU111
84276789,116834641,,,ARU111
84277387,116834641,,,ARU111
84277618,116834641,,,ARU111
84277620,116834641,,,ARU111
84277626,116834641,,,ARU111
84277628,116834641,,,ARU111
84277630,116834641,,,ARU111
84277632,116834641,,,ARU111
84277634,116834641,,,ARU111
84277636,116834641,,,ARU111
84277638,116834641,,,ARU111
84277642,116834641,,,ARU111
84277644,116834641,,,ARU111
84277646,116834641,,,ARU111
84309943,116834641,,,ARU111
84309947,116834641,,,ARU111
84342171,116834641,,,ARU111
84342172,116834641,,,ARU111
84342201,116834641,,,ARU111
84342202,116834641,,,ARU111
84362483,116834641,,,ARU111
84376356,116834641,,,ARU111
84376357,116834641,,,ARU111
84376358,116834641,,,ARU111
84376359,116834641,,,ARU111
84399433,116834641,,,ARU111
84399434,116834641,,,ARU111
84459274,116834641,,,ARU111
84471612,116834641,,,ARU111
84471613,116834641,,,ARU111
84471999,116834641,,,ARU111
84497557,116834641,,,ARU111
84497559,116834641,,,ARU111
84497607,116834641,,,ARU111
84497609,116834641,,,ARU111
84511389,116834641,,,ARU111
84511391,116834641,,,ARU111
84526421,116834641,,,ARU111
84535735,116834641,,,ARU111
84535737,116834641,,,ARU111
84535739,116834641,,,ARU111
84535741,116834641,,,ARU111
84535743,116834641,,,ARU111
84535745,116834641,,,ARU111
84535759,116834641,,,ARU111
84535760,116834641,,,ARU111
84535761,116834641,,,ARU111
84535762,116834641,,,ARU111
84535763,116834641,,,ARU111
84543120,116834641,,,ARU111
84543134,116834641,,,ARU111
84543136,116834641,,,ARU111
84543142,116834641,,,ARU111
84543143,116834641,,,ARU111
84543150,116834641,,,ARU111
84543152,116834641,,,ARU111
84543154,116834641,,,ARU111
84547334,116834641,,,ARU111
84551048,116834641,,,ARU111
84551052,116834641,,,ARU111
84551075,116834641,,,ARU111
84551077,116834641,,,ARU111
84551079,116834641,,,ARU111
84551081,116834641,,,ARU111
84551083,116834641,,,ARU111
84551085,116834641,,,ARU111
84551087,116834641,,,ARU111
84551089,116834641,,,ARU111
84551091,116834641,,,ARU111
84551095,116834641,,,ARU111
84551097,116834641,,,ARU111
84551098,116834641,,,ARU111
84551099,116834641,,,ARU111
84551100,116834641,,,ARU111
84551105,116834641,,,ARU111
84551106,116834641,,,ARU111
84559186,116834641,,,ARU111
84559187,116834641,,,ARU111
84586501,116834641,,,ARU111
84586503,116834641,,,ARU111
84586509,116834641,,,ARU111
84586511,116834641,,,ARU111
84588666,116834641,,,ARU111
84588668,116834641,,,ARU111
84591372,116834641,,,ARU111
84591380,116834641,,,ARU111
84591381,116834641,,,ARU111
84591383,116834641,,,ARU111
84591384,116834641,,,ARU111
84591406,116834641,,,ARU111
84591408,116834641,,,ARU111
84591414,116834641,,,ARU111
84591422,116834641,,,ARU111
84591424,116834641,,,ARU111
84591425,116834641,,,ARU111
84591427,116834641,,,ARU111
84591642,116834641,,,ARU111
84591644,116834641,,,ARU111
84591646,116834641,,,ARU111
84591648,116834641,,,ARU111
84591650,116834641,,,ARU111
84591652,116834641,,,ARU111
84591654,116834641,,,ARU111
84591656,116834641,,,ARU111
84613290,116834641,,,ARU111
84613292,116834641,,,ARU111
84613294,116834641,,,ARU111
84613296,116834641,,,ARU111
84613298,116834641,,,ARU111
84613300,116834641,,,ARU111
84613302,116834641,,,ARU111
84613304,116834641,,,ARU111
84613306,116834641,,,ARU111
84613310,116834641,,,ARU111
84613312,116834641,,,ARU111
84613314,116834641,,,ARU111
84613316,116834641,,,ARU111
84618303,116834641,,,ARU111
84618306,116834641,,,ARU111
84618307,116834641,,,ARU111
84618310,116834641,,,ARU111
84618313,116834641,,,ARU111
84619467,116834641,,,ARU111
84645333,116834641,,,ARU111
84649557,116834641,,,ARU111
84664223,116834641,,,ARU111
84666763,116834641,,,ARU111
84666764,116834641,,,ARU111
84678470,116834641,,,ARU111
84678525,116834641,,,ARU111
84678526,116834641,,,ARU111
84678527,116834641,,,ARU111
84678528,116834641,,,ARU111
84678530,116834641,,,ARU111
84689849,116834641,,,ARU111
84689850,116834641,,,ARU111
84689852,116834641,,,ARU111
84689853,116834641,,,ARU111
84689855,116834641,,,ARU111
84689857,116834641,,,ARU111
84692810,116834641,,,ARU111
84692812,116834641,,,ARU111
84692813,116834641,,,ARU111
84692815,116834641,,,ARU111
84692817,116834641,,,ARU111
84692818,116834641,,,ARU111
84693581,116834641,,,ARU111
84693585,116834641,,,ARU111
84693593,116834641,,,ARU111
84693594,116834641,,,ARU111
84693595,116834641,,,ARU111
84693703,116834641,,,ARU111
84693704,116834641,,,ARU111
84693717,116834641,,,ARU111
84693718,116834641,,,ARU111
84701562,116834641,,,ARU111
84701563,116834641,,,ARU111
84701564,116834641,,,ARU111
84701566,116834641,,,ARU111
84701567,116834641,,,ARU111
84701568,116834641,,,ARU111
84701570,116834641,,,ARU111
84701571,116834641,,,ARU111
84701573,116834641,,,ARU111
84701575,116834641,,,ARU111
84701576,116834641,,,ARU111
84701580,116834641,,,ARU111
84705068,116834641,,,ARU111
84705069,116834641,,,ARU111
84705070,116834641,,,ARU111
84705074,116834641,,,ARU111
84705075,116834641,,,ARU111
84705076,116834641,,,ARU111
84705080,116834641,,,ARU111
84705081,116834641,,,ARU111
84705082,116834641,,,ARU111
84705084,116834641,,,ARU111
84705086,116834641,,,ARU111
84705087,116834641,,,ARU111
84705088,116834641,,,ARU111
84705090,116834641,,,ARU111
84705404,116834641,,,ARU111
84705405,116834641,,,ARU111
84705406,116834641,,,ARU111
84709981,116834641,,,ARU111
84709982,116834641,,,ARU111
84709985,116834641,,,ARU111
84710226,116834641,,,ARU111
84710228,116834641,,,ARU111
84712169,116834641,,,ARU111
84712170,116834641,,,ARU111
84712171,116834641,,,ARU111
84712173,116834641,,,ARU111
84712175,116834641,,,ARU111
84712176,116834641,,,ARU111
84712177,116834641,,,ARU111
84712179,116834641,,,ARU111
84718339,116834641,,,ARU111
84718340,116834641,,,ARU111
84718345,116834641,,,ARU111
84718346,116834641,,,ARU111
84718504,116834641,,,ARU111
84721743,116834641,,,ARU111
84725325,116834641,,,ARU111
84725326,116834641,,,ARU111
84725329,116834641,,,ARU111
84725330,116834641,,,ARU111
84725332,116834641,,,ARU111
84733923,116834641,,,ARU111
84733924,116834641,,,ARU111
84740005,116834641,,,ARU111
84740007,116834641,,,ARU111
84740008,116834641,,,ARU111
84744455,116834641,,,ARU111
84754006,116834641,,,ARU111
84754007,116834641,,,ARU111
84754008,116834641,,,ARU111
84754010,116834641,,,ARU111
84754011,116834641,,,ARU111
84754012,116834641,,,ARU111
84754014,116834641,,,ARU111
84754015,116834641,,,ARU111
84754017,116834641,,,ARU111
84754019,116834641,,,ARU111
84754020,116834641,,,ARU111
84754022,116834641,,,ARU111
84756955,116834641,,,ARU111
84761659,116834641,,,ARU111
84761660,116834641,,,ARU111
84768497,116834641,,,ARU111
84768498,116834641,,,ARU111
84772911,116834641,,,ARU111
84772912,116834641,,,ARU111
84794239,116834641,,,ARU111
84794241,116834641,,,ARU111
84794246,116834641,,,ARU111
84794247,116834641,,,ARU111
84794250,116834641,,,ARU111
84794251,116834641,,,ARU111
84795440,116834641,,,ARU111
84795441,116834641,,,ARU111
84795444,116834641,,,ARU111
84795445,116834641,,,ARU111
84795446,116834641,,,ARU111
84795449,116834641,,,ARU111
84799832,116834641,,,ARU111
84799833,116834641,,,ARU111
84799834,116834641,,,ARU111
84799836,116834641,,,ARU111
84799837,116834641,,,ARU111
84799838,116834641,,,ARU111
84800797,116834641,,,ARU111
84810454,116834641,,,ARU111
84813617,116834641,,,ARU111
84813618,116834641,,,ARU111
84813620,116834641,,,ARU111
84813622,116834641,,,ARU111
84813624,116834641,,,ARU111
84831203,116834641,,,ARU111
84836363,116834641,,,ARU111
84836364,116834641,,,ARU111
84836366,116834641,,,ARU111
84840591,116834641,,,ARU111
84840592,116834641,,,ARU111
84840593,116834641,,,ARU111
84840595,116834641,,,ARU111
84840597,116834641,,,ARU111
84840598,116834641,,,ARU111
84840599,116834641,,,ARU111
84840601,116834641,,,ARU111
84846784,116834641,,,ARU111
84846785,116834641,,,ARU111
84846786,116834641,,,ARU111
84846787,116834641,,,ARU111
84847961,116834641,,,ARU111
84847962,116834641,,,ARU111
84847964,116834641,,,ARU111
84847965,116834641,,,ARU111
84847966,116834641,,,ARU111
84847968,116834641,,,ARU111
84849217,116834641,,,ARU111
84856746,116834641,,,ARU111
84873082,116834641,,,ARU111
84873083,116834641,,,ARU111
84878415,116834641,,,ARU111
84878417,116834641,,,ARU111
84878418,116834641,,,ARU111
84878419,116834641,,,ARU111
84878420,116834641,,,ARU111
84883124,116834641,,,ARU111
84883126,116834641,,,ARU111
84883127,116834641,,,ARU111
84903449,116834641,,,ARU111
84903450,116834641,,,ARU111
84903451,116834641,,,ARU111
84903452,116834641,,,ARU111
84903453,116834641,,,ARU111
84903454,116834641,,,ARU111
84903455,116834641,,,ARU111
84903456,116834641,,,ARU111
84904005,116834641,,,ARU111
84904006,116834641,,,ARU111
84915118,116834641,,,ARU111
84915119,116834641,,,ARU111
84915131,116834641,,,ARU111
84915133,116834641,,,ARU111
84915134,116834641,,,ARU111
84915137,116834641,,,ARU111
84933119,116834641,,,ARU111
84933120,116834641,,,ARU111
84933121,116834641,,,ARU111
84933122,116834641,,,ARU111
84933123,116834641,,,ARU111
84933124,116834641,,,ARU111
84983784,116834641,,,ARU111
84983785,116834641,,,ARU111
84983786,116834641,,,ARU111
84990054,116834641,,,ARU111
84990055,116834641,,,ARU111
84990057,116834641,,,ARU111
84990059,116834641,,,ARU111
84990060,116834641,,,ARU111
84990062,116834641,,,ARU111
85001551,116834641,,,ARU111
85007279,116834641,,,ARU111
85007280,116834641,,,ARU111
85012075,116834641,,,ARU111
85012076,116834641,,,ARU111
85012078,116834641,,,ARU111
85012079,116834641,,,ARU111
85012084,116834641,,,ARU111
85012085,116834641,,,ARU111
85012087,116834641,,,ARU111
85012090,116834641,,,ARU111
85012093,116834641,,,ARU111
85012094,116834641,,,ARU111
85012096,116834641,,,ARU111
85012097,116834641,,,ARU111
85012099,116834641,,,ARU111
85012100,116834641,,,ARU111
85027519,116834641,,,ARU111
85030469,116834641,,,ARU111
85034644,116834641,,,ARU111
85049016,116834641,,,ARU111
85049245,116834641,,,ARU111
85050982,116834641,,,ARU111
85050983,116834641,,,ARU111
85050985,116834641,,,ARU111
85050986,116834641,,,ARU111
85050988,116834641,,,ARU111
85050990,116834641,,,ARU111
85050991,116834641,,,ARU111
85051376,116834641,,,ARU111
85051378,116834641,,,ARU111
85054805,116834641,,,ARU111
85054806,116834641,,,ARU111
85054807,116834641,,,ARU111
85054808,116834641,,,ARU111
85054810,116834641,,,ARU111
85064226,116834641,,,ARU111
85064229,116834641,,,ARU111
85069611,116834641,,,ARU111
85069612,116834641,,,ARU111
85069613,116834641,,,ARU111
85069614,116834641,,,ARU111
85069962,116834641,,,ARU111
85069963,116834641,,,ARU111
85090180,116834641,,,ARU111
85092615,116834641,,,ARU111
85092616,116834641,,,ARU111
85098940,116834641,,,ARU111
85098941,116834641,,,ARU111
85098942,116834641,,,ARU111
85098946,116834641,,,ARU111
85098947,116834641,,,ARU111
85105838,116834641,,,ARU111
85105848,116834641,,,ARU111
85105849,116834641,,,ARU111
85105900,116834641,,,ARU111
85105901,116834641,,,ARU111
85106129,116834641,,,ARU111
85106130,116834641,,,ARU111
85106132,116834641,,,ARU111
85112728,116834641,,,ARU111
85112729,116834641,,,ARU111
85114331,116834641,,,ARU111
85114335,116834641,,,ARU111
85114337,116834641,,,ARU111
85114338,116834641,,,ARU111
85116571,116834641,,,ARU111
85116572,116834641,,,ARU111
85116575,116834641,,,ARU111
85116579,116834641,,,ARU111
85116580,116834641,,,ARU111
85117859,116834641,,,ARU111
85120806,116834641,,,ARU111
85120807,116834641,,,ARU111
85120821,116834641,,,ARU111
85120822,116834641,,,ARU111
85124697,116834641,,,ARU111
85124698,116834641,,,ARU111
85124699,116834641,,,ARU111
85124702,116834641,,,ARU111
85124704,116834641,,,ARU111
85124706,116834641,,,ARU111
85124707,116834641,,,ARU111
85124712,116834641,,,ARU111
85124714,116834641,,,ARU111
85124715,116834641,,,ARU111
85124720,116834641,,,ARU111
85124721,116834641,,,ARU111
85124722,116834641,,,ARU111
85124725,116834641,,,ARU111
85124727,116834641,,,ARU111
85124729,116834641,,,ARU111
85124730,116834641,,,ARU111
85124735,116834641,,,ARU111
85124737,116834641,,,ARU111
85124738,116834641,,,ARU111
85125273,116834641,,,ARU111
85125274,116834641,,,ARU111
85125275,116834641,,,ARU111
85126332,116834641,,,ARU111
85126334,116834641,,,ARU111
85126335,116834641,,,ARU111
85128637,116834641,,,ARU111
85133507,116834641,,,ARU111
85133508,116834641,,,ARU111
85133509,116834641,,,ARU111
85133510,116834641,,,ARU111
85133511,116834641,,,ARU111
85133512,116834641,,,ARU111
85133513,116834641,,,ARU111
85133514,116834641,,,ARU111
85133518,116834641,,,ARU111
85133519,116834641,,,ARU111
85133520,116834641,,,ARU111
85133522,116834641,,,ARU111
85140323,116834641,,,ARU111
85140324,116834641,,,ARU111
85140329,116834641,,,ARU111
85140330,116834641,,,ARU111
85140336,116834641,,,ARU111
85140338,116834641,,,ARU111
85140339,116834641,,,ARU111
85140340,116834641,,,ARU111
85140341,116834641,,,ARU111
85140343,116834641,,,ARU111
85140344,116834641,,,ARU111
85140345,116834641,,,ARU111
85140346,116834641,,,ARU111
85140347,116834641,,,ARU111
85140348,116834641,,,ARU111
85140349,116834641,,,ARU111
85140350,116834641,,,ARU111
85140351,116834641,,,ARU111
85140352,116834641,,,ARU111
85140353,116834641,,,ARU111
85140354,116834641,,,ARU111
85140355,116834641,,,ARU111
85140358,116834641,,,ARU111
85140359,116834641,,,ARU111
85140360,116834641,,,ARU111
85140361,116834641,,,ARU111
85140362,116834641,,,ARU111
85140363,116834641,,,ARU111
85140391,116834641,,,ARU111
85140392,116834641,,,ARU111
85140393,116834641,,,ARU111
85140398,116834641,,,ARU111
85140399,116834641,,,ARU111
85140404,116834641,,,ARU111
85140405,116834641,,,ARU111
85140421,116834641,,,ARU111
85140423,116834641,,,ARU111
85140424,116834641,,,ARU111
85140425,116834641,,,ARU111
85140426,116834641,,,ARU111
85140428,116834641,,,ARU111
85140429,116834641,,,ARU111
85140430,116834641,,,ARU111
85140431,116834641,,,ARU111
85140432,116834641,,,ARU111
85140433,116834641,,,ARU111
85140434,116834641,,,ARU111
85140435,116834641,,,ARU111
85140436,116834641,,,ARU111
85140437,116834641,,,ARU111
85140438,116834641,,,ARU111
85140439,116834641,,,ARU111
85140442,116834641,,,ARU111
85140445,116834641,,,ARU111
85140446,116834641,,,ARU111
85140447,116834641,,,ARU111
85140448,116834641,,,ARU111
85140449,116834641,,,ARU111
85140450,116834641,,,ARU111
85140460,116834641,,,ARU111
85140461,116834641,,,ARU111
85140462,116834641,,,ARU111
85140466,116834641,,,ARU111
85140467,116834641,,,ARU111
85140468,116834641,,,ARU111
85140469,116834641,,,ARU111
85140470,116834641,,,ARU111
85140471,116834641,,,ARU111
85140472,116834641,,,ARU111
85140473,116834641,,,ARU111
85140474,116834641,,,ARU111
85140476,116834641,,,ARU111
85140477,116834641,,,ARU111
85140478,116834641,,,ARU111
85140482,116834641,,,ARU111
85140484,116834641,,,ARU111
85140486,116834641,,,ARU111
85140488,116834641,,,ARU111
85140493,116834641,,,ARU111
85140495,116834641,,,ARU111
85140497,116834641,,,ARU111
85140500,116834641,,,ARU111
85140502,116834641,,,ARU111
85151059,116834641,,,ARU111
85151060,116834641,,,ARU111
85151061,116834641,,,ARU111
85151062,116834641,,,ARU111
85151065,116834641,,,ARU111
85151068,116834641,,,ARU111
85151069,116834641,,,ARU111
85151073,116834641,,,ARU111
85151074,116834641,,,ARU111
85151076,116834641,,,ARU111
85154777,116834641,,,ARU111
85154778,116834641,,,ARU111
85157356,116834641,,,ARU111
85157358,116834641,,,ARU111
85157359,116834641,,,ARU111
85157427,116834641,,,ARU111
85524320,116834641,,,ARU111
85531278,116834641,,,ARU111
85545238,116834641,,,ARU111
85545240,116834641,,,ARU111
85545242,116834641,,,ARU111
85545244,116834641,,,ARU111
85545246,116834641,,,ARU111
85545247,116834641,,,ARU111
85545248,116834641,,,ARU111
85545250,116834641,,,ARU111
85545251,116834641,,,ARU111
85545254,116834641,,,ARU111
85545259,116834641,,,ARU111
85545653,116834641,,,ARU111
85545654,116834641,,,ARU111
85545656,116834641,,,ARU111
85545658,116834641,,,ARU111
85545660,116834641,,,ARU111
85545662,116834641,,,ARU111
85545664,116834641,,,ARU111
85545665,116834641,,,ARU111
85545666,116834641,,,ARU111
85547970,116834641,,,ARU111
85553889,116834641,,,ARU111
85553890,116834641,,,ARU111
85553892,116834641,,,ARU111
85553893,116834641,,,ARU111
85553899,116834641,,,ARU111
85553900,116834641,,,ARU111
85553902,116834641,,,ARU111
85553905,116834641,,,ARU111
85553907,116834641,,,ARU111
85553909,116834641,,,ARU111
85553910,116834641,,,ARU111
85553914,116834641,,,ARU111
85553919,116834641,,,ARU111
85553921,116834641,,,ARU111
85553925,116834641,,,ARU111
85553926,116834641,,,ARU111
85553928,116834641,,,ARU111
85553930,116834641,,,ARU111
85553932,116834641,,,ARU111
85553933,116834641,,,ARU111
85553938,116834641,,,ARU111
85553940,116834641,,,ARU111
85553942,116834641,,,ARU111
85553944,116834641,,,ARU111
85553947,116834641,,,ARU111
85553948,116834641,,,ARU111
85553953,116834641,,,ARU111
85553956,116834641,,,ARU111
85556609,116834641,,,ARU111
85564277,116834641,,,ARU111
85564278,116834641,,,ARU111
85564279,116834641,,,ARU111
85577248,116834641,,,ARU111
85577249,116834641,,,ARU111
85582961,116834641,,,ARU111
85582962,116834641,,,ARU111
85582963,116834641,,,ARU111
85582965,116834641,,,ARU111
85582966,116834641,,,ARU111
85582967,116834641,,,ARU111
85588718,116834641,,,ARU111
85588719,116834641,,,ARU111
85588724,116834641,,,ARU111
85588725,116834641,,,ARU111
85588727,116834641,,,ARU111
85588728,116834641,,,ARU111
85597813,116834641,,,ARU111
85597814,116834641,,,ARU111
85597832,116834641,,,ARU111
85597833,116834641,,,ARU111
85610463,116834641,,,ARU111
85610464,116834641,,,ARU111
85612919,116834641,,,ARU111
85612920,116834641,,,ARU111
85612921,116834641,,,ARU111
85612923,116834641,,,ARU111
85612925,116834641,,,ARU111
85612926,116834641,,,ARU111
85612927,116834641,,,ARU111
85612929,116834641,,,ARU111
85621675,116834641,,,ARU111
85621676,116834641,,,ARU111
85621679,116834641,,,ARU111
85621680,116834641,,,ARU111
85621681,116834641,,,ARU111
85621682,116834641,,,ARU111
85622284,116834641,,,ARU111
85622285,116834641,,,ARU111
85629664,116834641,,,ARU111
85629665,116834641,,,ARU111
85636445,116834641,,,ARU111
85642547,116834641,,,ARU111
85642548,116834641,,,ARU111
85642549,116834641,,,ARU111
85659661,116834641,,,ARU111
85659662,116834641,,,ARU111
85661158,116834641,,,ARU111
85661159,116834641,,,ARU111
85666173,116834641,,,ARU111
85666174,116834641,,,ARU111
85666998,116834641,,,ARU111
85666999,116834641,,,ARU111
85667459,116834641,,,ARU111
85667460,116834641,,,ARU111
85667461,116834641,,,ARU111
85673696,116834641,,,ARU111
85675355,116834641,,,ARU111
85675357,116834641,,,ARU111
85675358,116834641,,,ARU111
85675364,116834641,,,ARU111
85675366,116834641,,,ARU111
85675367,116834641,,,ARU111
85675369,116834641,,,ARU111
85675370,116834641,,,ARU111
85675371,116834641,,,ARU111
85675373,116834641,,,ARU111
85675375,116834641,,,ARU111
85675379,116834641,,,ARU111
85675380,116834641,,,ARU111
85686670,116834641,,,ARU111
85686671,116834641,,,ARU111
85686672,116834641,,,ARU111
85691891,116834641,,,ARU111
85691892,116834641,,,ARU111
85691894,116834641,,,ARU111
85691895,116834641,,,ARU111
85691896,116834641,,,ARU111
85691897,116834641,,,ARU111
85693962,116834641,,,ARU111
85693963,116834641,,,ARU111
85693964,116834641,,,ARU111
85704290,116834641,,,ARU111
85704292,116834641,,,ARU111
85704294,116834641,,,ARU111
85704296,116834641,,,ARU111
85708364,116834641,,,ARU111
85722102,116834641,,,ARU111
85722874,116834641,,,ARU111
85722875,116834641,,,ARU111
85722876,116834641,,,ARU111
85741098,116834641,,,ARU111
85744124,116834641,,,ARU111
85744126,116834641,,,ARU111
85747628,116834641,,,ARU111
85747630,116834641,,,ARU111
85747632,116834641,,,ARU111
85747634,116834641,,,ARU111
85750145,116834641,,,ARU111
85750895,116834641,,,ARU111
85754114,116834641,,,ARU111
85754115,116834641,,,ARU111
85755740,116834641,,,ARU111
85755741,116834641,,,ARU111
85755742,116834641,,,ARU111
85755743,116834641,,,ARU111
85755744,116834641,,,ARU111
85755745,116834641,,,ARU111
85755746,116834641,,,ARU111
85755747,116834641,,,ARU111
85755748,116834641,,,ARU111
85755749,116834641,,,ARU111
85755750,116834641,,,ARU111
85755751,116834641,,,ARU111
85755752,116834641,,,ARU111
85755753,116834641,,,ARU111
85755754,116834641,,,ARU111
85755755,116834641,,,ARU111
85755756,116834641,,,ARU111
85755757,116834641,,,ARU111
85755758,116834641,,,ARU111
85755759,116834641,,,ARU111
85755760,116834641,,,ARU111
85755761,116834641,,,ARU111
85762337,116834641,,,ARU111
85762338,116834641,,,ARU111
85767156,116834641,,,ARU111
85767157,116834641,,,ARU111
85768903,116834641,,,ARU111
85768904,116834641,,,ARU111
85768905,116834641,,,ARU111
85768907,116834641,,,ARU111
85768908,116834641,,,ARU111
85768910,116834641,,,ARU111
85768912,116834641,,,ARU111
85768913,116834641,,,ARU111
85768914,116834641,,,ARU111
85768915,116834641,,,ARU111
85768917,116834641,,,ARU111
85768918,116834641,,,ARU111
85770301,116834641,,,ARU111
85770302,116834641,,,ARU111
85770304,116834641,,,ARU111
85770305,116834641,,,ARU111
85782838,116834641,,,ARU111
85782839,116834641,,,ARU111
85784401,116834641,,,ARU111
85785281,116834641,,,ARU111
85785283,116834641,,,ARU111
85785946,116834641,,,ARU111
85785947,116834641,,,ARU111
85787551,116834641,,,ARU111
85787552,116834641,,,ARU111
85796871,116834641,,,ARU111
85796873,116834641,,,ARU111
85796874,116834641,,,ARU111
85796875,116834641,,,ARU111
85796877,116834641,,,ARU111
85796879,116834641,,,ARU111
85796880,116834641,,,ARU111
85796881,116834641,,,ARU111
85796883,116834641,,,ARU111
85796885,116834641,,,ARU111
85796886,116834641,,,ARU111
85796888,116834641,,,ARU111
85810815,116834641,,,ARU111
85810816,116834641,,,ARU111
85810817,116834641,,,ARU111
85822407,116834641,,,ARU111
85822408,116834641,,,ARU111
85824844,116834641,,,ARU111
85831679,116834641,,,ARU111
85835613,116834641,,,ARU111
85835615,116834641,,,ARU111
85835617,116834641,,,ARU111
85854144,116834641,,,ARU111
85875214,116834641,,,ARU111
85878683,116834641,,,ARU111
85878685,116834641,,,ARU111
85878686,116834641,,,ARU111
85878687,116834641,,,ARU111
86272922,116834641,,,ARU111
86272925,116834641,,,ARU111
86272928,116834641,,,ARU111
86277869,116834641,,,ARU111
86277870,116834641,,,ARU111
86279884,116834641,,,ARU111
86279885,116834641,,,ARU111
86288323,116834641,,,ARU111
86288324,116834641,,,ARU111
86288325,116834641,,,ARU111
86288326,116834641,,,ARU111
86288328,116834641,,,ARU111
86288329,116834641,,,ARU111
86288331,116834641,,,ARU111
86288332,116834641,,,ARU111
86288333,116834641,,,ARU111
86288335,116834641,,,ARU111
86292266,116834641,,,ARU111
86292267,116834641,,,ARU111
86292269,116834641,,,ARU111
86292271,116834641,,,ARU111
86292272,116834641,,,ARU111
86292273,116834641,,,ARU111
86304075,116834641,,,ARU111
86304076,116834641,,,ARU111
86304077,116834641,,,ARU111
86304078,116834641,,,ARU111
86304079,116834641,,,ARU111
86304080,116834641,,,ARU111
86304081,116834641,,,ARU111
86304082,116834641,,,ARU111
86305311,116834641,,,ARU111
86305314,116834641,,,ARU111
86305317,116834641,,,ARU111
86305319,116834641,,,ARU111
86305666,116834641,,,ARU111
86305667,116834641,,,ARU111
86305668,116834641,,,ARU111
86308248,116834641,,,ARU111
86314764,116834641,,,ARU111
86314765,116834641,,,ARU111
86314766,116834641,,,ARU111
86314768,116834641,,,ARU111
86314769,116834641,,,ARU111
86314770,116834641,,,ARU111
86316174,116834641,,,ARU111
86316176,116834641,,,ARU111
86316177,116834641,,,ARU111
86316179,116834641,,,ARU111
86316180,116834641,,,ARU111
86316182,116834641,,,ARU111
86316183,116834641,,,ARU111
86316185,116834641,,,ARU111
86316187,116834641,,,ARU111
86316189,116834641,,,ARU111
86316191,116834641,,,ARU111
86316197,116834641,,,ARU111
86316199,116834641,,,ARU111
86316210,116834641,,,ARU111
86316212,116834641,,,ARU111
86316213,116834641,,,ARU111
86316215,116834641,,,ARU111
86316216,116834641,,,ARU111
86316218,116834641,,,ARU111
86316219,116834641,,,ARU111
86316221,116834641,,,ARU111
86316222,116834641,,,ARU111
86316224,116834641,,,ARU111
86316226,116834641,,,ARU111
86316228,116834641,,,ARU111
86316234,116834641,,,ARU111
86316235,116834641,,,ARU111
86316236,116834641,,,ARU111
86316237,116834641,,,ARU111
86316238,116834641,,,ARU111
86316239,116834641,,,ARU111
86316240,116834641,,,ARU111
86316241,116834641,,,ARU111
86316242,116834641,,,ARU111
86316243,116834641,,,ARU111
86316244,116834641,,,ARU111
86316245,116834641,,,ARU111
86316246,116834641,,,ARU111
86316247,116834641,,,ARU111
86316248,116834641,,,ARU111
86316249,116834641,,,ARU111
86316250,116834641,,,ARU111
86316251,116834641,,,ARU111
86316252,116834641,,,ARU111
86316253,116834641,,,ARU111
86316254,116834641,,,ARU111
86316255,116834641,,,ARU111
86316256,116834641,,,ARU111
86316257,116834641,,,ARU111
86316258,116834641,,,ARU111
86316259,116834641,,,ARU111
86316260,116834641,,,ARU111
86316261,116834641,,,ARU111
86316262,116834641,,,ARU111
86316263,116834641,,,ARU111
86316264,116834641,,,ARU111
86316265,116834641,,,ARU111
86316266,116834641,,,ARU111
86316267,116834641,,,ARU111
86316268,116834641,,,ARU111
86316269,116834641,,,ARU111
86316270,116834641,,,ARU111
86316271,116834641,,,ARU111
86316272,116834641,,,ARU111
86316273,116834641,,,ARU111
86316274,116834641,,,ARU111
86316275,116834641,,,ARU111
86316276,116834641,,,ARU111
86316277,116834641,,,ARU111
86316278,116834641,,,ARU111
86316279,116834641,,,ARU111
86316280,116834641,,,ARU111
86316281,116834641,,,ARU111
86316282,116834641,,,ARU111
86316283,116834641,,,ARU111
86316284,116834641,,,ARU111
86319914,116834641,,,ARU111
86319915,116834641,,,ARU111
86319917,116834641,,,ARU111
86319918,116834641,,,ARU111
86321054,116834641,,,ARU111
86321055,116834641,,,ARU111
86321056,116834641,,,ARU111
86322761,116834641,,,ARU111
86322775,116834641,,,ARU111
86322784,116834641,,,ARU111
86322796,116834641,,,ARU111
86322815,116834641,,,ARU111
86322817,116834641,,,ARU111
86322857,116834641,,,ARU111
86322859,116834641,,,ARU111
86322867,116834641,,,ARU111
86322879,116834641,,,ARU111
86322907,116834641,,,ARU111
86322919,116834641,,,ARU111
86322955,116834641,,,ARU111
86322972,116834641,,,ARU111
86322989,116834641,,,ARU111
86323009,116834641,,,ARU111
86324195,116834641,,,ARU111
86327761,116834641,,,ARU111
86327762,116834641,,,ARU111
86334225,116834641,,,ARU111
86334227,116834641,,,ARU111
86334231,116834641,,,ARU111
86335038,116834641,,,ARU111
86335039,116834641,,,ARU111
86335042,116834641,,,ARU111
86336048,116834641,,,ARU111
86350829,116834641,,,ARU111
86350830,116834641,,,ARU111
86352257,116834641,,,ARU111
86352259,116834641,,,ARU111
86352261,116834641,,,ARU111
86352265,116834641,,,ARU111
86352267,116834641,,,ARU111
86352269,116834641,,,ARU111
86352270,116834641,,,ARU111
86352271,116834641,,,ARU111
86352273,116834641,,,ARU111
86352274,116834641,,,ARU111
86352275,116834641,,,ARU111
86352277,116834641,,,ARU111
86352279,116834641,,,ARU111
86352281,116834641,,,ARU111
86352283,116834641,,,ARU111
86352285,116834641,,,ARU111
86352289,116834641,,,ARU111
86352291,116834641,,,ARU111
86352293,116834641,,,ARU111
86352294,116834641,,,ARU111
86352295,116834641,,,ARU111
86352297,116834641,,,ARU111
86352298,116834641,,,ARU111
86352299,116834641,,,ARU111
86352301,116834641,,,ARU111
86352303,116834641,,,ARU111
86352307,116834641,,,ARU111
86352309,116834641,,,ARU111
86352311,116834641,,,ARU111
86352313,116834641,,,ARU111
86352315,116834641,,,ARU111
86352317,116834641,,,ARU111
86352319,116834641,,,ARU111
86352321,116834641,,,ARU111
86352323,116834641,,,ARU111
86352325,116834641,,,ARU111
86352326,116834641,,,ARU111
86352327,116834641,,,ARU111
86352329,116834641,,,ARU111
86352330,116834641,,,ARU111
86352331,116834641,,,ARU111
86352339,116834641,,,ARU111
86352341,116834641,,,ARU111
86352343,116834641,,,ARU111
86352345,116834641,,,ARU111
86352347,116834641,,,ARU111
86352349,116834641,,,ARU111
86352351,116834641,,,ARU111
86352353,116834641,,,ARU111
86352355,116834641,,,ARU111
86352357,116834641,,,ARU111
86352358,116834641,,,ARU111
86352359,116834641,,,ARU111
86352361,116834641,,,ARU111
86352362,116834641,,,ARU111
86352363,116834641,,,ARU111
86353044,116834641,,,ARU111
86353046,116834641,,,ARU111
86355954,116834641,,,ARU111
86355956,116834641,,,ARU111
86355958,116834641,,,ARU111
86355959,116834641,,,ARU111
86355961,116834641,,,ARU111
86355965,116834641,,,ARU111
86355967,116834641,,,ARU111
86355969,116834641,,,ARU111
86355971,116834641,,,ARU111
86355972,116834641,,,ARU111
86355974,116834641,,,ARU111
86355978,116834641,,,ARU111
86360648,116834641,,,ARU111
86360649,116834641,,,ARU111
86360650,116834641,,,ARU111
86360652,116834641,,,ARU111
86360654,116834641,,,ARU111
86360655,116834641,,,ARU111
86360656,116834641,,,ARU111
86360657,116834641,,,ARU111
86360658,116834641,,,ARU111
86360659,116834641,,,ARU111
86360660,116834641,,,ARU111
86365742,116834641,,,ARU111
86365745,116834641,,,ARU111
86365746,116834641,,,ARU111
86365753,116834641,,,ARU111
86365755,116834641,,,ARU111
86365907,116834641,,,ARU111
86365909,116834641,,,ARU111
86365915,116834641,,,ARU111
86365919,116834641,,,ARU111
86366097,116834641,,,ARU111
86366099,116834641,,,ARU111
86366101,116834641,,,ARU111
86366102,116834641,,,ARU111
86366103,116834641,,,ARU111
86366105,116834641,,,ARU111
86366106,116834641,,,ARU111
86366107,116834641,,,ARU111
86366141,116834641,,,ARU111
86366149,116834641,,,ARU111
86366153,116834641,,,ARU111
86366154,116834641,,,ARU111
86366156,116834641,,,ARU111
86366157,116834641,,,ARU111
86366160,116834641,,,ARU111
86366161,116834641,,,ARU111
86366162,116834641,,,ARU111
86366166,116834641,,,ARU111
86366168,116834641,,,ARU111
86366169,116834641,,,ARU111
86366170,116834641,,,ARU111
86366175,116834641,,,ARU111
86366176,116834641,,,ARU111
86366177,116834641,,,ARU111
86366179,116834641,,,ARU111
86366187,116834641,,,ARU111
86366195,116834641,,,ARU111
86366199,116834641,,,ARU111
86366200,116834641,,,ARU111
86366202,116834641,,,ARU111
86366203,116834641,,,ARU111
86366206,116834641,,,ARU111
86366207,116834641,,,ARU111
86366208,116834641,,,ARU111
86366212,116834641,,,ARU111
86366214,116834641,,,ARU111
86366215,116834641,,,ARU111
86366216,116834641,,,ARU111
86366221,116834641,,,ARU111
86366222,116834641,,,ARU111
86366223,116834641,,,ARU111
86366225,116834641,,,ARU111
86366226,116834641,,,ARU111
86366229,116834641,,,ARU111
86366231,116834641,,,ARU111
86366232,116834641,,,ARU111
86366233,116834641,,,ARU111
86366234,116834641,,,ARU111
86366236,116834641,,,ARU111
86366240,116834641,,,ARU111
86366242,116834641,,,ARU111
86366245,116834641,,,ARU111
86366250,116834641,,,ARU111
86366252,116834641,,,ARU111
86366254,116834641,,,ARU111
86366255,116834641,,,ARU111
86366256,116834641,,,ARU111
86366262,116834641,,,ARU111
86366486,116834641,,,ARU111
86366504,116834641,,,ARU111
86367667,116834641,,,ARU111
86367668,116834641,,,ARU111
86367681,116834641,,,ARU111
86367682,116834641,,,ARU111
86371823,116834641,,,ARU111
86371825,116834641,,,ARU111
86371826,116834641,,,ARU111
86371828,116834641,,,ARU111
86371830,116834641,,,ARU111
86371832,116834641,,,ARU111
86371834,116834641,,,ARU111
86371836,116834641,,,ARU111
86371837,116834641,,,ARU111
86371839,116834641,,,ARU111
86371840,116834641,,,ARU111
86371842,116834641,,,ARU111
86371843,116834641,,,ARU111
86371845,116834641,,,ARU111
86371846,116834641,,,ARU111
86371848,116834641,,,ARU111
86371850,116834641,,,ARU111
86371852,116834641,,,ARU111
86371854,116834641,,,ARU111
86371856,116834641,,,ARU111
86371857,116834641,,,ARU111
86371859,116834641,,,ARU111
86371860,116834641,,,ARU111
86371861,116834641,,,ARU111
86371863,116834641,,,ARU111
86371864,116834641,,,ARU111
86371866,116834641,,,ARU111
86371867,116834641,,,ARU111
86371868,116834641,,,ARU111
86371874,116834641,,,ARU111
86371876,116834641,,,ARU111
86371878,116834641,,,ARU111
86371880,116834641,,,ARU111
86371882,116834641,,,ARU111
86371884,116834641,,,ARU111
86371886,116834641,,,ARU111
86371887,116834641,,,ARU111
86371888,116834641,,,ARU111
86371890,116834641,,,ARU111
86371891,116834641,,,ARU111
86371893,116834641,,,ARU111
86371894,116834641,,,ARU111
86371896,116834641,,,ARU111
86371897,116834641,,,ARU111
86371899,116834641,,,ARU111
86371901,116834641,,,ARU111
86373773,116834641,,,ARU111
86373774,116834641,,,ARU111
86374553,116834641,,,ARU111
86374555,116834641,,,ARU111
86388622,116834641,,,ARU111
86388624,116834641,,,ARU111
86388626,116834641,,,ARU111
86388628,116834641,,,ARU111
86388630,116834641,,,ARU111
86388632,116834641,,,ARU111
86388634,116834641,,,ARU111
86388636,116834641,,,ARU111
86394461,116834641,,,ARU111
86394463,116834641,,,ARU111
86394470,116834641,,,ARU111
86394471,116834641,,,ARU111
86396669,116834641,,,ARU111
86403672,116834641,,,ARU111
86403676,116834641,,,ARU111
86403684,116834641,,,ARU111
86403691,116834641,,,ARU111
86403693,116834641,,,ARU111
86404266,116834641,,,ARU111
86404268,116834641,,,ARU111
86404272,116834641,,,ARU111
86404273,116834641,,,ARU111
86404277,116834641,,,ARU111
86404278,116834641,,,ARU111
86406903,116834641,,,ARU111
86406904,116834641,,,ARU111
86406905,116834641,,,ARU111
86408447,116834641,,,ARU111
86408449,116834641,,,ARU111
86415187,116834641,,,ARU111
86415188,116834641,,,ARU111
86415189,116834641,,,ARU111
86415190,116834641,,,ARU111
86416720,116834641,,,ARU111
86422260,116834641,,,ARU111
86422261,116834641,,,ARU111
86422262,116834641,,,ARU111
86422264,116834641,,,ARU111
86422265,116834641,,,ARU111
86422267,116834641,,,ARU111
86422268,116834641,,,ARU111
86422269,116834641,,,ARU111
86422270,116834641,,,ARU111
86422271,116834641,,,ARU111
86422272,116834641,,,ARU111
86423551,116834641,,,ARU111
86423552,116834641,,,ARU111
86423553,116834641,,,ARU111
86423554,116834641,,,ARU111
86423555,116834641,,,ARU111
86423556,116834641,,,ARU111
86436528,116834641,,,ARU111
86443446,116834641,,,ARU111
86449563,116834641,,,ARU111
86459224,116834641,,,ARU111
86459226,116834641,,,ARU111
86459228,116834641,,,ARU111
86459230,116834641,,,ARU111
86459232,116834641,,,ARU111
86459234,116834641,,,ARU111
86459560,116834641,,,ARU111
86479640,116834641,,,ARU111
86488687,116834641,,,ARU111
86506511,116834641,,,ARU111
86506512,116834641,,,ARU111
86507587,116834641,,,ARU111
86507588,116834641,,,ARU111
86522034,116834641,,,ARU111
86522035,116834641,,,ARU111
86522036,116834641,,,ARU111
86522037,116834641,,,ARU111
86522038,116834641,,,ARU111
86525988,116834641,,,ARU111
86525989,116834641,,,ARU111
86525990,116834641,,,ARU111
86525991,116834641,,,ARU111
86542902,116834641,,,ARU111
86542903,116834641,,,ARU111
86542906,116834641,,,ARU111
86542907,116834641,,,ARU111
86556499,116834641,,,ARU111
86561632,116834641,,,ARU111
86561633,116834641,,,ARU111
86570099,116834641,,,ARU111
86577448,116834641,,,ARU111
86577449,116834641,,,ARU111
86577451,116834641,,,ARU111
86579722,116834641,,,ARU111
86579723,116834641,,,ARU111
86774147,116834641,,,ARU111
86774148,116834641,,,ARU111
86774349,116834641,,,ARU111
86780906,116834641,,,ARU111
86780907,116834641,,,ARU111
86780910,116834641,,,ARU111
86780911,116834641,,,ARU111
86780913,116834641,,,ARU111
86780914,116834641,,,ARU111
86808685,116834641,,,ARU111
86812375,116834641,,,ARU111
86814230,116834641,,,ARU111
86814231,116834641,,,ARU111
86814232,116834641,,,ARU111
86814233,116834641,,,ARU111
86814234,116834641,,,ARU111
86814236,116834641,,,ARU111
86814238,116834641,,,ARU111
86814239,116834641,,,ARU111
86814240,116834641,,,ARU111
86814247,116834641,,,ARU111
86814248,116834641,,,ARU111
86814249,116834641,,,ARU111
86814254,116834641,,,ARU111
86814255,116834641,,,ARU111
86814256,116834641,,,ARU111
86814257,116834641,,,ARU111
86814258,116834641,,,ARU111
86814260,116834641,,,ARU111
86814261,116834641,,,ARU111
86814262,116834641,,,ARU111
86814263,116834641,,,ARU111
86814264,116834641,,,ARU111
86814266,116834641,,,ARU111
86814267,116834641,,,ARU111
86814294,116834641,,,ARU111
86814295,116834641,,,ARU111
86814296,116834641,,,ARU111
86814297,116834641,,,ARU111
86814298,116834641,,,ARU111
86814299,116834641,,,ARU111
86814300,116834641,,,ARU111
86814301,116834641,,,ARU111
86814302,116834641,,,ARU111
86814305,116834641,,,ARU111
86814306,116834641,,,ARU111
86814307,116834641,,,ARU111
86814308,116834641,,,ARU111
86814309,116834641,,,ARU111
86814310,116834641,,,ARU111
86814313,116834641,,,ARU111
86814314,116834641,,,ARU111
86814315,116834641,,,ARU111
86818251,116834641,,,ARU111
86818252,116834641,,,ARU111
86818253,116834641,,,ARU111
86818254,116834641,,,ARU111
86818255,116834641,,,ARU111
86818256,116834641,,,ARU111
86818257,116834641,,,ARU111
86818258,116834641,,,ARU111
86818259,116834641,,,ARU111
86820059,116834641,,,ARU111
86820061,116834641,,,ARU111
86820063,116834641,,,ARU111
86820064,116834641,,,ARU111
86820065,116834641,,,ARU111
86820066,116834641,,,ARU111
86820068,116834641,,,ARU111
86820069,116834641,,,ARU111
86820070,116834641,,,ARU111
86820074,116834641,,,ARU111
86820075,116834641,,,ARU111
86820076,116834641,,,ARU111
86820077,116834641,,,ARU111
86820078,116834641,,,ARU111
86820079,116834641,,,ARU111
86824471,116834641,,,ARU111
86824487,116834641,,,ARU111
86824489,116834641,,,ARU111
86824490,116834641,,,ARU111
86824491,116834641,,,ARU111
86824496,116834641,,,ARU111
86824498,116834641,,,ARU111
86824499,116834641,,,ARU111
86824501,116834641,,,ARU111
87814295,116834641,,,ARU111
87815326,116834641,,,ARU111
87815327,116834641,,,ARU111
87818637,116834641,,,ARU111
87818638,116834641,,,ARU111
87818640,116834641,,,ARU111
87818641,116834641,,,ARU111
87818644,116834641,,,ARU111
87818646,116834641,,,ARU111
87818648,116834641,,,ARU111
87818649,116834641,,,ARU111
87818652,116834641,,,ARU111
87818705,116834641,,,ARU111
87818707,116834641,,,ARU111
87818709,116834641,,,ARU111
87818710,116834641,,,ARU111
87818712,116834641,,,ARU111
87818713,116834641,,,ARU111
87818715,116834641,,,ARU111
87818718,116834641,,,ARU111
87818719,116834641,,,ARU111
87818723,116834641,,,ARU111
87818724,116834641,,,ARU111
87818727,116834641,,,ARU111
87818728,116834641,,,ARU111
87818733,116834641,,,ARU111
87818734,116834641,,,ARU111
87818736,116834641,,,ARU111
87818737,116834641,,,ARU111
87818745,116834641,,,ARU111
87818747,116834641,,,ARU111
87818748,116834641,,,ARU111
87818752,116834641,,,ARU111
87818753,116834641,,,ARU111
87818754,116834641,,,ARU111
87818786,116834641,,,ARU111
87818788,116834641,,,ARU111
87818790,116834641,,,ARU111
87818791,116834641,,,ARU111
87818793,116834641,,,ARU111
87818794,116834641,,,ARU111
87818796,116834641,,,ARU111
87818799,116834641,,,ARU111
87818800,116834641,,,ARU111
87818804,116834641,,,ARU111
87818805,116834641,,,ARU111
87818808,116834641,,,ARU111
87818809,116834641,,,ARU111
87818814,116834641,,,ARU111
87818815,116834641,,,ARU111
87818817,116834641,,,ARU111
87818818,116834641,,,ARU111
87818826,116834641,,,ARU111
87818828,116834641,,,ARU111
87818829,116834641,,,ARU111
87818833,116834641,,,ARU111
87818836,116834641,,,ARU111
87818837,116834641,,,ARU111
87818841,116834641,,,ARU111
87818842,116834641,,,ARU111
87818844,116834641,,,ARU111
87818845,116834641,,,ARU111
87818849,116834641,,,ARU111
87818851,116834641,,,ARU111
87818859,116834641,,,ARU111
87818864,116834641,,,ARU111
87818866,116834641,,,ARU111
87818867,116834641,,,ARU111
87818869,116834641,,,ARU111
87818870,116834641,,,ARU111
87818872,116834641,,,ARU111
87818876,116834641,,,ARU111
87818878,116834641,,,ARU111
87818879,116834641,,,ARU111
87818881,116834641,,,ARU111
87818883,116834641,,,ARU111
87818884,116834641,,,ARU111
87818889,116834641,,,ARU111
87818890,116834641,,,ARU111
87818892,116834641,,,ARU111
87818893,116834641,,,ARU111
87818899,116834641,,,ARU111
87818900,116834641,,,ARU111
87818910,116834641,,,ARU111
87818912,116834641,,,ARU111
87818913,116834641,,,ARU111
87818918,116834641,,,ARU111
87818919,116834641,,,ARU111
87818925,116834641,,,ARU111
87818926,116834641,,,ARU111
87818928,116834641,,,ARU111
87818929,116834641,,,ARU111
87818933,116834641,,,ARU111
87818935,116834641,,,ARU111
87818943,116834641,,,ARU111
87818948,116834641,,,ARU111
87818950,116834641,,,ARU111
87818951,116834641,,,ARU111
87818953,116834641,,,ARU111
87818954,116834641,,,ARU111
87818956,116834641,,,ARU111
87818960,116834641,,,ARU111
87818962,116834641,,,ARU111
87818964,116834641,,,ARU111
87818966,116834641,,,ARU111
87818968,116834641,,,ARU111
87818969,116834641,,,ARU111
87818974,116834641,,,ARU111
87818975,116834641,,,ARU111
87818977,116834641,,,ARU111
87818978,116834641,,,ARU111
87818984,116834641,,,ARU111
87818985,116834641,,,ARU111
87818991,116834641,,,ARU111
87818993,116834641,,,ARU111
87818994,116834641,,,ARU111
87819001,116834641,,,ARU111
87819002,116834641,,,ARU111
87819036,116834641,,,ARU111
87819037,116834641,,,ARU111
87819039,116834641,,,ARU111
87819040,116834641,,,ARU111
87819042,116834641,,,ARU111
87819044,116834641,,,ARU111
87819045,116834641,,,ARU111
87819051,116834641,,,ARU111
87819052,116834641,,,ARU111
87819068,116834641,,,ARU111
87819069,116834641,,,ARU111
87819071,116834641,,,ARU111
87819072,116834641,,,ARU111
87819083,116834641,,,ARU111
87819084,116834641,,,ARU111
87819086,116834641,,,ARU111
87819087,116834641,,,ARU111
87819089,116834641,,,ARU111
87819092,116834641,,,ARU111
87819093,116834641,,,ARU111
87819098,116834641,,,ARU111
87819099,116834641,,,ARU111
87819114,116834641,,,ARU111
87819116,116834641,,,ARU111
87819118,116834641,,,ARU111
87819120,116834641,,,ARU111
87819123,116834641,,,ARU111
87819125,116834641,,,ARU111
87819129,116834641,,,ARU111
87819131,116834641,,,ARU111
87819134,116834641,,,ARU111
87819136,116834641,,,ARU111
87819137,116834641,,,ARU111
87819139,116834641,,,ARU111
87819140,116834641,,,ARU111
87819142,116834641,,,ARU111
87819143,116834641,,,ARU111
87819145,116834641,,,ARU111
87819146,116834641,,,ARU111
87819148,116834641,,,ARU111
87819153,116834641,,,ARU111
87819154,116834641,,,ARU111
87819160,116834641,,,ARU111
87819162,116834641,,,ARU111
87819163,116834641,,,ARU111
87819170,116834641,,,ARU111
87819171,116834641,,,ARU111
87819175,116834641,,,ARU111
87819177,116834641,,,ARU111
87819181,116834641,,,ARU111
87819183,116834641,,,ARU111
87819186,116834641,,,ARU111
87819188,116834641,,,ARU111
87819189,116834641,,,ARU111
87819192,116834641,,,ARU111
87819195,116834641,,,ARU111
87819196,116834641,,,ARU111
87819198,116834641,,,ARU111
87819199,116834641,,,ARU111
87819201,116834641,,,ARU111
87819206,116834641,,,ARU111
87819207,116834641,,,ARU111
87819213,116834641,,,ARU111
87819215,116834641,,,ARU111
87819216,116834641,,,ARU111
87819223,116834641,,,ARU111
87819225,116834641,,,ARU111
87819246,116834641,,,ARU111
87822796,116834641,,,ARU111
87822798,116834641,,,ARU111
87822799,116834641,,,ARU111
87822807,116834641,,,ARU111
87822808,116834641,,,ARU111
87822810,116834641,,,ARU111
87822818,116834641,,,ARU111
87822819,116834641,,,ARU111
87822821,116834641,,,ARU111
87822822,116834641,,,ARU111
87822825,116834641,,,ARU111
87822826,116834641,,,ARU111
87822829,116834641,,,ARU111
87822830,116834641,,,ARU111
87822833,116834641,,,ARU111
87822834,116834641,,,ARU111
87822841,116834641,,,ARU111
87822843,116834641,,,ARU111
87822845,116834641,,,ARU111
87822847,116834641,,,ARU111
87822849,116834641,,,ARU111
87822850,116834641,,,ARU111
87822852,116834641,,,ARU111
87822853,116834641,,,ARU111
87822855,116834641,,,ARU111
87822856,116834641,,,ARU111
87822859,116834641,,,ARU111
87822860,116834641,,,ARU111
87822863,116834641,,,ARU111
87822864,116834641,,,ARU111
87822866,116834641,,,ARU111
87822867,116834641,,,ARU111
87822870,116834641,,,ARU111
87822871,116834641,,,ARU111
87822873,116834641,,,ARU111
87822874,116834641,,,ARU111
87823013,116834641,,,ARU111
87823014,116834641,,,ARU111
87823016,116834641,,,ARU111
87823017,116834641,,,ARU111
87823019,116834641,,,ARU111
87823020,116834641,,,ARU111
87823022,116834641,,,ARU111
87823023,116834641,,,ARU111
87826188,116834641,,,ARU111
87826189,116834641,,,ARU111
87826192,116834641,,,ARU111
87826193,116834641,,,ARU111
87826200,116834641,,,ARU111
87826202,116834641,,,ARU111
87826204,116834641,,,ARU111
87826207,116834641,,,ARU111
87826210,116834641,,,ARU111
87826212,116834641,,,ARU111
87830384,116834641,,,ARU111
87832091,116834641,,,ARU111
87832092,116834641,,,ARU111
87838074,116834641,,,ARU111
87838075,116834641,,,ARU111
87849560,116834641,,,ARU111
87849561,116834641,,,ARU111
87849562,116834641,,,ARU111
87849565,116834641,,,ARU111
87849566,116834641,,,ARU111
87849568,116834641,,,ARU111
87849569,116834641,,,ARU111
87849570,116834641,,,ARU111
87849572,116834641,,,ARU111
87849573,116834641,,,ARU111
87849574,116834641,,,ARU111
87849575,116834641,,,ARU111
87849576,116834641,,,ARU111
87849577,116834641,,,ARU111
87849591,116834641,,,ARU111
87849592,116834641,,,ARU111
87849593,116834641,,,ARU111
87849594,116834641,,,ARU111
87849595,116834641,,,ARU111
87849596,116834641,,,ARU111
87849597,116834641,,,ARU111
87849598,116834641,,,ARU111
87849613,116834641,,,ARU111
87849614,116834641,,,ARU111
87849615,116834641,,,ARU111
87849616,116834641,,,ARU111
87849617,116834641,,,ARU111
87849618,116834641,,,ARU111
87849619,116834641,,,ARU111
87849620,116834641,,,ARU111
87849621,116834641,,,ARU111
87849622,116834641,,,ARU111
87849623,116834641,,,ARU111
87849624,116834641,,,ARU111
87849625,116834641,,,ARU111
87849626,116834641,,,ARU111
87849627,116834641,,,ARU111
87849628,116834641,,,ARU111
87849629,116834641,,,ARU111
87849734,116834641,,,ARU111
87849735,116834641,,,ARU111
87849736,116834641,,,ARU111
87849737,116834641,,,ARU111
87849738,116834641,,,ARU111
87849739,116834641,,,ARU111
87849740,116834641,,,ARU111
87849741,116834641,,,ARU111
87849742,116834641,,,ARU111
87849743,116834641,,,ARU111
87849744,116834641,,,ARU111
87849745,116834641,,,ARU111
87849746,116834641,,,ARU111
87849755,116834641,,,ARU111
87849757,116834641,,,ARU111
87849759,116834641,,,ARU111
87849760,116834641,,,ARU111
87849761,116834641,,,ARU111
87849762,116834641,,,ARU111
87849764,116834641,,,ARU111
87849766,116834641,,,ARU111
87849768,116834641,,,ARU111
87849770,116834641,,,ARU111
87849771,116834641,,,ARU111
87849772,116834641,,,ARU111
87849773,116834641,,,ARU111
87849774,116834641,,,ARU111
87849775,116834641,,,ARU111
87849776,116834641,,,ARU111
87860647,116834641,,,ARU111
87860672,116834641,,,ARU111
87860674,116834641,,,ARU111
87860681,116834641,,,ARU111
87860682,116834641,,,ARU111
87861385,116834641,,,ARU111
87861387,116834641,,,ARU111
87862405,116834641,,,ARU111
87863172,116834641,,,ARU111
87863173,116834641,,,ARU111
87863178,116834641,,,ARU111
87863179,116834641,,,ARU111
87863695,116834641,,,ARU111
87866976,116834641,,,ARU111
87866977,116834641,,,ARU111
87868048,116834641,,,ARU111
87868049,116834641,,,ARU111
87868050,116834641,,,ARU111
87869160,116834641,,,ARU111
87869161,116834641,,,ARU111
87869654,116834641,,,ARU111
87869657,116834641,,,ARU111
87869658,116834641,,,ARU111
87869659,116834641,,,ARU111
87869660,116834641,,,ARU111
87869661,116834641,,,ARU111
87869662,116834641,,,ARU111
87869663,116834641,,,ARU111
87869664,116834641,,,ARU111
87869665,116834641,,,ARU111
23376697,121793137,,,ARU112
85828481,121793137,,,ARU112
84370933,198022316,,,ARU114
84371115,198022316,,,ARU114
84701883,198022316,,,ARU114
84701885,198022316,,,ARU114
84922273,198022316,,,ARU114
84922275,198022316,,,ARU114
84922297,198022316,,,ARU114
84964498,198022316,,,ARU114
84964500,198022316,,,ARU114
84976904,198022316,,,ARU114
84976942,198022316,,,ARU114
84976943,198022316,,,ARU114
84976944,198022316,,,ARU114
84976954,198022316,,,ARU114
84976955,198022316,,,ARU114
84976956,198022316,,,ARU114
84976957,198022316,,,ARU114
84976986,198022316,,,ARU114
84976990,198022316,,,ARU114
84977000,198022316,,,ARU114
84977001,198022316,,,ARU114
84977002,198022316,,,ARU114
84977011,198022316,,,ARU114
84977012,198022316,,,ARU114
84977797,198022316,,,ARU114
84977817,198022316,,,ARU114
84977933,198022316,,,ARU114
84977936,198022316,,,ARU114
84977960,198022316,,,ARU114
84985727,198022316,,,ARU114
84985729,198022316,,,ARU114
85011174,198022316,,,ARU114
85011175,198022316,,,ARU114
85011178,198022316,,,ARU114
85011179,198022316,,,ARU114
85013899,198022316,,,ARU114
85032841,198022316,,,ARU114
85032846,198022316,,,ARU114
85038725,198022316,,,ARU114
85038726,198022316,,,ARU114
85038728,198022316,,,ARU114
85038730,198022316,,,ARU114
85038731,198022316,,,ARU114
85038733,198022316,,,ARU114
85038734,198022316,,,ARU114
85038735,198022316,,,ARU114
85038737,198022316,,,ARU114
85038738,198022316,,,ARU114
85038740,198022316,,,ARU114
85038741,198022316,,,ARU114
85038744,198022316,,,ARU114
85038745,198022316,,,ARU114
85038746,198022316,,,ARU114
85038748,198022316,,,ARU114
85038750,198022316,,,ARU114
85038752,198022316,,,ARU114
85038753,198022316,,,ARU114
85038756,198022316,,,ARU114
85038757,198022316,,,ARU114
85038759,198022316,,,ARU114
85038760,198022316,,,ARU114
85038762,198022316,,,ARU114
85040007,198022316,,,ARU114
85040008,198022316,,,ARU114
85045418,198022316,,,ARU114
85046947,198022316,,,ARU114
85047739,198022316,,,ARU114
85054972,198022316,,,ARU114
85067663,198022316,,,ARU114
85067665,198022316,,,ARU114
85069986,198022316,,,ARU114
85069988,198022316,,,ARU114
85069990,198022316,,,ARU114
85069991,198022316,,,ARU114
85069993,198022316,,,ARU114
85079896,198022316,,,ARU114
85098363,198022316,,,ARU114
85522620,198022316,,,ARU114
85522622,198022316,,,ARU114
85522628,198022316,,,ARU114
85522642,198022316,,,ARU114
85522643,198022316,,,ARU114
85524870,198022316,,,ARU114
85535825,198022316,,,ARU114
85535827,198022316,,,ARU114
85556725,198022316,,,ARU114
85602948,198022316,,,ARU114
85602962,198022316,,,ARU114
85602969,198022316,,,ARU114
85602983,198022316,,,ARU114
85603004,198022316,,,ARU114
85603018,198022316,,,ARU114
85603025,198022316,,,ARU114
85603039,198022316,,,ARU114
85606512,198022316,,,ARU114
85615734,198022316,,,ARU114
85615736,198022316,,,ARU114
85615737,198022316,,,ARU114
85615738,198022316,,,ARU114
85615742,198022316,,,ARU114
85615744,198022316,,,ARU114
85615745,198022316,,,ARU114
85615747,198022316,,,ARU114
85615759,198022316,,,ARU114
85615760,198022316,,,ARU114
85615765,198022316,,,ARU114
85615766,198022316,,,ARU114
85615767,198022316,,,ARU114
85615768,198022316,,,ARU114
85615770,198022316,,,ARU114
85615771,198022316,,,ARU114
85615775,198022316,,,ARU114
85615776,198022316,,,ARU114
85615777,198022316,,,ARU114
85615778,198022316,,,ARU114
85632418,198022316,,,ARU114
85632420,198022316,,,ARU114
85632421,198022316,,,ARU114
85632423,198022316,,,ARU114
85633826,198022316,,,ARU114
85633828,198022316,,,ARU114
85633829,198022316,,,ARU114
85633831,198022316,,,ARU114
85668702,198022316,,,ARU114
85668704,198022316,,,ARU114
85668706,198022316,,,ARU114
85668904,198022316,,,ARU114
85669024,198022316,,,ARU114
85669036,198022316,,,ARU114
85742667,198022316,,,ARU114
85751477,198022316,,,ARU114
85751563,198022316,,,ARU114
85751564,198022316,,,ARU114
85751565,198022316,,,ARU114
85755775,198022316,,,ARU114
85755779,198022316,,,ARU114
85775013,198022316,,,ARU114
85775015,198022316,,,ARU114
85775017,198022316,,,ARU114
85775019,198022316,,,ARU114
85775021,198022316,,,ARU114
85777304,198022316,,,ARU114
85777305,198022316,,,ARU114
85777313,198022316,,,ARU114
85777315,198022316,,,ARU114
85777316,198022316,,,ARU114
85777318,198022316,,,ARU114
85781249,198022316,,,ARU114
85781253,198022316,,,ARU114
85788442,198022316,,,ARU114
85788446,198022316,,,ARU114
85820421,198022316,,,ARU114
85820422,198022316,,,ARU114
85820423,198022316,,,ARU114
85820424,198022316,,,ARU114
85820425,198022316,,,ARU114
85820427,198022316,,,ARU114
85824772,198022316,,,ARU114
85824780,198022316,,,ARU114
85824781,198022316,,,ARU114
85827222,198022316,,,ARU114
85827223,198022316,,,ARU114
85827226,198022316,,,ARU114
85827227,198022316,,,ARU114
85838101,198022316,,,ARU114
85838104,198022316,,,ARU114
85838105,198022316,,,ARU114
85838106,198022316,,,ARU114
85838107,198022316,,,ARU114
85838108,198022316,,,ARU114
85838111,198022316,,,ARU114
85838112,198022316,,,ARU114
85838113,198022316,,,ARU114
85838115,198022316,,,ARU114
85838116,198022316,,,ARU114
85839241,198022316,,,ARU114
85839242,198022316,,,ARU114
85843326,198022316,,,ARU114
85843327,198022316,,,ARU114
85843328,198022316,,,ARU114
85843337,198022316,,,ARU114
85843338,198022316,,,ARU114
85843339,198022316,,,ARU114
85843340,198022316,,,ARU114
85843341,198022316,,,ARU114
85848469,198022316,,,ARU114
85848496,198022316,,,ARU114
85848500,198022316,,,ARU114
85848562,198022316,,,ARU114
85848824,198022316,,,ARU114
85848827,198022316,,,ARU114
85853782,198022316,,,ARU114
85853783,198022316,,,ARU114
85853786,198022316,,,ARU114
85853789,198022316,,,ARU114
85853790,198022316,,,ARU114
85853791,198022316,,,ARU114
85853808,198022316,,,ARU114
85853809,198022316,,,ARU114
85853811,198022316,,,ARU114
85853812,198022316,,,ARU114
85853815,198022316,,,ARU114
85853816,198022316,,,ARU114
85853817,198022316,,,ARU114
85853990,198022316,,,ARU114
85853991,198022316,,,ARU114
85853993,198022316,,,ARU114
85853997,198022316,,,ARU114
85853998,198022316,,,ARU114
85854002,198022316,,,ARU114
85854004,198022316,,,ARU114
85854005,198022316,,,ARU114
85854007,198022316,,,ARU114
85854008,198022316,,,ARU114
85854011,198022316,,,ARU114
85854012,198022316,,,ARU114
85854013,198022316,,,ARU114
85854016,198022316,,,ARU114
85854017,198022316,,,ARU114
85854020,198022316,,,ARU114
85854024,198022316,,,ARU114
85854025,198022316,,,ARU114
85854027,198022316,,,ARU114
85854028,198022316,,,ARU114
85854030,198022316,,,ARU114
85854031,198022316,,,ARU114
85854033,198022316,,,ARU114
85854034,198022316,,,ARU114
85854035,198022316,,,ARU114
85854038,198022316,,,ARU114
85854039,198022316,,,ARU114
85854040,198022316,,,ARU114
85854041,198022316,,,ARU114
85854042,198022316,,,ARU114
85865444,198022316,,,ARU114
85865446,198022316,,,ARU114
85873537,198022316,,,ARU114
85873538,198022316,,,ARU114
85873804,198022316,,,ARU114
85873807,198022316,,,ARU114
85873808,198022316,,,ARU114
85880799,198022316,,,ARU114
86283607,198022316,,,ARU114
86283608,198022316,,,ARU114
86286881,198022316,,,ARU114
86286882,198022316,,,ARU114
86286883,198022316,,,ARU114
86289204,198022316,,,ARU114
86289205,198022316,,,ARU114
86289206,198022316,,,ARU114
86289207,198022316,,,ARU114
86289211,198022316,,,ARU114
86289212,198022316,,,ARU114
86289218,198022316,,,ARU114
86289219,198022316,,,ARU114
86289223,198022316,,,ARU114
86289224,198022316,,,ARU114
86310483,198022316,,,ARU114
86310484,198022316,,,ARU114
86322231,198022316,,,ARU114
86322232,198022316,,,ARU114
86322233,198022316,,,ARU114
86322234,198022316,,,ARU114
86322236,198022316,,,ARU114
86322237,198022316,,,ARU114
86322242,198022316,,,ARU114
86332485,198022316,,,ARU114
86332488,198022316,,,ARU114
86332489,198022316,,,ARU114
86332490,198022316,,,ARU114
86332491,198022316,,,ARU114
86332492,198022316,,,ARU114
86332494,198022316,,,ARU114
86332495,198022316,,,ARU114
86362986,198022316,,,ARU114
86362987,198022316,,,ARU114
86362988,198022316,,,ARU114
86362989,198022316,,,ARU114
86362990,198022316,,,ARU114
86362991,198022316,,,ARU114
86362992,198022316,,,ARU114
86362993,198022316,,,ARU114
86362994,198022316,,,ARU114
86362995,198022316,,,ARU114
86362996,198022316,,,ARU114
86362997,198022316,,,ARU114
86362998,198022316,,,ARU114
86362999,198022316,,,ARU114
86363000,198022316,,,ARU114
86363001,198022316,,,ARU114
86363002,198022316,,,ARU114
86363003,198022316,,,ARU114
86363004,198022316,,,ARU114
86363005,198022316,,,ARU114
86363006,198022316,,,ARU114
86363007,198022316,,,ARU114
86363008,198022316,,,ARU114
86363009,198022316,,,ARU114
86363010,198022316,,,ARU114
86363011,198022316,,,ARU114
86363014,198022316,,,ARU114
86363015,198022316,,,ARU114
86363016,198022316,,,ARU114
86363017,198022316,,,ARU114
86372840,198022316,,,ARU114
86372842,198022316,,,ARU114
86372844,198022316,,,ARU114
86372846,198022316,,,ARU114
86372848,198022316,,,ARU114
86372850,198022316,,,ARU114
86372852,198022316,,,ARU114
86372854,198022316,,,ARU114
86372856,198022316,,,ARU114
86372858,198022316,,,ARU114
86372860,198022316,,,ARU114
86372862,198022316,,,ARU114
86372864,198022316,,,ARU114
86372868,198022316,,,ARU114
86372872,198022316,,,ARU114
86372874,198022316,,,ARU114
86372876,198022316,,,ARU114
86372878,198022316,,,ARU114
86372880,198022316,,,ARU114
86372884,198022316,,,ARU114
86372886,198022316,,,ARU114
86372888,198022316,,,ARU114
86372890,198022316,,,ARU114
86372892,198022316,,,ARU114
86372894,198022316,,,ARU114
86372896,198022316,,,ARU114
86372900,198022316,,,ARU114
86372902,198022316,,,ARU114
86372904,198022316,,,ARU114
86372906,198022316,,,ARU114
86372908,198022316,,,ARU114
86372910,198022316,,,ARU114
86372914,198022316,,,ARU114
86372916,198022316,,,ARU114
86390588,198022316,,,ARU114
86406571,198022316,,,ARU114
86406573,198022316,,,ARU114
86406575,198022316,,,ARU114
86406577,198022316,,,ARU114
86406579,198022316,,,ARU114
86406581,198022316,,,ARU114
86406583,198022316,,,ARU114
86406585,198022316,,,ARU114
86406587,198022316,,,ARU114
86406589,198022316,,,ARU114
86406591,198022316,,,ARU114
86406593,198022316,,,ARU114
86406595,198022316,,,ARU114
86406597,198022316,,,ARU114
86406599,198022316,,,ARU114
86406601,198022316,,,ARU114
86406603,198022316,,,ARU114
86406605,198022316,,,ARU114
86406607,198022316,,,ARU114
86406609,198022316,,,ARU114
86406611,198022316,,,ARU114
86406613,198022316,,,ARU114
86406615,198022316,,,ARU114
86406617,198022316,,,ARU114
86406619,198022316,,,ARU114
86406621,198022316,,,ARU114
86406625,198022316,,,ARU114
86406627,198022316,,,ARU114
86406629,198022316,,,ARU114
86406631,198022316,,,ARU114
86406633,198022316,,,ARU114
86406635,198022316,,,ARU114
86406637,198022316,,,ARU114
86406639,198022316,,,ARU114
86423168,198022316,,,ARU114
86423978,198022316,,,ARU114
86423980,198022316,,,ARU114
86423982,198022316,,,ARU114
86423984,198022316,,,ARU114
86436591,198022316,,,ARU114
86436602,198022316,,,ARU114
86441636,198022316,,,ARU114
86447556,198022316,,,ARU114
86476103,198022316,,,ARU114
86476104,198022316,,,ARU114
86487322,198022316,,,ARU114
86491564,198022316,,,ARU114
86491858,198022316,,,ARU114
86491863,198022316,,,ARU114
86491885,198022316,,,ARU114
86491886,198022316,,,ARU114
86491887,198022316,,,ARU114
86491889,198022316,,,ARU114
86491891,198022316,,,ARU114
86491892,198022316,,,ARU114
86491898,198022316,,,ARU114
86511009,198022316,,,ARU114
86511012,198022316,,,ARU114
86527093,198022316,,,ARU114
86527095,198022316,,,ARU114
86531908,198022316,,,ARU114
86539582,198022316,,,ARU114
86542206,198022316,,,ARU114
86542207,198022316,,,ARU114
86545877,198022316,,,ARU114
86545879,198022316,,,ARU114
86545880,198022316,,,ARU114
86545881,198022316,,,ARU114
86545882,198022316,,,ARU114
86545883,198022316,,,ARU114
86547767,198022316,,,ARU114
86550415,198022316,,,ARU114
86553412,198022316,,,ARU114
86553414,198022316,,,ARU114
86553416,198022316,,,ARU114
86553418,198022316,,,ARU114
86556602,198022316,,,ARU114
86563713,198022316,,,ARU114
86570804,198022316,,,ARU114
86570805,198022316,,,ARU114
86598441,198022316,,,ARU114
86599144,198022316,,,ARU114
86599145,198022316,,,ARU114
86599146,198022316,,,ARU114
86599147,198022316,,,ARU114
86782899,198022316,,,ARU114
86782900,198022316,,,ARU114
86782901,198022316,,,ARU114
86782924,198022316,,,ARU114
86782931,198022316,,,ARU114
86782945,198022316,,,ARU114
86782952,198022316,,,ARU114
86786719,198022316,,,ARU114
86786720,198022316,,,ARU114
86808968,198022316,,,ARU114
86824343,198022316,,,ARU114
87815660,198022316,,,ARU114
87862850,198022316,,,ARU114
87862852,198022316,,,ARU114
87862853,198022316,,,ARU114
87862855,198022316,,,ARU114
84964234,967283198,,,ARU116
84964235,967283198,,,ARU116
84964236,967283198,,,ARU116
84964237,967283198,,,ARU116
85086751,967283198,,,ARU116
85086752,967283198,,,ARU116
85086753,967283198,,,ARU116
85086754,967283198,,,ARU116
85611852,967283198,,,ARU116
85611854,967283198,,,ARU116
85639253,967283198,,,ARU116
85639254,967283198,,,ARU116
85653996,967283198,,,ARU116
85653997,967283198,,,ARU116
85712190,967283198,,,ARU116
85712191,967283198,,,ARU116
85764709,967283198,,,ARU116
85841461,967283198,,,ARU116
86456918,967283198,,,ARU116
86456919,967283198,,,ARU116
86456920,967283198,,,ARU116
86456921,967283198,,,ARU116
86456922,967283198,,,ARU116
86456923,967283198,,,ARU116
86456924,967283198,,,ARU116
86456925,967283198,,,ARU116
86456926,967283198,,,ARU116
86456927,967283198,,,ARU116
86456928,967283198,,,ARU116
86492253,967283198,,,ARU116
86584202,967283198,,,ARU116
86584203,967283198,,,ARU116
86781750,967283198,,,ARU116
86825891,967283198,,,ARU116
86825903,967283198,,,ARU116
87816557,967283198,,,ARU116
87829963,967283198,,,ARU116
87850147,967283198,,,ARU116
87850148,967283198,,,ARU116
87850149,967283198,,,ARU116
87850150,967283198,,,ARU116
11604656,041511288,,,ARU118
85698768,119456839,,,ARU501
85698769,119456839,,,ARU501
85760835,119456839,,,ARU501
85760836,119456839,,,ARU501
85767149,119456839,,,ARU501
85767150,119456839,,,ARU501
85767152,119456839,,,ARU501
85767153,119456839,,,ARU501
85767154,119456839,,,ARU501
85767155,119456839,,,ARU501
86285606,004467924,,,ARU601
86797103,047653555,,,ARU604
42836756,695097684,,,ARUIO001
13569949,588101217,,,MXCL799B
12674743,810953893,,,MXCL799B
12732515,810953893,,,MXCL799B
12746393,810953893,,,MXCL799B
85120414,811728963,,,MXCL799B
85120415,811728963,,,MXCL799B
55496936,811757269,,,MXCL799B
12654622,811757269,,,MXCL799B
12687166,811757269,,,MXCL799B
12691233,811757269,,,MXCL799B
12622325,811757269,,,MXCL799B
12688943,811757269,,,MXCL799B
85699593,812516347,,,MXCL799B
86459954,812516347,,,MXCL799B
42978943,812555407,,,MXCL799B
42978944,812555407,,,MXCL799B
42942976,812555407,,,MXCL799B
42942977,812555407,,,MXCL799B
42935052,812703197,,,MXCL799B
26622529,812703197,,,MXCL799B
84148186,812828987,,,MXCL799B
84148187,812828987,,,MXCL799B
84221957,812828987,,,MXCL799B
84234585,812828987,,,MXCL799B
84369031,812828987,,,MXCL799B
84984107,812828987,,,MXCL799B
85144275,812828987,,,MXCL799B
24045590,812828987,,,MXCL799B
84964791,812828987,,,MXCL799B
84964792,812828987,,,MXCL799B
84965692,812828987,,,MXCL799B
85661554,812828987,,,MXCL799B
87838588,812828987,,,MXCL799B
84645645,812828987,,,MXCL799B
84645647,812828987,,,MXCL799B
84645650,812828987,,,MXCL799B
84645651,812828987,,,MXCL799B
84645652,812828987,,,MXCL799B
84689046,812828987,,,MXCL799B
86807806,812828987,,,MXCL799B
87864512,812828987,,,MXCL799B
84645646,812828987,,,MXCL799B
15298287,812828987,,,MXCL799B
24297480,812828987,,,MXCL799B
42907849,812828987,,,MXCL799B
23404448,812828987,,,MXCL799B
84369032,812828987,,,MXCL799B
85713579,812828987,,,MXCL799B
84234585,812828987,,,MXCL799B
23361446,812828987,,,MXCL799B
84365742,812828987,,,MXCL799B
85576597,812828987,,,MXCL799B
85653069,812828987,,,MXCL799B
85810814,812828987,,,MXCL799B
23361449,812828987,,,MXCL799B
84148186,812828987,,,MXCL799B
84148187,812828987,,,MXCL799B
84221957,812828987,,,MXCL799B
84369031,812828987,,,MXCL799B
84369033,812828987,,,MXCL799B
85778435,812828987,,,MXCL799B
86279856,812828987,,,MXCL799B
86420999,812828987,,,MXCL799B
86304906,812828987,,,MXCL799B
86804824,812828987,,,MXCL799B
86804825,812828987,,,MXCL799B
86804826,812828987,,,MXCL799B
85816601,812828987,,,MXCL799B
85144275,812828987,,,MXCL799B
86796472,812828987,,,MXCL799B
84984107,812828987,,,MXCL799B
85090176,812828987,,,MXCL799B
85816602,812828987,,,MXCL799B
86304905,812828987,,,MXCL799B
85665279,812828987,,,MXCL799B
42807314,812828987,,,MXCL799B
42807315,812828987,,,MXCL799B
42807316,812828987,,,MXCL799B
42807317,812828987,,,MXCL799B
55487348,812828987,,,MXCL799B
55508595,812828987,,,MXCL799B
84001972,812828987,,,MXCL799B
84001997,812828987,,,MXCL799B
84002001,812828987,,,MXCL799B
84168192,812828987,,,MXCL799B
84237813,812828987,,,MXCL799B
84237814,812828987,,,MXCL799B
84237819,812828987,,,MXCL799B
84237821,812828987,,,MXCL799B
84518977,812828987,,,MXCL799B
84653847,812828987,,,MXCL799B
84678778,812828987,,,MXCL799B
84691585,812828987,,,MXCL799B
84691586,812828987,,,MXCL799B
84805593,812828987,,,MXCL799B
84836921,812828987,,,MXCL799B
84873588,812828987,,,MXCL799B
42957616,812828987,,,MXCL799B
12735554,812828987,,,MXCL799B
55509175,812828987,,,MXCL799B
86282398,951568408,,,MXCL799B
86282399,951568408,,,MXCL799B
86282400,951568408,,,MXCL799B
86439494,951568408,,,MXCL799B
42925012,951656054,,,MXCL799B
42935632,951656054,,,MXCL799B
42935633,951656054,,,MXCL799B
42932498,951656054,,,MXCL799B
42932499,951656054,,,MXCL799B
42935631,951656054,,,MXCL799B
42944978,951656054,,,MXCL799B
42952145,951656054,,,MXCL799B
85852600,951767176,,,MXCL799B
85852601,951767176,,,MXCL799B
85852602,951767176,,,MXCL799B
85852605,951767176,,,MXCL799B
85852606,951767176,,,MXCL799B
85852607,951767176,,,MXCL799B
85852609,951767176,,,MXCL799B
85852610,951767176,,,MXCL799B
85852612,951767176,,,MXCL799B
85852613,951767176,,,MXCL799B
85852616,951767176,,,MXCL799B
85852617,951767176,,,MXCL799B
85852618,951767176,,,MXCL799B
85852621,951767176,,,MXCL799B
85852623,951767176,,,MXCL799B
85852627,951767176,,,MXCL799B
85852630,951767176,,,MXCL799B
85852631,951767176,,,MXCL799B
85852632,951767176,,,MXCL799B
85852634,951767176,,,MXCL799B
85852636,951767176,,,MXCL799B
85852638,951767176,,,MXCL799B
85852639,951767176,,,MXCL799B
85852640,951767176,,,MXCL799B
85852642,951767176,,,MXCL799B
85852643,951767176,,,MXCL799B
85852646,951767176,,,MXCL799B
85852647,951767176,,,MXCL799B
85852648,951767176,,,MXCL799B
85852650,951767176,,,MXCL799B
85852654,951767176,,,MXCL799B
85852655,951767176,,,MXCL799B
85852656,951767176,,,MXCL799B
85852657,951767176,,,MXCL799B
85852658,951767176,,,MXCL799B
85852660,951767176,,,MXCL799B
85852669,951767176,,,MXCL799B
85852670,951767176,,,MXCL799B
85852671,951767176,,,MXCL799B
85852672,951767176,,,MXCL799B
85852673,951767176,,,MXCL799B
85852674,951767176,,,MXCL799B
85852675,951767176,,,MXCL799B
85852677,951767176,,,MXCL799B
42957545,951767176,,,MXCL799B
42957547,951767176,,,MXCL799B
42940766,951767176,,,MXCL799B
42940767,951767176,,,MXCL799B
42940769,951767176,,,MXCL799B
42940770,951767176,,,MXCL799B
42940772,951767176,,,MXCL799B
42940773,951767176,,,MXCL799B
42940774,951767176,,,MXCL799B
42940780,951767176,,,MXCL799B
26566998,951767176,,,MXCL799B
42936266,951767176,,,MXCL799B
42936267,951767176,,,MXCL799B
42936269,951767176,,,MXCL799B
42936270,951767176,,,MXCL799B
42936273,951767176,,,MXCL799B
42936274,951767176,,,MXCL799B
42936278,951767176,,,MXCL799B
42936279,951767176,,,MXCL799B
42936281,951767176,,,MXCL799B
42936282,951767176,,,MXCL799B
42936285,951767176,,,MXCL799B
42936286,951767176,,,MXCL799B
42936290,951767176,,,MXCL799B
42936293,951767176,,,MXCL799B
42936294,951767176,,,MXCL799B
42936295,951767176,,,MXCL799B
42936296,951767176,,,MXCL799B
42936302,951767176,,,MXCL799B
42936304,951767176,,,MXCL799B
86278093,951767176,,,MXCL799B
86278094,951767176,,,MXCL799B
42948205,951767176,,,MXCL799B
42948206,951767176,,,MXCL799B
42948207,951767176,,,MXCL799B
42948209,951767176,,,MXCL799B
42948210,951767176,,,MXCL799B
42948211,951767176,,,MXCL799B
42948212,951767176,,,MXCL799B
85633855,951807931,,,MXCL799B
85633855,951807931,,,MXCL799B
12690108,000202566,,,MXCL799B
12713718,000202566,,,MXCL799B
85726093,000202632,,,MXCL799B
85726094,000202632,,,MXCL799B
23352154,000202632,,,MXCL799B
84393460,000236455,,,MXCL799B
13563696,000236455,,,MXCL799B
85073616,000236455,,,MXCL799B
84534437,000236455,,,MXCL799B
84668355,000236455,,,MXCL799B
84534437,000236455,,,MXCL799B
85073615,000236455,,,MXCL799B
86394911,000236455,,,MXCL799B
85798388,000236455,,,MXCL799B
84393460,000236455,,,MXCL799B
86332858,000236455,,,MXCL799B
84534437,000236455,,,MXCL799B
13563696,000236455,,,MXCL799B
13559771,000236455,,,MXCL799B
84798149,000254144,,,MXCL799B
84798150,000254144,,,MXCL799B
87833621,000254144,,,MXCL799B
87833622,000254144,,,MXCL799B
87833624,000254144,,,MXCL799B
87833625,000254144,,,MXCL799B
87841987,000254144,,,MXCL799B
87841988,000254144,,,MXCL799B
85090453,588159637,,,MXCL799B
85090457,588159637,,,MXCL799B
86320540,588159637,,,MXCL799B
86320544,588159637,,,MXCL799B
86320545,588159637,,,MXCL799B
42882597,588159637,,,MXCL799B
42882599,588159637,,,MXCL799B
85801098,588159637,,,MXCL799B
85801100,588159637,,,MXCL799B
86324224,588159637,,,MXCL799B
86324225,588159637,,,MXCL799B
12706708,588159637,,,MXCL799B
24074656,811425800,,,MXCL799B
12663348,812296380,,,MXCL799B
12663528,812296380,,,MXCL799B
12663529,812296380,,,MXCL799B
12665975,812296380,,,MXCL799B
12665976,812296380,,,MXCL799B
12667635,812296380,,,MXCL799B
12669556,812296380,,,MXCL799B
12675796,812296380,,,MXCL799B
12696999,812296380,,,MXCL799B
12732944,812296380,,,MXCL799B
12732947,812296380,,,MXCL799B
55504552,812296380,,,MXCL799B
55504553,812296380,,,MXCL799B
55504554,812296380,,,MXCL799B
84752326,812296430,,,MXCL799B
84927262,812296430,,,MXCL799B
86803987,812298885,,,MXCL799B
85089268,812298885,,,MXCL799B
55509156,812312411,,,MXCL799B
12698245,812432599,,,MXCL799B
40009597,812489474,,,MXCL799B
40009632,812489474,,,MXCL799B
24042467,812489474,,,MXCL799B
24044920,812489474,,,MXCL799B
24295659,812489474,,,MXCL799B
24046038,812489474,,,MXCL799B
26610313,812504389,,,MXCL799B
26610315,812504389,,,MXCL799B
26610636,812504389,,,MXCL799B
42943080,812504389,,,MXCL799B
42977207,812504389,,,MXCL799B
42977811,812504389,,,MXCL799B
42981345,812504389,,,MXCL799B
26610302,812504389,,,MXCL799B
26610303,812504389,,,MXCL799B
26610304,812504389,,,MXCL799B
26610305,812504389,,,MXCL799B
26610307,812504389,,,MXCL799B
26610308,812504389,,,MXCL799B
26610309,812504389,,,MXCL799B
26610310,812504389,,,MXCL799B
26610619,812504389,,,MXCL799B
26610620,812504389,,,MXCL799B
26610621,812504389,,,MXCL799B
26610637,812504389,,,MXCL799B
42943070,812504389,,,MXCL799B
42943071,812504389,,,MXCL799B
42943074,812504389,,,MXCL799B
42943075,812504389,,,MXCL799B
22936953,812537363,,,MXCL799B
84435770,812537363,,,MXCL799B
85064886,812537363,,,MXCL799B
86791263,812537363,,,MXCL799B
86791264,812537363,,,MXCL799B
84925784,812537363,,,MXCL799B
86278217,812537363,,,MXCL799B
42779815,812537363,,,MXCL799B
22936953,812537363,,,MXCL799B
84534701,812548816,,,MXCL799B
84830621,812548816,,,MXCL799B
23407367,812548816,,,MXCL799B
84696810,812568066,,,MXCL799B
85580602,812568066,,,MXCL799B
85580603,812568066,,,MXCL799B
85695080,812568066,,,MXCL799B
85695081,812568066,,,MXCL799B
85695082,812568066,,,MXCL799B
85695083,812568066,,,MXCL799B
85695084,812568066,,,MXCL799B
85695085,812568066,,,MXCL799B
85695086,812568066,,,MXCL799B
85695087,812568066,,,MXCL799B
42931766,812568066,,,MXCL799B
42931767,812568066,,,MXCL799B
42943212,812568066,,,MXCL799B
42943213,812568066,,,MXCL799B
13552836,812735063,,,MXCL799B
84844923,812757799,,,MXCL799B
84844925,812757799,,,MXCL799B
84053139,812765504,,,MXCL799B
23380316,812765504,,,MXCL799B
23393996,812765504,,,MXCL799B
23393999,812765504,,,MXCL799B
84152079,812765504,,,MXCL799B
84511724,812765504,,,MXCL799B
84520281,812765504,,,MXCL799B
84796623,812765504,,,MXCL799B
84989372,812765504,,,MXCL799B
84989373,812765504,,,MXCL799B
84989374,812765504,,,MXCL799B
84989375,812765504,,,MXCL799B
42427548,812765504,,,MXCL799B
42427549,812765504,,,MXCL799B
42532789,812765504,,,MXCL799B
42532790,812765504,,,MXCL799B
42942699,812765504,,,MXCL799B
84053139,812765504,,,MXCL799B
84187203,812765504,,,MXCL799B
84830902,812765504,,,MXCL799B
13564724,812770562,,,MXCL799B
26566817,812770562,,,MXCL799B
84882349,812770562,,,MXCL799B
42923686,812773563,,,MXCL799B
42923687,812773563,,,MXCL799B
86797724,812777350,,,MXCL799B
86797725,812777350,,,MXCL799B
86797726,812777350,,,MXCL799B
26398579,812803861,,,MXCL799B
26508674,812803861,,,MXCL799B
26545562,812803861,,,MXCL799B
26560225,812803861,,,MXCL799B
26385264,812803861,,,MXCL799B
42782046,812803861,,,MXCL799B
23429023,812810374,,,MXCL799B
26539548,812810374,,,MXCL799B
26539549,812810374,,,MXCL799B
84206550,812813705,,,MXCL799B
85114778,812814329,,,MXCL799B
85828814,812814329,,,MXCL799B
85836954,812814329,,,MXCL799B
85873499,812814329,,,MXCL799B
84956401,812814590,,,MXCL799B
84956403,812814590,,,MXCL799B
84956404,812814590,,,MXCL799B
84956405,812814590,,,MXCL799B
85745658,812816935,,,MXCL799B
85745660,812816935,,,MXCL799B
85745661,812816935,,,MXCL799B
85745662,812816935,,,MXCL799B
85745663,812816935,,,MXCL799B
85745664,812816935,,,MXCL799B
85745665,812816935,,,MXCL799B
85745666,812816935,,,MXCL799B
85745667,812816935,,,MXCL799B
85745668,812816935,,,MXCL799B
85745669,812816935,,,MXCL799B
85749914,812816935,,,MXCL799B
85749915,812816935,,,MXCL799B
85749917,812816935,,,MXCL799B
85750970,812816935,,,MXCL799B
85750971,812816935,,,MXCL799B
85822484,812816935,,,MXCL799B
86418271,812816935,,,MXCL799B
84525485,812816935,,,MXCL799B
85750970,812816935,,,MXCL799B
40009411,812822457,,,MXCL799B
12690918,812822457,,,MXCL799B
12690919,812822457,,,MXCL799B
12740974,812822457,,,MXCL799B
12740975,812822457,,,MXCL799B
12747192,812822457,,,MXCL799B
12747193,812822457,,,MXCL799B
12747194,812822457,,,MXCL799B
12747195,812822457,,,MXCL799B
12740982,812822457,,,MXCL799B
12740983,812822457,,,MXCL799B
12815135,812822457,,,MXCL799B
12815136,812822457,,,MXCL799B
23428455,812831062,,,MXCL799B
23428465,812831062,,,MXCL799B
84808976,812831062,,,MXCL799B
85516685,812831062,,,MXCL799B
85742614,812831062,,,MXCL799B
24001092,812831226,,,MXCL799B
24001099,812831226,,,MXCL799B
24001114,812831226,,,MXCL799B
24001331,812831226,,,MXCL799B
40009475,812831226,,,MXCL799B
40009563,812831226,,,MXCL799B
84727210,812831226,,,MXCL799B
86554209,812831226,,,MXCL799B
84009656,812831226,,,MXCL799B
84009657,812831226,,,MXCL799B
84118720,812839493,,,MXCL799B
84291405,812839493,,,MXCL799B
84567924,812839493,,,MXCL799B
84655838,812839493,,,MXCL799B
84655839,812839493,,,MXCL799B
84737720,812839493,,,MXCL799B
23478319,812839493,,,MXCL799B
23366572,812839493,,,MXCL799B
22755721,812839493,,,MXCL799B
15029828,812839493,,,MXCL799B
10277069,812839493,,,MXCL799B
26412843,812839493,,,MXCL799B
26515090,812839493,,,MXCL799B
84854099,812895696,,,MXCL799B
86519096,812895696,,,MXCL799B
86519097,812895696,,,MXCL799B
86519100,812895696,,,MXCL799B
86519101,812895696,,,MXCL799B
84369072,812895704,,,MXCL799B
85540977,812912530,,,MXCL799B
85540977,812912530,,,MXCL799B
85540977,812912530,,,MXCL799B
15038811,812967438,,,MXCL799B
85046323,813018728,,,MXCL799B
13546301,813179439,,,MXCL799B
13560199,813179439,,,MXCL799B
13560204,813179439,,,MXCL799B
13560207,813179439,,,MXCL799B
13560220,813179439,,,MXCL799B
13560904,813179439,,,MXCL799B
85038860,813179439,,,MXCL799B
86304241,813179439,,,MXCL799B
13554426,813179439,,,MXCL799B
13560241,813179439,,,MXCL799B
13554426,813179439,,,MXCL799B
13561652,813179439,,,MXCL799B
13561653,813179439,,,MXCL799B
13561654,813179439,,,MXCL799B
13561657,813179439,,,MXCL799B
14515129,813179439,,,MXCL799B
14515130,813179439,,,MXCL799B
13515503,813179439,,,MXCL799B
13515505,813179439,,,MXCL799B
13515507,813179439,,,MXCL799B
13515510,813179439,,,MXCL799B
13554426,813179439,,,MXCL799B
13560192,813179439,,,MXCL799B
14515129,813179439,,,MXCL799B
13560190,813179439,,,MXCL799B
13560192,813179439,,,MXCL799B
13560198,813179439,,,MXCL799B
13560201,813179439,,,MXCL799B
13560213,813179439,,,MXCL799B
13560215,813179439,,,MXCL799B
14515129,813179439,,,MXCL799B
13560227,813179439,,,MXCL799B
13554426,813179439,,,MXCL799B
13554426,813179439,,,MXCL799B
13560906,813179439,,,MXCL799B
14515129,813179439,,,MXCL799B
85043351,813179439,,,MXCL799B
85043353,813179439,,,MXCL799B
85043355,813179439,,,MXCL799B
85043361,813179439,,,MXCL799B
85043365,813179439,,,MXCL799B
85529144,814070462,,,MXCL799B
85529145,814070462,,,MXCL799B
84371331,814814042,,,MXCL799B
84569575,814814042,,,MXCL799B
84852801,814814042,,,MXCL799B
84926936,814814042,,,MXCL799B
84926943,814814042,,,MXCL799B
84926950,814814042,,,MXCL799B
85069331,814814042,,,MXCL799B
85136675,814814042,,,MXCL799B
85136683,814814042,,,MXCL799B
85163342,814814042,,,MXCL799B
85532810,814814042,,,MXCL799B
85542741,814814042,,,MXCL799B
85542746,814814042,,,MXCL799B
85603894,814814042,,,MXCL799B
85637080,814814042,,,MXCL799B
85732448,814814042,,,MXCL799B
85785978,814814042,,,MXCL799B
85822411,814814042,,,MXCL799B
86299536,814814042,,,MXCL799B
86299545,814814042,,,MXCL799B
86539230,814814042,,,MXCL799B
86797604,814814042,,,MXCL799B
87847464,814814042,,,MXCL799B
87847466,814814042,,,MXCL799B
87847468,814814042,,,MXCL799B
86447718,814814042,,,MXCL799B
86447730,814814042,,,MXCL799B
85136679,814814042,,,MXCL799B
85136689,814814042,,,MXCL799B
85542460,814814042,,,MXCL799B
85871491,814814042,,,MXCL799B
85871493,814814042,,,MXCL799B
86813570,814814042,,,MXCL799B
86438542,814814042,,,MXCL799B
85542740,814814042,,,MXCL799B
85713483,814814042,,,MXCL799B
23509123,815047527,,,MXCL799B
23509124,815047527,,,MXCL799B
12668540,815079223,,,MXCL799B
84762953,815079223,,,MXCL799B
84762954,815079223,,,MXCL799B
12673988,815079223,,,MXCL799B
55488231,815079223,,,MXCL799B
84892757,815335260,,,MXCL799B
13545896,815336284,,,MXCL799B
13558569,815336284,,,MXCL799B
13545896,815336284,,,MXCL799B
13545896,815336284,,,MXCL799B
13545896,815336284,,,MXCL799B
13563311,816143630,,,MXCL799B
14515726,816143630,,,MXCL799B
85826767,816143630,,,MXCL799B
23372455,816143630,,,MXCL799B
85822596,816143630,,,MXCL799B
86290693,816143630,,,MXCL799B
86290694,816143630,,,MXCL799B
86457008,816143630,,,MXCL799B
13563311,816143630,,,MXCL799B
14515726,816143630,,,MXCL799B
86466764,816143630,,,MXCL799B
86466765,816143630,,,MXCL799B
86466766,816143630,,,MXCL799B
86466767,816143630,,,MXCL799B
86466768,816143630,,,MXCL799B
86466769,816143630,,,MXCL799B
85824227,816143630,,,MXCL799B
13563311,816143630,,,MXCL799B
14515726,816143630,,,MXCL799B
84925981,816165849,,,MXCL799B
84926030,816165849,,,MXCL799B
84926031,816165849,,,MXCL799B
84959172,816165849,,,MXCL799B
84959173,816165849,,,MXCL799B
85026983,816165849,,,MXCL799B
85093968,816165849,,,MXCL799B
85093969,816165849,,,MXCL799B
85093970,816165849,,,MXCL799B
85093971,816165849,,,MXCL799B
85093973,816165849,,,MXCL799B
85093974,816165849,,,MXCL799B
85093975,816165849,,,MXCL799B
85093976,816165849,,,MXCL799B
85517011,816165849,,,MXCL799B
85517012,816165849,,,MXCL799B
85655883,816165849,,,MXCL799B
85783010,816165849,,,MXCL799B
86305685,816165849,,,MXCL799B
86305686,816165849,,,MXCL799B
86356800,816165849,,,MXCL799B
86356803,816165849,,,MXCL799B
86356804,816165849,,,MXCL799B
86356806,816165849,,,MXCL799B
86356807,816165849,,,MXCL799B
86356808,816165849,,,MXCL799B
86356809,816165849,,,MXCL799B
86356810,816165849,,,MXCL799B
86357072,816165849,,,MXCL799B
86357073,816165849,,,MXCL799B
86357074,816165849,,,MXCL799B
86357075,816165849,,,MXCL799B
86357076,816165849,,,MXCL799B
86357078,816165849,,,MXCL799B
86357079,816165849,,,MXCL799B
86357080,816165849,,,MXCL799B
86357081,816165849,,,MXCL799B
86357082,816165849,,,MXCL799B
86357084,816165849,,,MXCL799B
86357085,816165849,,,MXCL799B
86357086,816165849,,,MXCL799B
86357092,816165849,,,MXCL799B
86357093,816165849,,,MXCL799B
86357094,816165849,,,MXCL799B
86373180,816165849,,,MXCL799B
86373181,816165849,,,MXCL799B
86438182,816165849,,,MXCL799B
86438183,816165849,,,MXCL799B
86438184,816165849,,,MXCL799B
86438185,816165849,,,MXCL799B
86438186,816165849,,,MXCL799B
86438187,816165849,,,MXCL799B
86592103,816165849,,,MXCL799B
86823949,816165849,,,MXCL799B
86823952,816165849,,,MXCL799B
85611424,816474175,,,MXCL799B
86561515,816474175,,,MXCL799B
85611424,816474175,,,MXCL799B
84655478,816638795,,,MXCL799B
84788484,816638795,,,MXCL799B
84362589,816638795,,,MXCL799B
84591538,816638795,,,MXCL799B
85072182,823772843,,,MXCL799B
85072183,823772843,,,MXCL799B
85072184,823772843,,,MXCL799B
85072185,823772843,,,MXCL799B
85072186,823772843,,,MXCL799B
85072187,823772843,,,MXCL799B
85072188,823772843,,,MXCL799B
85598243,951568959,,,MXCL799B
84786715,951576692,,,MXCL799B
84786716,951576692,,,MXCL799B
84786721,951576692,,,MXCL799B
13563013,951591860,,,MXCL799B
85721635,951591860,,,MXCL799B
86320658,951591860,,,MXCL799B
86320660,951591860,,,MXCL799B
86320662,951591860,,,MXCL799B
85769385,951591860,,,MXCL799B
86282753,951591860,,,MXCL799B
86282755,951591860,,,MXCL799B
86320662,951591860,,,MXCL799B
86320673,951591860,,,MXCL799B
13563013,951591860,,,MXCL799B
85878708,951591860,,,MXCL799B
84714265,951630097,,,MXCL799B
87854864,951649864,,,MXCL799B
87854865,951649864,,,MXCL799B
42934315,951649864,,,MXCL799B
42934316,951649864,,,MXCL799B
42977806,951649864,,,MXCL799B
42977807,951649864,,,MXCL799B
42976090,951655926,,,MXCL799B
86516295,951655926,,,MXCL799B
23429510,951726654,,,MXCL799B
85806150,951726654,,,MXCL799B
42930501,951731607,,,MXCL799B
42930502,951731607,,,MXCL799B
42930503,951731607,,,MXCL799B
42930504,951731607,,,MXCL799B
42941538,951731607,,,MXCL799B
84400618,812454049,,,MXCL999A
86322038,812454049,,,MXCL999A
86322039,812454049,,,MXCL999A
86322040,812454049,,,MXCL999A
86322041,812454049,,,MXCL999A
86322042,812454049,,,MXCL999A
86322043,812454049,,,MXCL999A
86322045,812454049,,,MXCL999A
86322046,812454049,,,MXCL999A
86322047,812454049,,,MXCL999A
86322048,812454049,,,MXCL999A
86322049,812454049,,,MXCL999A
86322050,812454049,,,MXCL999A
85688977,812454049,,,MXCL999A
85739671,812454049,,,MXCL999A
85739673,812454049,,,MXCL999A
85739680,812454049,,,MXCL999A
85739681,812454049,,,MXCL999A
85739682,812454049,,,MXCL999A
85739686,812454049,,,MXCL999A
85739689,812454049,,,MXCL999A
85739690,812454049,,,MXCL999A
86312662,812454049,,,MXCL999A
86312676,812454049,,,MXCL999A
86312677,812454049,,,MXCL999A
86312678,812454049,,,MXCL999A
86312680,812454049,,,MXCL999A
86312682,812454049,,,MXCL999A
86312683,812454049,,,MXCL999A
86312684,812454049,,,MXCL999A
86312685,812454049,,,MXCL999A
86312687,812454049,,,MXCL999A
86312688,812454049,,,MXCL999A
86312690,812454049,,,MXCL999A
86312692,812454049,,,MXCL999A
86312693,812454049,,,MXCL999A
86312696,812454049,,,MXCL999A
86312697,812454049,,,MXCL999A
86312701,812454049,,,MXCL999A
86312702,812454049,,,MXCL999A
86312703,812454049,,,MXCL999A
86312704,812454049,,,MXCL999A
86312707,812454049,,,MXCL999A
86312708,812454049,,,MXCL999A
86312710,812454049,,,MXCL999A
86312712,812454049,,,MXCL999A
86312713,812454049,,,MXCL999A
86312714,812454049,,,MXCL999A
86312715,812454049,,,MXCL999A
86312719,812454049,,,MXCL999A
86312720,812454049,,,MXCL999A
86312722,812454049,,,MXCL999A
86312723,812454049,,,MXCL999A
86312728,812454049,,,MXCL999A
86312731,812454049,,,MXCL999A
86312733,812454049,,,MXCL999A
86312734,812454049,,,MXCL999A
86312735,812454049,,,MXCL999A
86312739,812454049,,,MXCL999A
86312740,812454049,,,MXCL999A
86312776,812454049,,,MXCL999A
86312777,812454049,,,MXCL999A
86312778,812454049,,,MXCL999A
86312779,812454049,,,MXCL999A
86312820,812454049,,,MXCL999A
86312822,812454049,,,MXCL999A
86312823,812454049,,,MXCL999A
86312824,812454049,,,MXCL999A
86312825,812454049,,,MXCL999A
86312829,812454049,,,MXCL999A
86312830,812454049,,,MXCL999A
86312831,812454049,,,MXCL999A
86312832,812454049,,,MXCL999A
86361770,812454049,,,MXCL999A
86361772,812454049,,,MXCL999A
86361773,812454049,,,MXCL999A
86453726,812454049,,,MXCL999A
86453728,812454049,,,MXCL999A
86453729,812454049,,,MXCL999A
86453730,812454049,,,MXCL999A
86453732,812454049,,,MXCL999A
86453734,812454049,,,MXCL999A
86453735,812454049,,,MXCL999A
86453736,812454049,,,MXCL999A
86453737,812454049,,,MXCL999A
86453738,812454049,,,MXCL999A
86453739,812454049,,,MXCL999A
86453741,812454049,,,MXCL999A
86453742,812454049,,,MXCL999A
86453743,812454049,,,MXCL999A
86453744,812454049,,,MXCL999A
86453745,812454049,,,MXCL999A
86453746,812454049,,,MXCL999A
86453748,812454049,,,MXCL999A
86453749,812454049,,,MXCL999A
86453750,812454049,,,MXCL999A
86453751,812454049,,,MXCL999A
86453752,812454049,,,MXCL999A
86453753,812454049,,,MXCL999A
86453755,812454049,,,MXCL999A
86453756,812454049,,,MXCL999A
86453757,812454049,,,MXCL999A
86453758,812454049,,,MXCL999A
86453759,812454049,,,MXCL999A
86453760,812454049,,,MXCL999A
86453762,812454049,,,MXCL999A
86453763,812454049,,,MXCL999A
86453766,812454049,,,MXCL999A
86453767,812454049,,,MXCL999A
86453769,812454049,,,MXCL999A
86453770,812454049,,,MXCL999A
86453771,812454049,,,MXCL999A
86453772,812454049,,,MXCL999A
86453773,812454049,,,MXCL999A
86453774,812454049,,,MXCL999A
86453776,812454049,,,MXCL999A
86453777,812454049,,,MXCL999A
86453778,812454049,,,MXCL999A
86453779,812454049,,,MXCL999A
86453780,812454049,,,MXCL999A
86453808,812454049,,,MXCL999A
86453810,812454049,,,MXCL999A
86453811,812454049,,,MXCL999A
86453812,812454049,,,MXCL999A
86453813,812454049,,,MXCL999A
86453817,812454049,,,MXCL999A
86453818,812454049,,,MXCL999A
86453819,812454049,,,MXCL999A
86453820,812454049,,,MXCL999A
86459956,812454049,,,MXCL999A
86459957,812454049,,,MXCL999A
86459958,812454049,,,MXCL999A
86459959,812454049,,,MXCL999A
86459960,812454049,,,MXCL999A
86459961,812454049,,,MXCL999A
86459963,812454049,,,MXCL999A
86459964,812454049,,,MXCL999A
86459965,812454049,,,MXCL999A
86459966,812454049,,,MXCL999A
86459967,812454049,,,MXCL999A
86459968,812454049,,,MXCL999A
86459970,812454049,,,MXCL999A
85144337,812454049,,,MXCL999A
85144339,812454049,,,MXCL999A
85760861,812801722,,,MXCL999A
85760862,812801722,,,MXCL999A
85760863,812801722,,,MXCL999A
85760864,812801722,,,MXCL999A
85760865,812801722,,,MXCL999A
85760866,812801722,,,MXCL999A
86357781,812801722,,,MXCL999A
86357782,812801722,,,MXCL999A
86357783,812801722,,,MXCL999A
86357784,812801722,,,MXCL999A
86357785,812801722,,,MXCL999A
85677314,812822994,,,MXCL999A
85677315,812822994,,,MXCL999A
86447399,812822994,,,MXCL999A
86527717,812822994,,,MXCL999A
86324260,812822994,,,MXCL999A
86527719,812822994,,,MXCL999A
26584716,812822994,,,MXCL999A
85686181,812822994,,,MXCL999A
85695294,812822994,,,MXCL999A
85728507,812822994,,,MXCL999A
86478943,812822994,,,MXCL999A
84958264,812833912,,,MXCL999A
85814497,812833912,,,MXCL999A
85814498,812833912,,,MXCL999A
85046845,812833912,,,MXCL999A
85092860,812833912,,,MXCL999A
85092861,812833912,,,MXCL999A
86411706,812833912,,,MXCL999A
86411707,812833912,,,MXCL999A
85625788,812833912,,,MXCL999A
85873204,812833912,,,MXCL999A
85873205,812833912,,,MXCL999A
85065621,812833912,,,MXCL999A
85065622,812833912,,,MXCL999A
85785992,812833912,,,MXCL999A
85046845,812833912,,,MXCL999A
86411706,812833912,,,MXCL999A
85796850,812833912,,,MXCL999A
85796851,812833912,,,MXCL999A
86457238,812833912,,,MXCL999A
86457239,812833912,,,MXCL999A
86457240,812833912,,,MXCL999A
86457241,812833912,,,MXCL999A
84939624,812833912,,,MXCL999A
84939625,812833912,,,MXCL999A
86313963,812833912,,,MXCL999A
86313964,812833912,,,MXCL999A
86477138,812833912,,,MXCL999A
86477139,812833912,,,MXCL999A
84324904,814180139,,,MXCL999A
84324905,814180139,,,MXCL999A
84526453,814180139,,,MXCL999A
84594002,814180139,,,MXCL999A
85557234,814180139,,,MXCL999A
85722958,814180139,,,MXCL999A
85557236,814180139,,,MXCL999A
85557237,814180139,,,MXCL999A
85557238,814180139,,,MXCL999A
85557239,814180139,,,MXCL999A
85635727,814180139,,,MXCL999A
85635734,814180139,,,MXCL999A
85635749,814180139,,,MXCL999A
85635752,814180139,,,MXCL999A
85635754,814180139,,,MXCL999A
85695632,814180139,,,MXCL999A
85722960,814180139,,,MXCL999A
85722961,814180139,,,MXCL999A
85722962,814180139,,,MXCL999A
85722963,814180139,,,MXCL999A
85722965,814180139,,,MXCL999A
85722975,814180139,,,MXCL999A
85722978,814180139,,,MXCL999A
85722980,814180139,,,MXCL999A
42776657,814180139,,,MXCL999A
42776660,814180139,,,MXCL999A
84324904,814180139,,,MXCL999A
85023563,814180139,,,MXCL999A
85039038,814180139,,,MXCL999A
85133380,814180139,,,MXCL999A
85133382,814180139,,,MXCL999A
85133383,814180139,,,MXCL999A
85676575,814180139,,,MXCL999A
85701529,814180139,,,MXCL999A
85701531,814180139,,,MXCL999A
85723860,814180139,,,MXCL999A
85723862,814180139,,,MXCL999A
86342203,814180139,,,MXCL999A
86342204,814180139,,,MXCL999A
86342206,814180139,,,MXCL999A
86342207,814180139,,,MXCL999A
87827299,814180139,,,MXCL999A
87840559,814180139,,,MXCL999A
87840560,814180139,,,MXCL999A
87840561,814180139,,,MXCL999A
87840562,814180139,,,MXCL999A
85583056,814180139,,,MXCL999A
85583059,814180139,,,MXCL999A
26425936,814180139,,,MXCL999A
26425937,814180139,,,MXCL999A
42955778,814180139,,,MXCL999A
42955779,814180139,,,MXCL999A
42955781,814180139,,,MXCL999A
42955782,814180139,,,MXCL999A
84818534,814180139,,,MXCL999A
84818535,814180139,,,MXCL999A
84818549,814180139,,,MXCL999A
84818550,814180139,,,MXCL999A
85522971,814180139,,,MXCL999A
85576667,814180139,,,MXCL999A
85576669,814180139,,,MXCL999A
86583818,814180139,,,MXCL999A
86583820,814180139,,,MXCL999A
86279488,000196063,,,MXCL999B
26434435,812255974,,,MXCL999B
26549912,812255974,,,MXCL999B
26549913,812255974,,,MXCL999B
86404890,812800912,,,MXCL999B
86404900,812800912,,,MXCL999B
86404920,812800912,,,MXCL999B
86404940,812800912,,,MXCL999B
86404950,812800912,,,MXCL999B
86404970,812800912,,,MXCL999B
86404980,812800912,,,MXCL999B
86405000,812800912,,,MXCL999B
86404865,812800912,,,MXCL999B
85136324,812800912,,,MXCL999B
86404860,812800912,,,MXCL999B
86577970,812800912,,,MXCL999B
85136322,812800912,,,MXCL999B
85136326,812800912,,,MXCL999B
85136328,812800912,,,MXCL999B
86577975,812800912,,,MXCL999B
86321810,951714525,,,MXCL999B
86321811,951714525,,,MXCL999B
86526160,951795286,,,MXCL999B
86526165,951795286,,,MXCL999B
86526159,951795286,,,MXCL999B
86526163,951795286,,,MXCL999B
84854640,951795286,,,MXCL999B
84854641,951795286,,,MXCL999B
84854642,951795286,,,MXCL999B
84854644,951795286,,,MXCL999B
84854646,951795286,,,MXCL999B
86524342,951795286,,,MXCL999B
84854643,951795286,,,MXCL999B
86526161,951795286,,,MXCL999B
86526164,951795286,,,MXCL999B
86526167,951795286,,,MXCL999B
42767409,000202215,,,MXCL999B
42927399,000202215,,,MXCL999B
42929240,000202215,,,MXCL999B
42929242,000202215,,,MXCL999B
13571272,000202652,,,MXCL999B
13571275,000202652,,,MXCL999B
13571277,000202652,,,MXCL999B
13573421,000202652,,,MXCL999B
13573424,000202652,,,MXCL999B
13571272,000202652,,,MXCL999B
13570558,000202652,,,MXCL999B
13571272,000202652,,,MXCL999B
13571275,000202652,,,MXCL999B
85693712,000202667,,,MXCL999B
26539182,000202667,,,MXCL999B
84773164,000782742,,,MXCL999B
84773165,000782742,,,MXCL999B
84773166,000782742,,,MXCL999B
84773168,000782742,,,MXCL999B
84773170,000782742,,,MXCL999B
84773171,000782742,,,MXCL999B
84773172,000782742,,,MXCL999B
84773174,000782742,,,MXCL999B
84839653,000782742,,,MXCL999B
84839654,000782742,,,MXCL999B
84839655,000782742,,,MXCL999B
84839657,000782742,,,MXCL999B
84839659,000782742,,,MXCL999B
84839660,000782742,,,MXCL999B
84839661,000782742,,,MXCL999B
84839663,000782742,,,MXCL999B
85721972,589558878,,,MXCL999B
86322473,589558878,,,MXCL999B
86322474,589558878,,,MXCL999B
86322475,589558878,,,MXCL999B
85785071,589558878,,,MXCL999B
85785073,589558878,,,MXCL999B
85834132,589558878,,,MXCL999B
85834134,589558878,,,MXCL999B
87828700,589558878,,,MXCL999B
87828702,589558878,,,MXCL999B
87828703,589558878,,,MXCL999B
85875195,589558878,,,MXCL999B
85875197,589558878,,,MXCL999B
12714091,811977917,,,MXCL999B
12714092,811977917,,,MXCL999B
85866722,812015766,,,MXCL999B
85866724,812015766,,,MXCL999B
85623013,812015766,,,MXCL999B
87830900,812015766,,,MXCL999B
12746608,812015766,,,MXCL999B
12814599,812015766,,,MXCL999B
12692082,812015766,,,MXCL999B
85866722,812015766,,,MXCL999B
85866726,812015766,,,MXCL999B
26558146,812297162,,,MXCL999B
26558147,812297162,,,MXCL999B
26558152,812297162,,,MXCL999B
26558153,812297162,,,MXCL999B
42945423,812297162,,,MXCL999B
42945428,812297162,,,MXCL999B
42945429,812297162,,,MXCL999B
42945430,812297162,,,MXCL999B
42945431,812297162,,,MXCL999B
42945432,812297162,,,MXCL999B
42945433,812297162,,,MXCL999B
26408185,812297162,,,MXCL999B
26408186,812297162,,,MXCL999B
26408198,812297162,,,MXCL999B
26408203,812297162,,,MXCL999B
26408204,812297162,,,MXCL999B
26458154,812297162,,,MXCL999B
26458156,812297162,,,MXCL999B
26478145,812297162,,,MXCL999B
26489859,812297162,,,MXCL999B
26489860,812297162,,,MXCL999B
26489861,812297162,,,MXCL999B
26489862,812297162,,,MXCL999B
26489863,812297162,,,MXCL999B
26489864,812297162,,,MXCL999B
26489865,812297162,,,MXCL999B
26489866,812297162,,,MXCL999B
26489867,812297162,,,MXCL999B
26489868,812297162,,,MXCL999B
26583617,812297162,,,MXCL999B
26583618,812297162,,,MXCL999B
26583619,812297162,,,MXCL999B
85143876,812297162,,,MXCL999B
86335688,812360261,,,MXCL999B
86335695,812360261,,,MXCL999B
23394012,812435311,,,MXCL999B
84632822,812435311,,,MXCL999B
84645616,812435311,,,MXCL999B
85144339,812454049,,,MXCL999B
84707652,812454049,,,MXCL999B
84707653,812454049,,,MXCL999B
55488416,812519932,,,MXCL999B
55490609,812619245,,,MXCL999B
55500388,812619245,,,MXCL999B
12670964,812619245,,,MXCL999B
55516895,812619245,,,MXCL999B
12728729,812619245,,,MXCL999B
12728733,812619245,,,MXCL999B
13567197,812633758,,,MXCL999B
13572925,812633758,,,MXCL999B
12747122,812760777,,,MXCL999B
12814926,812760777,,,MXCL999B
85598606,812760777,,,MXCL999B
86396664,812760777,,,MXCL999B
12747123,812760777,,,MXCL999B
12747124,812760777,,,MXCL999B
12711127,812762921,,,MXCL999B
12711128,812762921,,,MXCL999B
42751378,812779939,,,MXCL999B
42751380,812779939,,,MXCL999B
85735136,812779939,,,MXCL999B
85735137,812779939,,,MXCL999B
85735138,812779939,,,MXCL999B
85735139,812779939,,,MXCL999B
85735140,812779939,,,MXCL999B
85735141,812779939,,,MXCL999B
85735142,812779939,,,MXCL999B
86559643,812779939,,,MXCL999B
86559645,812779939,,,MXCL999B
86559647,812779939,,,MXCL999B
86559649,812779939,,,MXCL999B
86559651,812779939,,,MXCL999B
86559653,812779939,,,MXCL999B
86559655,812779939,,,MXCL999B
86559656,812779939,,,MXCL999B
26447376,812779939,,,MXCL999B
26447377,812779939,,,MXCL999B
26447378,812779939,,,MXCL999B
26447379,812779939,,,MXCL999B
26451300,812779939,,,MXCL999B
26451301,812779939,,,MXCL999B
26541558,812779939,,,MXCL999B
26541559,812779939,,,MXCL999B
26601240,812779939,,,MXCL999B
42935829,812779939,,,MXCL999B
42965343,812779939,,,MXCL999B
42965345,812779939,,,MXCL999B
42965346,812779939,,,MXCL999B
42965347,812779939,,,MXCL999B
42965349,812779939,,,MXCL999B
42956860,812785971,,,MXCL999B
42956862,812785971,,,MXCL999B
42969325,812785971,,,MXCL999B
42969326,812785971,,,MXCL999B
42969327,812785971,,,MXCL999B
42976936,812785971,,,MXCL999B
84833840,812800966,,,MXCL999B
84833841,812800966,,,MXCL999B
84833843,812800966,,,MXCL999B
86308387,812800966,,,MXCL999B
86308390,812800966,,,MXCL999B
87824021,812800966,,,MXCL999B
87864520,812800966,,,MXCL999B
42687919,812810531,,,MXCL999B
42757298,812810531,,,MXCL999B
42921372,812810531,,,MXCL999B
42921375,812810531,,,MXCL999B
42921376,812810531,,,MXCL999B
42921377,812810531,,,MXCL999B
42921378,812810531,,,MXCL999B
42921379,812810531,,,MXCL999B
42921384,812810531,,,MXCL999B
42921385,812810531,,,MXCL999B
42921388,812810531,,,MXCL999B
42921389,812810531,,,MXCL999B
42921390,812810531,,,MXCL999B
42921391,812810531,,,MXCL999B
84028333,812811385,,,MXCL999B
84028334,812811385,,,MXCL999B
84864992,812811385,,,MXCL999B
84864993,812811385,,,MXCL999B
42733200,812817929,,,MXCL999B
42733201,812817929,,,MXCL999B
84726648,812818411,,,MXCL999B
84726652,812818411,,,MXCL999B
85798683,812818411,,,MXCL999B
84726644,812818411,,,MXCL999B
84726646,812818411,,,MXCL999B
42906689,812828819,,,MXCL999B
85623494,812829680,,,MXCL999B
85825133,812829680,,,MXCL999B
96901423,812861466,,,MXCL999B
84764051,812879120,,,MXCL999B
84943778,812879120,,,MXCL999B
85082162,812879120,,,MXCL999B
86788311,812884102,,,MXCL999B
15087886,812885674,,,MXCL999B
85074113,812885674,,,MXCL999B
85059507,812885674,,,MXCL999B
85059508,812885674,,,MXCL999B
85059510,812885674,,,MXCL999B
85059511,812885674,,,MXCL999B
85059512,812885674,,,MXCL999B
85059513,812885674,,,MXCL999B
85059514,812885674,,,MXCL999B
85059516,812885674,,,MXCL999B
85059517,812885674,,,MXCL999B
85059518,812885674,,,MXCL999B
85059521,812885674,,,MXCL999B
85059522,812885674,,,MXCL999B
85059523,812885674,,,MXCL999B
85071247,812885674,,,MXCL999B
86341341,812885674,,,MXCL999B
86341342,812885674,,,MXCL999B
86383051,812885674,,,MXCL999B
86383052,812885674,,,MXCL999B
86383053,812885674,,,MXCL999B
86383054,812885674,,,MXCL999B
86383055,812885674,,,MXCL999B
86383056,812885674,,,MXCL999B
86383057,812885674,,,MXCL999B
86383058,812885674,,,MXCL999B
86797125,812885674,,,MXCL999B
25723619,812885674,,,MXCL999B
85074113,812885674,,,MXCL999B
85098631,812885674,,,MXCL999B
15087886,812885674,,,MXCL999B
85074112,812885674,,,MXCL999B
85049243,812885674,,,MXCL999B
86803245,812888593,,,MXCL999B
86803246,812888593,,,MXCL999B
86595912,812888593,,,MXCL999B
86595915,812888593,,,MXCL999B
86595916,812888593,,,MXCL999B
84758772,812888593,,,MXCL999B
85557027,812888593,,,MXCL999B
85557028,812888593,,,MXCL999B
85557029,812888593,,,MXCL999B
85557030,812888593,,,MXCL999B
85643598,812888593,,,MXCL999B
86595913,812888593,,,MXCL999B
84289334,812905909,,,MXCL999B
85580596,812905909,,,MXCL999B
85774589,812928414,,,MXCL999B
84265940,813016276,,,MXCL999B
84546302,813016276,,,MXCL999B
84546304,813016276,,,MXCL999B
85626954,813117710,,,MXCL999B
85626955,813117710,,,MXCL999B
85626956,813117710,,,MXCL999B
85626957,813117710,,,MXCL999B
85626958,813117710,,,MXCL999B
85665752,813117710,,,MXCL999B
85742601,813117710,,,MXCL999B
85742602,813117710,,,MXCL999B
85626954,813117710,,,MXCL999B
85626955,813117710,,,MXCL999B
85626956,813117710,,,MXCL999B
85626957,813117710,,,MXCL999B
85665752,813117710,,,MXCL999B
85524161,813189883,,,MXCL999B
85563058,813189883,,,MXCL999B
85524160,813189883,,,MXCL999B
85563122,813189883,,,MXCL999B
85563123,813189883,,,MXCL999B
40009585,813193786,,,MXCL999B
55496996,813193786,,,MXCL999B
22926274,814180139,,,MXCL999B
86450570,814180139,,,MXCL999B
86450571,814180139,,,MXCL999B
86450572,814180139,,,MXCL999B
86450573,814180139,,,MXCL999B
86450574,814180139,,,MXCL999B
86450575,814180139,,,MXCL999B
86450577,814180139,,,MXCL999B
86450578,814180139,,,MXCL999B
86450579,814180139,,,MXCL999B
86450580,814180139,,,MXCL999B
86450581,814180139,,,MXCL999B
86450582,814180139,,,MXCL999B
42542693,814180139,,,MXCL999B
84324904,814180139,,,MXCL999B
26405658,814180139,,,MXCL999B
26590320,814180139,,,MXCL999B
26590321,814180139,,,MXCL999B
85522971,814180139,,,MXCL999B
86282799,814330007,,,MXCL999B
86282800,814330007,,,MXCL999B
86421729,814330007,,,MXCL999B
86421730,814330007,,,MXCL999B
86555781,814330007,,,MXCL999B
86555782,814330007,,,MXCL999B
86555785,814330007,,,MXCL999B
86555786,814330007,,,MXCL999B
86555789,814330007,,,MXCL999B
86555790,814330007,,,MXCL999B
85086618,814330007,,,MXCL999B
85086619,814330007,,,MXCL999B
85086620,814330007,,,MXCL999B
85086621,814330007,,,MXCL999B
85086622,814330007,,,MXCL999B
85086623,814330007,,,MXCL999B
85086624,814330007,,,MXCL999B
85086625,814330007,,,MXCL999B
42902781,814330007,,,MXCL999B
42902783,814330007,,,MXCL999B
42902784,814330007,,,MXCL999B
42902785,814330007,,,MXCL999B
42902786,814330007,,,MXCL999B
84962647,814330007,,,MXCL999B
85143789,814330007,,,MXCL999B
85143790,814330007,,,MXCL999B
85143791,814330007,,,MXCL999B
85143792,814330007,,,MXCL999B
85143793,814330007,,,MXCL999B
85143794,814330007,,,MXCL999B
85525547,814330007,,,MXCL999B
13554000,814330007,,,MXCL999B
13554001,814330007,,,MXCL999B
13554002,814330007,,,MXCL999B
13554003,814330007,,,MXCL999B
85086630,814330007,,,MXCL999B
85086631,814330007,,,MXCL999B
85086632,814330007,,,MXCL999B
85086633,814330007,,,MXCL999B
85086634,814330007,,,MXCL999B
85086635,814330007,,,MXCL999B
85086636,814330007,,,MXCL999B
85086637,814330007,,,MXCL999B
85104233,814330007,,,MXCL999B
85104234,814330007,,,MXCL999B
85104235,814330007,,,MXCL999B
85104236,814330007,,,MXCL999B
85104237,814330007,,,MXCL999B
85104238,814330007,,,MXCL999B
86440105,814330007,,,MXCL999B
86440106,814330007,,,MXCL999B
42907574,814526588,,,MXCL999B
42907576,814526588,,,MXCL999B
42907568,814526588,,,MXCL999B
42950125,814526588,,,MXCL999B
42950127,814526588,,,MXCL999B
42975133,814526588,,,MXCL999B
42935852,814526588,,,MXCL999B
42935854,814526588,,,MXCL999B
42935856,814526588,,,MXCL999B
42935858,814526588,,,MXCL999B
42935877,814526588,,,MXCL999B
42935878,814526588,,,MXCL999B
13550912,814592697,,,MXCL999B
13550912,814592697,,,MXCL999B
13550912,814592697,,,MXCL999B
13550912,814592697,,,MXCL999B
13550912,814592697,,,MXCL999B
13572978,814592697,,,MXCL999B
12746414,814624318,,,MXCL999B
12746413,814624318,,,MXCL999B
12815642,814624318,,,MXCL999B
12815732,814624318,,,MXCL999B
12815726,814624318,,,MXCL999B
12731418,814624318,,,MXCL999B
55515676,814624318,,,MXCL999B
85736217,815105697,,,MXCL999B
85736214,815105697,,,MXCL999B
85736215,815105697,,,MXCL999B
85736216,815105697,,,MXCL999B
86326723,815105697,,,MXCL999B
26553185,815105697,,,MXCL999B
85774249,815345392,,,MXCL999B
85632357,815345392,,,MXCL999B
85632359,815345392,,,MXCL999B
12728454,816212195,,,MXCL999B
55486915,816212195,,,MXCL999B
12738946,816212195,,,MXCL999B
84861476,816473789,,,MXCL999B
84861477,816473789,,,MXCL999B
85866735,816508899,,,MXCL999B
85866736,816508899,,,MXCL999B
86307420,816508899,,,MXCL999B
86307421,816508899,,,MXCL999B
86347490,816508899,,,MXCL999B
86347491,816508899,,,MXCL999B
84639023,816518617,,,MXCL999B
84639024,816518617,,,MXCL999B
85096038,816657977,,,MXCL999B
85086984,816657977,,,MXCL999B
85086985,816657977,,,MXCL999B
24044363,816657977,,,MXCL999B
85086980,816657977,,,MXCL999B
85086981,816657977,,,MXCL999B
85086982,816657977,,,MXCL999B
85086986,816657977,,,MXCL999B
85086988,816657977,,,MXCL999B
85086991,816657977,,,MXCL999B
87824374,816657977,,,MXCL999B
12737556,821532314,,,MXCL999B
12737557,821532314,,,MXCL999B
12739177,821532314,,,MXCL999B
12741887,821532314,,,MXCL999B
12741888,821532314,,,MXCL999B
13293445,823980685,,,MXCL999B
11570646,823980685,,,MXCL999B
13293445,823980685,,,MXCL999B
11603927,823980685,,,MXCL999B
11604040,823980685,,,MXCL999B
84976948,951589520,,,MXCL999B
84976949,951589520,,,MXCL999B
84976951,951589520,,,MXCL999B
85041252,951589520,,,MXCL999B
85115869,951589520,,,MXCL999B
85115870,951589520,,,MXCL999B
85115871,951589520,,,MXCL999B
85115872,951589520,,,MXCL999B
85115877,951589520,,,MXCL999B
85115878,951589520,,,MXCL999B
86308121,951628749,,,MXCL999B
86415311,951628749,,,MXCL999B
86415311,951628749,,,MXCL999B
86477810,951628749,,,MXCL999B
85824491,951628749,,,MXCL999B
86454795,951628749,,,MXCL999B
86483672,951628749,,,MXCL999B
86280097,951628749,,,MXCL999B
84994863,951711799,,,MXCL999B
84994864,951711799,,,MXCL999B
84994865,951711799,,,MXCL999B
84994866,951711799,,,MXCL999B
13547410,951766472,,,MXCL999B
13547411,951766472,,,MXCL999B
42905409,951766472,,,MXCL999B
85817572,951769944,,,MXCL999B
85817574,951769944,,,MXCL999B
85817579,951769944,,,MXCL999B
86423976,951769944,,,MXCL999B
86423977,951769944,,,MXCL999B
86392149,951769944,,,MXCL999B
85817579,951769944,,,MXCL999B
86392150,951769944,,,MXCL999B
85842329,951769944,,,MXCL999B
85838449,951591860,,,MXCL999B
15035747,812536662,,,MXML920Y
15077362,812536662,,,MXML920Y
15077362,812536662,,,MXML920Y
20987829,812536662,,,MXML920Y
15035747,812536662,,,MXML920Y
15077362,812536662,,,MXML920Y
15077362,812536662,,,MXML920Y
20987829,812536662,,,MXML920Y
15077362,812536662,,,MXML920Y
20987829,812536662,,,MXML920Y
84013962,812536662,,,MXML920Y
